Voll,Demand_Segment,Cost_of_Demand_Curtailment_per_MW,Max_Demand_Curtailment,$/MWh,Rep_Periods,Timesteps_per_Rep_Period,Sub_Weights,corresponding_week,r_id,month,day,hour,date,demand_village1,demand_village2,demand_village3,demand_village4,demand_village5,demand_village6,demand_village7,demand_village8,demand_village9,demand_village10,demand_village11,demand_village12,demand_village13,demand_village14,demand_village15,demand_village16,demand_village17,demand_village18,demand_village19,demand_village20,demand_village21
2000,1,1.0,1.0,2000,8,168,2022,24,1,6,11,1,,42,3,4,28,0,2,2,1,2,2,3,37,2,0,2,10,2,14,4,0,5
,2,0.9,0.04,1800,,,505,3,2,6,11,2,,42,3,4,28,0,2,2,1,2,2,3,37,2,0,2,10,2,14,4,0,5
,3,0.55,0.024,1100,,,168,4,3,6,11,3,,42,3,4,28,0,2,2,1,2,2,3,37,2,0,2,10,2,14,4,0,5
,4,0.2,0.003,400,,,2527,45,4,6,11,4,,42,3,4,28,0,2,2,1,2,2,3,37,2,0,2,10,2,14,4,0,5
,,,,,,,1516,8,5,6,11,5,,60,3,5,28,0,3,3,2,2,2,3,37,2,0,2,10,2,14,4,0,5
,,,,,,,842,46,6,6,11,6,,60,3,5,28,0,3,3,2,2,2,3,37,2,0,2,10,2,14,4,0,5
,,,,,,,337,39,7,6,11,7,,60,3,5,28,0,3,3,2,2,3,3,37,2,0,2,10,2,14,4,0,5
,,,,,,,843,5,8,6,11,8,,60,3,5,28,0,3,3,2,2,3,3,37,2,0,2,10,2,14,4,0,5
,,,,,,,,,9,6,11,9,,60,3,5,28,0,3,3,2,2,3,3,37,2,0,3,10,4,14,6,0,5
,,,,,,,,,10,6,11,10,,60,3,5,28,0,3,3,2,2,3,3,37,2,0,3,10,4,14,6,0,5
,,,,,,,,,11,6,11,11,,60,3,5,28,0,3,3,2,2,3,3,37,2,0,3,10,4,14,6,0,5
,,,,,,,,,12,6,11,12,,60,3,5,28,0,3,3,2,2,3,3,37,2,0,3,10,4,14,6,0,5
,,,,,,,,,13,6,11,13,,60,3,5,28,0,3,3,2,2,3,3,37,2,0,3,10,4,14,6,0,5
,,,,,,,,,14,6,11,14,,60,3,5,28,0,3,3,2,2,3,3,37,2,0,3,10,4,14,6,0,5
,,,,,,,,,15,6,11,15,,60,3,5,28,0,3,3,2,2,3,3,37,2,0,3,10,4,14,6,0,5
,,,,,,,,,16,6,11,16,,60,3,5,28,0,3,3,2,2,3,3,37,2,0,3,10,4,14,6,0,5
,,,,,,,,,17,6,11,17,,60,3,5,28,0,3,3,2,2,3,3,37,2,0,3,10,4,14,6,0,5
,,,,,,,,,18,6,11,18,,60,3,5,28,0,3,3,2,2,3,3,37,2,0,3,10,4,14,6,0,5
,,,,,,,,,19,6,11,19,,60,3,5,28,0,3,3,2,2,2,3,37,2,0,2,10,3,14,4,0,5
,,,,,,,,,20,6,11,20,,60,3,5,28,0,3,3,2,2,2,3,37,2,0,2,10,3,14,4,0,5
,,,,,,,,,21,6,11,21,,48,3,4,28,0,2,2,2,2,2,3,37,2,0,2,10,3,14,4,0,5
,,,,,,,,,22,6,11,22,,48,3,4,28,0,2,2,2,2,2,3,37,2,0,2,10,3,14,4,0,5
,,,,,,,,,23,6,11,23,,48,3,4,28,0,2,2,2,2,2,3,37,2,0,2,10,3,14,4,0,5
,,,,,,,,,24,6,11,24,,48,3,4,28,0,2,2,2,2,2,3,37,2,0,2,10,3,14,4,0,5
,,,,,,,,,25,6,12,1,,42,3,4,28,0,2,2,1,2,2,3,37,2,0,2,10,2,14,4,0,5
,,,,,,,,,26,6,12,2,,42,3,4,28,0,2,2,1,2,2,3,37,2,0,2,10,2,14,4,0,5
,,,,,,,,,27,6,12,3,,42,3,4,28,0,2,2,1,2,2,3,37,2,0,2,10,2,14,4,0,5
,,,,,,,,,28,6,12,4,,42,3,4,28,0,2,2,1,2,2,3,37,2,0,2,10,2,14,4,0,5
,,,,,,,,,29,6,12,5,,60,3,5,28,0,3,3,2,2,2,3,37,2,0,2,10,2,14,4,0,5
,,,,,,,,,30,6,12,6,,60,3,5,28,0,3,3,2,2,2,3,37,2,0,2,10,2,14,4,0,5
,,,,,,,,,31,6,12,7,,60,3,5,28,0,3,3,2,2,3,3,37,2,0,2,10,2,14,4,0,5
,,,,,,,,,32,6,12,8,,60,3,5,28,0,3,3,2,2,3,3,37,2,0,2,10,2,14,4,0,5
,,,,,,,,,33,6,12,9,,60,3,5,28,0,3,3,2,2,3,3,37,2,0,3,10,4,14,6,0,5
,,,,,,,,,34,6,12,10,,60,3,5,28,0,3,3,2,2,3,3,37,2,0,3,10,4,14,6,0,5
,,,,,,,,,35,6,12,11,,60,3,5,28,0,3,3,2,2,3,3,37,2,0,3,10,4,14,6,0,5
,,,,,,,,,36,6,12,12,,60,3,5,28,0,3,3,2,2,3,3,37,2,0,3,10,4,14,6,0,5
,,,,,,,,,37,6,12,13,,60,3,5,28,0,3,3,2,2,3,3,37,2,0,3,10,4,14,6,0,5
,,,,,,,,,38,6,12,14,,60,3,5,28,0,3,3,2,2,3,3,37,2,0,3,10,4,14,6,0,5
,,,,,,,,,39,6,12,15,,60,3,5,28,0,3,3,2,2,3,3,37,2,0,3,10,4,14,6,0,5
,,,,,,,,,40,6,12,16,,60,3,5,28,0,3,3,2,2,3,3,37,2,0,3,10,4,14,6,0,5
,,,,,,,,,41,6,12,17,,60,3,5,28,0,3,3,2,2,3,3,37,2,0,3,10,4,14,6,0,5
,,,,,,,,,42,6,12,18,,60,3,5,28,0,3,3,2,2,3,3,37,2,0,3,10,4,14,6,0,5
,,,,,,,,,43,6,12,19,,60,3,5,28,0,3,3,2,2,2,3,37,2,0,2,10,3,14,4,0,5
,,,,,,,,,44,6,12,20,,60,3,5,28,0,3,3,2,2,2,3,37,2,0,2,10,3,14,4,0,5
,,,,,,,,,45,6,12,21,,48,3,4,28,0,2,2,2,2,2,3,37,2,0,2,10,3,14,4,0,5
,,,,,,,,,46,6,12,22,,48,3,4,28,0,2,2,2,2,2,3,37,2,0,2,10,3,14,4,0,5
,,,,,,,,,47,6,12,23,,48,3,4,28,0,2,2,2,2,2,3,37,2,0,2,10,3,14,4,0,5
,,,,,,,,,48,6,12,24,,48,3,4,28,0,2,2,2,2,2,3,37,2,0,2,10,3,14,4,0,5
,,,,,,,,,49,6,13,1,,42,3,4,28,0,2,2,1,2,2,3,37,2,0,2,10,2,14,4,0,5
,,,,,,,,,50,6,13,2,,42,3,4,28,0,2,2,1,2,2,3,37,2,0,2,10,2,14,4,0,5
,,,,,,,,,51,6,13,3,,42,3,4,28,0,2,2,1,2,2,3,37,2,0,2,10,2,14,4,0,5
,,,,,,,,,52,6,13,4,,42,3,4,28,0,2,2,1,2,2,3,37,2,0,2,10,2,14,4,0,5
,,,,,,,,,53,6,13,5,,60,3,5,28,0,3,3,2,2,2,3,37,2,0,2,10,2,14,4,0,5
,,,,,,,,,54,6,13,6,,60,3,5,28,0,3,3,2,2,2,3,37,2,0,2,10,2,14,4,0,5
,,,,,,,,,55,6,13,7,,60,3,5,28,0,3,3,2,2,3,3,37,2,0,2,10,2,14,4,0,5
,,,,,,,,,56,6,13,8,,60,3,5,28,0,3,3,2,2,3,3,37,2,0,2,10,2,14,4,0,5
,,,,,,,,,57,6,13,9,,60,3,5,28,0,3,3,2,2,3,3,37,2,0,3,10,4,14,6,0,5
,,,,,,,,,58,6,13,10,,60,3,5,28,0,3,3,2,2,3,3,37,2,0,3,10,4,14,6,0,5
,,,,,,,,,59,6,13,11,,60,3,5,28,0,3,3,2,2,3,3,37,2,0,3,10,4,14,6,0,5
,,,,,,,,,60,6,13,12,,60,3,5,28,0,3,3,2,2,3,3,37,2,0,3,10,4,14,6,0,5
,,,,,,,,,61,6,13,13,,60,3,5,28,0,3,3,2,2,3,3,37,2,0,3,10,4,14,6,0,5
,,,,,,,,,62,6,13,14,,60,3,5,28,0,3,3,2,2,3,3,37,2,0,3,10,4,14,6,0,5
,,,,,,,,,63,6,13,15,,60,3,5,28,0,3,3,2,2,3,3,37,2,0,3,10,4,14,6,0,5
,,,,,,,,,64,6,13,16,,60,3,5,28,0,3,3,2,2,3,3,37,2,0,3,10,4,14,6,0,5
,,,,,,,,,65,6,13,17,,60,3,5,28,0,3,3,2,2,3,3,37,2,0,3,10,4,14,6,0,5
,,,,,,,,,66,6,13,18,,60,3,5,28,0,3,3,2,2,3,3,37,2,0,3,10,4,14,6,0,5
,,,,,,,,,67,6,13,19,,60,3,5,28,0,3,3,2,2,2,3,37,2,0,2,10,3,14,4,0,5
,,,,,,,,,68,6,13,20,,60,3,5,28,0,3,3,2,2,2,3,37,2,0,2,10,3,14,4,0,5
,,,,,,,,,69,6,13,21,,48,3,4,28,0,2,2,2,2,2,3,37,2,0,2,10,3,14,4,0,5
,,,,,,,,,70,6,13,22,,48,3,4,28,0,2,2,2,2,2,3,37,2,0,2,10,3,14,4,0,5
,,,,,,,,,71,6,13,23,,48,3,4,28,0,2,2,2,2,2,3,37,2,0,2,10,3,14,4,0,5
,,,,,,,,,72,6,13,24,,48,3,4,28,0,2,2,2,2,2,3,37,2,0,2,10,3,14,4,0,5
,,,,,,,,,73,6,14,1,,42,3,4,28,0,2,2,1,2,2,3,37,2,0,2,10,2,14,4,0,5
,,,,,,,,,74,6,14,2,,42,3,4,28,0,2,2,1,2,2,3,37,2,0,2,10,2,14,4,0,5
,,,,,,,,,75,6,14,3,,42,3,4,28,0,2,2,1,2,2,3,37,2,0,2,10,2,14,4,0,5
,,,,,,,,,76,6,14,4,,42,3,4,28,0,2,2,1,2,2,3,37,2,0,2,10,2,14,4,0,5
,,,,,,,,,77,6,14,5,,60,3,5,28,0,3,3,2,2,2,3,37,2,0,2,10,2,14,4,0,5
,,,,,,,,,78,6,14,6,,60,3,5,28,0,3,3,2,2,2,3,37,2,0,2,10,2,14,4,0,5
,,,,,,,,,79,6,14,7,,60,3,5,28,0,3,3,2,2,3,3,37,2,0,2,10,2,14,4,0,5
,,,,,,,,,80,6,14,8,,60,3,5,28,0,3,3,2,2,3,3,37,2,0,2,10,2,14,4,0,5
,,,,,,,,,81,6,14,9,,60,3,5,28,0,3,3,2,2,3,3,37,2,0,3,10,4,14,6,0,5
,,,,,,,,,82,6,14,10,,60,3,5,28,0,3,3,2,2,3,3,37,2,0,3,10,4,14,6,0,5
,,,,,,,,,83,6,14,11,,60,3,5,28,0,3,3,2,2,3,3,37,2,0,3,10,4,14,6,0,5
,,,,,,,,,84,6,14,12,,60,3,5,28,0,3,3,2,2,3,3,37,2,0,3,10,4,14,6,0,5
,,,,,,,,,85,6,14,13,,60,3,5,28,0,3,3,2,2,3,3,37,2,0,3,10,4,14,6,0,5
,,,,,,,,,86,6,14,14,,60,3,5,28,0,3,3,2,2,3,3,37,2,0,3,10,4,14,6,0,5
,,,,,,,,,87,6,14,15,,60,3,5,28,0,3,3,2,2,3,3,37,2,0,3,10,4,14,6,0,5
,,,,,,,,,88,6,14,16,,60,3,5,28,0,3,3,2,2,3,3,37,2,0,3,10,4,14,6,0,5
,,,,,,,,,89,6,14,17,,60,3,5,28,0,3,3,2,2,3,3,37,2,0,3,10,4,14,6,0,5
,,,,,,,,,90,6,14,18,,60,3,5,28,0,3,3,2,2,3,3,37,2,0,3,10,4,14,6,0,5
,,,,,,,,,91,6,14,19,,60,3,5,28,0,3,3,2,2,2,3,37,2,0,2,10,3,14,4,0,5
,,,,,,,,,92,6,14,20,,60,3,5,28,0,3,3,2,2,2,3,37,2,0,2,10,3,14,4,0,5
,,,,,,,,,93,6,14,21,,48,3,4,28,0,2,2,2,2,2,3,37,2,0,2,10,3,14,4,0,5
,,,,,,,,,94,6,14,22,,48,3,4,28,0,2,2,2,2,2,3,37,2,0,2,10,3,14,4,0,5
,,,,,,,,,95,6,14,23,,48,3,4,28,0,2,2,2,2,2,3,37,2,0,2,10,3,14,4,0,5
,,,,,,,,,96,6,14,24,,48,3,4,28,0,2,2,2,2,2,3,37,2,0,2,10,3,14,4,0,5
,,,,,,,,,97,6,15,1,,42,3,4,28,0,2,2,1,2,2,3,37,2,0,2,10,2,14,4,0,5
,,,,,,,,,98,6,15,2,,42,3,4,28,0,2,2,1,2,2,3,37,2,0,2,10,2,14,4,0,5
,,,,,,,,,99,6,15,3,,42,3,4,28,0,2,2,1,2,2,3,37,2,0,2,10,2,14,4,0,5
,,,,,,,,,100,6,15,4,,42,3,4,28,0,2,2,1,2,2,3,37,2,0,2,10,2,14,4,0,5
,,,,,,,,,101,6,15,5,,60,3,5,28,0,3,3,2,2,2,3,37,2,0,2,10,2,14,4,0,5
,,,,,,,,,102,6,15,6,,60,3,5,28,0,3,3,2,2,2,3,37,2,0,2,10,2,14,4,0,5
,,,,,,,,,103,6,15,7,,60,3,5,28,0,3,3,2,2,3,3,37,2,0,2,10,2,14,4,0,5
,,,,,,,,,104,6,15,8,,60,3,5,28,0,3,3,2,2,3,3,37,2,0,2,10,2,14,4,0,5
,,,,,,,,,105,6,15,9,,60,3,5,28,0,3,3,2,2,3,3,37,2,0,3,10,4,14,6,0,5
,,,,,,,,,106,6,15,10,,60,3,5,28,0,3,3,2,2,3,3,37,2,0,3,10,4,14,6,0,5
,,,,,,,,,107,6,15,11,,60,3,5,28,0,3,3,2,2,3,3,37,2,0,3,10,4,14,6,0,5
,,,,,,,,,108,6,15,12,,60,3,5,28,0,3,3,2,2,3,3,37,2,0,3,10,4,14,6,0,5
,,,,,,,,,109,6,15,13,,60,3,5,28,0,3,3,2,2,3,3,37,2,0,3,10,4,14,6,0,5
,,,,,,,,,110,6,15,14,,60,3,5,28,0,3,3,2,2,3,3,37,2,0,3,10,4,14,6,0,5
,,,,,,,,,111,6,15,15,,60,3,5,28,0,3,3,2,2,3,3,37,2,0,3,10,4,14,6,0,5
,,,,,,,,,112,6,15,16,,60,3,5,28,0,3,3,2,2,3,3,37,2,0,3,10,4,14,6,0,5
,,,,,,,,,113,6,15,17,,60,3,5,28,0,3,3,2,2,3,3,37,2,0,3,10,4,14,6,0,5
,,,,,,,,,114,6,15,18,,60,3,5,28,0,3,3,2,2,3,3,37,2,0,3,10,4,14,6,0,5
,,,,,,,,,115,6,15,19,,60,3,5,28,0,3,3,2,2,2,3,37,2,0,2,10,3,14,4,0,5
,,,,,,,,,116,6,15,20,,60,3,5,28,0,3,3,2,2,2,3,37,2,0,2,10,3,14,4,0,5
,,,,,,,,,117,6,15,21,,48,3,4,28,0,2,2,2,2,2,3,37,2,0,2,10,3,14,4,0,5
,,,,,,,,,118,6,15,22,,48,3,4,28,0,2,2,2,2,2,3,37,2,0,2,10,3,14,4,0,5
,,,,,,,,,119,6,15,23,,48,3,4,28,0,2,2,2,2,2,3,37,2,0,2,10,3,14,4,0,5
,,,,,,,,,120,6,15,24,,48,3,4,28,0,2,2,2,2,2,3,37,2,0,2,10,3,14,4,0,5
,,,,,,,,,121,6,16,1,,42,3,4,28,0,2,2,1,2,2,3,37,2,0,2,10,2,14,4,0,5
,,,,,,,,,122,6,16,2,,42,3,4,28,0,2,2,1,2,2,3,37,2,0,2,10,2,14,4,0,5
,,,,,,,,,123,6,16,3,,42,3,4,28,0,2,2,1,2,2,3,37,2,0,2,10,2,14,4,0,5
,,,,,,,,,124,6,16,4,,42,3,4,28,0,2,2,1,2,2,3,37,2,0,2,10,2,14,4,0,5
,,,,,,,,,125,6,16,5,,60,3,5,28,0,3,3,2,2,2,3,37,2,0,2,10,2,14,4,0,5
,,,,,,,,,126,6,16,6,,60,3,5,28,0,3,3,2,2,2,3,37,2,0,2,10,2,14,4,0,5
,,,,,,,,,127,6,16,7,,60,3,5,28,0,3,3,2,2,3,3,37,2,0,2,10,2,14,4,0,5
,,,,,,,,,128,6,16,8,,60,3,5,28,0,3,3,2,2,3,3,37,2,0,2,10,2,14,4,0,5
,,,,,,,,,129,6,16,9,,60,3,5,28,0,3,3,2,2,3,3,37,2,0,3,10,4,14,6,0,5
,,,,,,,,,130,6,16,10,,60,3,5,28,0,3,3,2,2,3,3,37,2,0,3,10,4,14,6,0,5
,,,,,,,,,131,6,16,11,,60,3,5,28,0,3,3,2,2,3,3,37,2,0,3,10,4,14,6,0,5
,,,,,,,,,132,6,16,12,,60,3,5,28,0,3,3,2,2,3,3,37,2,0,3,10,4,14,6,0,5
,,,,,,,,,133,6,16,13,,60,3,5,28,0,3,3,2,2,3,3,37,2,0,3,10,4,14,6,0,5
,,,,,,,,,134,6,16,14,,60,3,5,28,0,3,3,2,2,3,3,37,2,0,3,10,4,14,6,0,5
,,,,,,,,,135,6,16,15,,60,3,5,28,0,3,3,2,2,3,3,37,2,0,3,10,4,14,6,0,5
,,,,,,,,,136,6,16,16,,60,3,5,28,0,3,3,2,2,3,3,37,2,0,3,10,4,14,6,0,5
,,,,,,,,,137,6,16,17,,60,3,5,28,0,3,3,2,2,3,3,37,2,0,3,10,4,14,6,0,5
,,,,,,,,,138,6,16,18,,60,3,5,28,0,3,3,2,2,3,3,37,2,0,3,10,4,14,6,0,5
,,,,,,,,,139,6,16,19,,60,3,5,28,0,3,3,2,2,2,3,37,2,0,2,10,3,14,4,0,5
,,,,,,,,,140,6,16,20,,60,3,5,28,0,3,3,2,2,2,3,37,2,0,2,10,3,14,4,0,5
,,,,,,,,,141,6,16,21,,48,3,4,28,0,2,2,2,2,2,3,37,2,0,2,10,3,14,4,0,5
,,,,,,,,,142,6,16,22,,48,3,4,28,0,2,2,2,2,2,3,37,2,0,2,10,3,14,4,0,5
,,,,,,,,,143,6,16,23,,48,3,4,28,0,2,2,2,2,2,3,37,2,0,2,10,3,14,4,0,5
,,,,,,,,,144,6,16,24,,48,3,4,28,0,2,2,2,2,2,3,37,2,0,2,10,3,14,4,0,5
,,,,,,,,,145,6,17,1,,42,3,4,28,0,2,2,1,2,2,3,37,2,0,2,10,2,14,4,0,5
,,,,,,,,,146,6,17,2,,42,3,4,28,0,2,2,1,2,2,3,37,2,0,2,10,2,14,4,0,5
,,,,,,,,,147,6,17,3,,42,3,4,28,0,2,2,1,2,2,3,37,2,0,2,10,2,14,4,0,5
,,,,,,,,,148,6,17,4,,42,3,4,28,0,2,2,1,2,2,3,37,2,0,2,10,2,14,4,0,5
,,,,,,,,,149,6,17,5,,60,3,5,28,0,3,3,2,2,2,3,37,2,0,2,10,2,14,4,0,5
,,,,,,,,,150,6,17,6,,60,3,5,28,0,3,3,2,2,2,3,37,2,0,2,10,2,14,4,0,5
,,,,,,,,,151,6,17,7,,60,3,5,28,0,3,3,2,2,3,3,37,2,0,2,10,2,14,4,0,5
,,,,,,,,,152,6,17,8,,60,3,5,28,0,3,3,2,2,3,3,37,2,0,2,10,2,14,4,0,5
,,,,,,,,,153,6,17,9,,60,3,5,28,0,3,3,2,2,3,3,37,2,0,3,10,4,14,6,0,5
,,,,,,,,,154,6,17,10,,60,3,5,28,0,3,3,2,2,3,3,37,2,0,3,10,4,14,6,0,5
,,,,,,,,,155,6,17,11,,60,3,5,28,0,3,3,2,2,3,3,37,2,0,3,10,4,14,6,0,5
,,,,,,,,,156,6,17,12,,60,3,5,28,0,3,3,2,2,3,3,37,2,0,3,10,4,14,6,0,5
,,,,,,,,,157,6,17,13,,60,3,5,28,0,3,3,2,2,3,3,37,2,0,3,10,4,14,6,0,5
,,,,,,,,,158,6,17,14,,60,3,5,28,0,3,3,2,2,3,3,37,2,0,3,10,4,14,6,0,5
,,,,,,,,,159,6,17,15,,60,3,5,28,0,3,3,2,2,3,3,37,2,0,3,10,4,14,6,0,5
,,,,,,,,,160,6,17,16,,60,3,5,28,0,3,3,2,2,3,3,37,2,0,3,10,4,14,6,0,5
,,,,,,,,,161,6,17,17,,60,3,5,28,0,3,3,2,2,3,3,37,2,0,3,10,4,14,6,0,5
,,,,,,,,,162,6,17,18,,60,3,5,28,0,3,3,2,2,3,3,37,2,0,3,10,4,14,6,0,5
,,,,,,,,,163,6,17,19,,60,3,5,28,0,3,3,2,2,2,3,37,2,0,2,10,3,14,4,0,5
,,,,,,,,,164,6,17,20,,60,3,5,28,0,3,3,2,2,2,3,37,2,0,2,10,3,14,4,0,5
,,,,,,,,,165,6,17,21,,48,3,4,28,0,2,2,2,2,2,3,37,2,0,2,10,3,14,4,0,5
,,,,,,,,,166,6,17,22,,48,3,4,28,0,2,2,2,2,2,3,37,2,0,2,10,3,14,4,0,5
,,,,,,,,,167,6,17,23,,48,3,4,28,0,2,2,2,2,2,3,37,2,0,2,10,3,14,4,0,5
,,,,,,,,,168,6,17,24,,48,3,4,28,0,2,2,2,2,2,3,37,2,0,2,10,3,14,4,0,5
,,,,,,,,,169,1,15,1,,42,3,4,28,0,2,2,1,2,2,3,37,2,0,2,10,2,14,4,0,5
,,,,,,,,,170,1,15,2,,42,3,4,28,0,2,2,1,2,2,3,37,2,0,2,10,2,14,4,0,5
,,,,,,,,,171,1,15,3,,42,3,4,28,0,2,2,1,2,2,3,37,2,0,2,10,2,14,4,0,5
,,,,,,,,,172,1,15,4,,42,3,4,28,0,2,2,1,2,2,3,37,2,0,2,10,2,14,4,0,5
,,,,,,,,,173,1,15,5,,60,3,5,28,0,3,3,2,2,2,3,37,2,0,2,10,2,14,4,0,5
,,,,,,,,,174,1,15,6,,60,3,5,28,0,3,3,2,2,2,3,37,2,0,2,10,2,14,4,0,5
,,,,,,,,,175,1,15,7,,60,3,5,28,0,3,3,2,2,3,3,37,2,0,2,10,2,14,4,0,5
,,,,,,,,,176,1,15,8,,60,3,5,28,0,3,3,2,2,3,3,37,2,0,2,10,2,14,4,0,5
,,,,,,,,,177,1,15,9,,60,3,5,28,0,3,3,2,2,3,3,37,2,0,3,10,4,14,6,0,5
,,,,,,,,,178,1,15,10,,60,3,5,28,0,3,3,2,2,3,3,37,2,0,3,10,4,14,6,0,5
,,,,,,,,,179,1,15,11,,60,3,5,28,0,3,3,2,2,3,3,37,2,0,3,10,4,14,6,0,5
,,,,,,,,,180,1,15,12,,60,3,5,28,0,3,3,2,2,3,3,37,2,0,3,10,4,14,6,0,5
,,,,,,,,,181,1,15,13,,60,3,5,28,0,3,3,2,2,3,3,37,2,0,3,10,4,14,6,0,5
,,,,,,,,,182,1,15,14,,60,3,5,28,0,3,3,2,2,3,3,37,2,0,3,10,4,14,6,0,5
,,,,,,,,,183,1,15,15,,60,3,5,28,0,3,3,2,2,3,3,37,2,0,3,10,4,14,6,0,5
,,,,,,,,,184,1,15,16,,60,3,5,28,0,3,3,2,2,3,3,37,2,0,3,10,4,14,6,0,5
,,,,,,,,,185,1,15,17,,60,3,5,28,0,3,3,2,2,3,3,37,2,0,3,10,4,14,6,0,5
,,,,,,,,,186,1,15,18,,60,3,5,28,0,3,3,2,2,3,3,37,2,0,3,10,4,14,6,0,5
,,,,,,,,,187,1,15,19,,60,3,5,28,0,3,3,2,2,2,3,37,2,0,2,10,3,14,4,0,5
,,,,,,,,,188,1,15,20,,60,3,5,28,0,3,3,2,2,2,3,37,2,0,2,10,3,14,4,0,5
,,,,,,,,,189,1,15,21,,48,3,4,28,0,2,2,2,2,2,3,37,2,0,2,10,3,14,4,0,5
,,,,,,,,,190,1,15,22,,48,3,4,28,0,2,2,2,2,2,3,37,2,0,2,10,3,14,4,0,5
,,,,,,,,,191,1,15,23,,48,3,4,28,0,2,2,2,2,2,3,37,2,0,2,10,3,14,4,0,5
,,,,,,,,,192,1,15,24,,48,3,4,28,0,2,2,2,2,2,3,37,2,0,2,10,3,14,4,0,5
,,,,,,,,,193,1,16,1,,42,3,4,28,0,2,2,1,2,2,3,37,2,0,2,10,2,14,4,0,5
,,,,,,,,,194,1,16,2,,42,3,4,28,0,2,2,1,2,2,3,37,2,0,2,10,2,14,4,0,5
,,,,,,,,,195,1,16,3,,42,3,4,28,0,2,2,1,2,2,3,37,2,0,2,10,2,14,4,0,5
,,,,,,,,,196,1,16,4,,42,3,4,28,0,2,2,1,2,2,3,37,2,0,2,10,2,14,4,0,5
,,,,,,,,,197,1,16,5,,60,3,5,28,0,3,3,2,2,2,3,37,2,0,2,10,2,14,4,0,5
,,,,,,,,,198,1,16,6,,60,3,5,28,0,3,3,2,2,2,3,37,2,0,2,10,2,14,4,0,5
,,,,,,,,,199,1,16,7,,60,3,5,28,0,3,3,2,2,3,3,37,2,0,2,10,2,14,4,0,5
,,,,,,,,,200,1,16,8,,60,3,5,28,0,3,3,2,2,3,3,37,2,0,2,10,2,14,4,0,5
,,,,,,,,,201,1,16,9,,60,3,5,28,0,3,3,2,2,3,3,37,2,0,3,10,4,14,6,0,5
,,,,,,,,,202,1,16,10,,60,3,5,28,0,3,3,2,2,3,3,37,2,0,3,10,4,14,6,0,5
,,,,,,,,,203,1,16,11,,60,3,5,28,0,3,3,2,2,3,3,37,2,0,3,10,4,14,6,0,5
,,,,,,,,,204,1,16,12,,60,3,5,28,0,3,3,2,2,3,3,37,2,0,3,10,4,14,6,0,5
,,,,,,,,,205,1,16,13,,60,3,5,28,0,3,3,2,2,3,3,37,2,0,3,10,4,14,6,0,5
,,,,,,,,,206,1,16,14,,60,3,5,28,0,3,3,2,2,3,3,37,2,0,3,10,4,14,6,0,5
,,,,,,,,,207,1,16,15,,60,3,5,28,0,3,3,2,2,3,3,37,2,0,3,10,4,14,6,0,5
,,,,,,,,,208,1,16,16,,60,3,5,28,0,3,3,2,2,3,3,37,2,0,3,10,4,14,6,0,5
,,,,,,,,,209,1,16,17,,60,3,5,28,0,3,3,2,2,3,3,37,2,0,3,10,4,14,6,0,5
,,,,,,,,,210,1,16,18,,60,3,5,28,0,3,3,2,2,3,3,37,2,0,3,10,4,14,6,0,5
,,,,,,,,,211,1,16,19,,60,3,5,28,0,3,3,2,2,2,3,37,2,0,2,10,3,14,4,0,5
,,,,,,,,,212,1,16,20,,60,3,5,28,0,3,3,2,2,2,3,37,2,0,2,10,3,14,4,0,5
,,,,,,,,,213,1,16,21,,48,3,4,28,0,2,2,2,2,2,3,37,2,0,2,10,3,14,4,0,5
,,,,,,,,,214,1,16,22,,48,3,4,28,0,2,2,2,2,2,3,37,2,0,2,10,3,14,4,0,5
,,,,,,,,,215,1,16,23,,48,3,4,28,0,2,2,2,2,2,3,37,2,0,2,10,3,14,4,0,5
,,,,,,,,,216,1,16,24,,48,3,4,28,0,2,2,2,2,2,3,37,2,0,2,10,3,14,4,0,5
,,,,,,,,,217,1,17,1,,42,3,4,28,0,2,2,1,2,2,3,37,2,0,2,10,2,14,4,0,5
,,,,,,,,,218,1,17,2,,42,3,4,28,0,2,2,1,2,2,3,37,2,0,2,10,2,14,4,0,5
,,,,,,,,,219,1,17,3,,42,3,4,28,0,2,2,1,2,2,3,37,2,0,2,10,2,14,4,0,5
,,,,,,,,,220,1,17,4,,42,3,4,28,0,2,2,1,2,2,3,37,2,0,2,10,2,14,4,0,5
,,,,,,,,,221,1,17,5,,60,3,5,28,0,3,3,2,2,2,3,37,2,0,2,10,2,14,4,0,5
,,,,,,,,,222,1,17,6,,60,3,5,28,0,3,3,2,2,2,3,37,2,0,2,10,2,14,4,0,5
,,,,,,,,,223,1,17,7,,60,3,5,28,0,3,3,2,2,3,3,37,2,0,2,10,2,14,4,0,5
,,,,,,,,,224,1,17,8,,60,3,5,28,0,3,3,2,2,3,3,37,2,0,2,10,2,14,4,0,5
,,,,,,,,,225,1,17,9,,60,3,5,28,0,3,3,2,2,3,3,37,2,0,3,10,4,14,6,0,5
,,,,,,,,,226,1,17,10,,60,3,5,28,0,3,3,2,2,3,3,37,2,0,3,10,4,14,6,0,5
,,,,,,,,,227,1,17,11,,60,3,5,28,0,3,3,2,2,3,3,37,2,0,3,10,4,14,6,0,5
,,,,,,,,,228,1,17,12,,60,3,5,28,0,3,3,2,2,3,3,37,2,0,3,10,4,14,6,0,5
,,,,,,,,,229,1,17,13,,60,3,5,28,0,3,3,2,2,3,3,37,2,0,3,10,4,14,6,0,5
,,,,,,,,,230,1,17,14,,60,3,5,28,0,3,3,2,2,3,3,37,2,0,3,10,4,14,6,0,5
,,,,,,,,,231,1,17,15,,60,3,5,28,0,3,3,2,2,3,3,37,2,0,3,10,4,14,6,0,5
,,,,,,,,,232,1,17,16,,60,3,5,28,0,3,3,2,2,3,3,37,2,0,3,10,4,14,6,0,5
,,,,,,,,,233,1,17,17,,60,3,5,28,0,3,3,2,2,3,3,37,2,0,3,10,4,14,6,0,5
,,,,,,,,,234,1,17,18,,60,3,5,28,0,3,3,2,2,3,3,37,2,0,3,10,4,14,6,0,5
,,,,,,,,,235,1,17,19,,60,3,5,28,0,3,3,2,2,2,3,37,2,0,2,10,3,14,4,0,5
,,,,,,,,,236,1,17,20,,60,3,5,28,0,3,3,2,2,2,3,37,2,0,2,10,3,14,4,0,5
,,,,,,,,,237,1,17,21,,48,3,4,28,0,2,2,2,2,2,3,37,2,0,2,10,3,14,4,0,5
,,,,,,,,,238,1,17,22,,48,3,4,28,0,2,2,2,2,2,3,37,2,0,2,10,3,14,4,0,5
,,,,,,,,,239,1,17,23,,48,3,4,28,0,2,2,2,2,2,3,37,2,0,2,10,3,14,4,0,5
,,,,,,,,,240,1,17,24,,48,3,4,28,0,2,2,2,2,2,3,37,2,0,2,10,3,14,4,0,5
,,,,,,,,,241,1,18,1,,42,3,4,28,0,2,2,1,2,2,3,37,2,0,2,10,2,14,4,0,5
,,,,,,,,,242,1,18,2,,42,3,4,28,0,2,2,1,2,2,3,37,2,0,2,10,2,14,4,0,5
,,,,,,,,,243,1,18,3,,42,3,4,28,0,2,2,1,2,2,3,37,2,0,2,10,2,14,4,0,5
,,,,,,,,,244,1,18,4,,42,3,4,28,0,2,2,1,2,2,3,37,2,0,2,10,2,14,4,0,5
,,,,,,,,,245,1,18,5,,60,3,5,28,0,3,3,2,2,2,3,37,2,0,2,10,2,14,4,0,5
,,,,,,,,,246,1,18,6,,60,3,5,28,0,3,3,2,2,2,3,37,2,0,2,10,2,14,4,0,5
,,,,,,,,,247,1,18,7,,60,3,5,28,0,3,3,2,2,3,3,37,2,0,2,10,2,14,4,0,5
,,,,,,,,,248,1,18,8,,60,3,5,28,0,3,3,2,2,3,3,37,2,0,2,10,2,14,4,0,5
,,,,,,,,,249,1,18,9,,60,3,5,28,0,3,3,2,2,3,3,37,2,0,3,10,4,14,6,0,5
,,,,,,,,,250,1,18,10,,60,3,5,28,0,3,3,2,2,3,3,37,2,0,3,10,4,14,6,0,5
,,,,,,,,,251,1,18,11,,60,3,5,28,0,3,3,2,2,3,3,37,2,0,3,10,4,14,6,0,5
,,,,,,,,,252,1,18,12,,60,3,5,28,0,3,3,2,2,3,3,37,2,0,3,10,4,14,6,0,5
,,,,,,,,,253,1,18,13,,60,3,5,28,0,3,3,2,2,3,3,37,2,0,3,10,4,14,6,0,5
,,,,,,,,,254,1,18,14,,60,3,5,28,0,3,3,2,2,3,3,37,2,0,3,10,4,14,6,0,5
,,,,,,,,,255,1,18,15,,60,3,5,28,0,3,3,2,2,3,3,37,2,0,3,10,4,14,6,0,5
,,,,,,,,,256,1,18,16,,60,3,5,28,0,3,3,2,2,3,3,37,2,0,3,10,4,14,6,0,5
,,,,,,,,,257,1,18,17,,60,3,5,28,0,3,3,2,2,3,3,37,2,0,3,10,4,14,6,0,5
,,,,,,,,,258,1,18,18,,60,3,5,28,0,3,3,2,2,3,3,37,2,0,3,10,4,14,6,0,5
,,,,,,,,,259,1,18,19,,60,3,5,28,0,3,3,2,2,2,3,37,2,0,2,10,3,14,4,0,5
,,,,,,,,,260,1,18,20,,60,3,5,28,0,3,3,2,2,2,3,37,2,0,2,10,3,14,4,0,5
,,,,,,,,,261,1,18,21,,48,3,4,28,0,2,2,2,2,2,3,37,2,0,2,10,3,14,4,0,5
,,,,,,,,,262,1,18,22,,48,3,4,28,0,2,2,2,2,2,3,37,2,0,2,10,3,14,4,0,5
,,,,,,,,,263,1,18,23,,48,3,4,28,0,2,2,2,2,2,3,37,2,0,2,10,3,14,4,0,5
,,,,,,,,,264,1,18,24,,48,3,4,28,0,2,2,2,2,2,3,37,2,0,2,10,3,14,4,0,5
,,,,,,,,,265,1,19,1,,42,3,4,28,0,2,2,1,2,2,3,37,2,0,2,10,2,14,4,0,5
,,,,,,,,,266,1,19,2,,42,3,4,28,0,2,2,1,2,2,3,37,2,0,2,10,2,14,4,0,5
,,,,,,,,,267,1,19,3,,42,3,4,28,0,2,2,1,2,2,3,37,2,0,2,10,2,14,4,0,5
,,,,,,,,,268,1,19,4,,42,3,4,28,0,2,2,1,2,2,3,37,2,0,2,10,2,14,4,0,5
,,,,,,,,,269,1,19,5,,60,3,5,28,0,3,3,2,2,2,3,37,2,0,2,10,2,14,4,0,5
,,,,,,,,,270,1,19,6,,60,3,5,28,0,3,3,2,2,2,3,37,2,0,2,10,2,14,4,0,5
,,,,,,,,,271,1,19,7,,60,3,5,28,0,3,3,2,2,3,3,37,2,0,2,10,2,14,4,0,5
,,,,,,,,,272,1,19,8,,60,3,5,28,0,3,3,2,2,3,3,37,2,0,2,10,2,14,4,0,5
,,,,,,,,,273,1,19,9,,60,3,5,28,0,3,3,2,2,3,3,37,2,0,3,10,4,14,6,0,5
,,,,,,,,,274,1,19,10,,60,3,5,28,0,3,3,2,2,3,3,37,2,0,3,10,4,14,6,0,5
,,,,,,,,,275,1,19,11,,60,3,5,28,0,3,3,2,2,3,3,37,2,0,3,10,4,14,6,0,5
,,,,,,,,,276,1,19,12,,60,3,5,28,0,3,3,2,2,3,3,37,2,0,3,10,4,14,6,0,5
,,,,,,,,,277,1,19,13,,60,3,5,28,0,3,3,2,2,3,3,37,2,0,3,10,4,14,6,0,5
,,,,,,,,,278,1,19,14,,60,3,5,28,0,3,3,2,2,3,3,37,2,0,3,10,4,14,6,0,5
,,,,,,,,,279,1,19,15,,60,3,5,28,0,3,3,2,2,3,3,37,2,0,3,10,4,14,6,0,5
,,,,,,,,,280,1,19,16,,60,3,5,28,0,3,3,2,2,3,3,37,2,0,3,10,4,14,6,0,5
,,,,,,,,,281,1,19,17,,60,3,5,28,0,3,3,2,2,3,3,37,2,0,3,10,4,14,6,0,5
,,,,,,,,,282,1,19,18,,60,3,5,28,0,3,3,2,2,3,3,37,2,0,3,10,4,14,6,0,5
,,,,,,,,,283,1,19,19,,60,3,5,28,0,3,3,2,2,2,3,37,2,0,2,10,3,14,4,0,5
,,,,,,,,,284,1,19,20,,60,3,5,28,0,3,3,2,2,2,3,37,2,0,2,10,3,14,4,0,5
,,,,,,,,,285,1,19,21,,48,3,4,28,0,2,2,2,2,2,3,37,2,0,2,10,3,14,4,0,5
,,,,,,,,,286,1,19,22,,48,3,4,28,0,2,2,2,2,2,3,37,2,0,2,10,3,14,4,0,5
,,,,,,,,,287,1,19,23,,48,3,4,28,0,2,2,2,2,2,3,37,2,0,2,10,3,14,4,0,5
,,,,,,,,,288,1,19,24,,48,3,4,28,0,2,2,2,2,2,3,37,2,0,2,10,3,14,4,0,5
,,,,,,,,,289,1,20,1,,42,3,4,28,0,2,2,1,2,2,3,37,2,0,2,10,2,14,4,0,5
,,,,,,,,,290,1,20,2,,42,3,4,28,0,2,2,1,2,2,3,37,2,0,2,10,2,14,4,0,5
,,,,,,,,,291,1,20,3,,42,3,4,28,0,2,2,1,2,2,3,37,2,0,2,10,2,14,4,0,5
,,,,,,,,,292,1,20,4,,42,3,4,28,0,2,2,1,2,2,3,37,2,0,2,10,2,14,4,0,5
,,,,,,,,,293,1,20,5,,60,3,5,28,0,3,3,2,2,2,3,37,2,0,2,10,2,14,4,0,5
,,,,,,,,,294,1,20,6,,60,3,5,28,0,3,3,2,2,2,3,37,2,0,2,10,2,14,4,0,5
,,,,,,,,,295,1,20,7,,60,3,5,28,0,3,3,2,2,3,3,37,2,0,2,10,2,14,4,0,5
,,,,,,,,,296,1,20,8,,60,3,5,28,0,3,3,2,2,3,3,37,2,0,2,10,2,14,4,0,5
,,,,,,,,,297,1,20,9,,60,3,5,28,0,3,3,2,2,3,3,37,2,0,3,10,4,14,6,0,5
,,,,,,,,,298,1,20,10,,60,3,5,28,0,3,3,2,2,3,3,37,2,0,3,10,4,14,6,0,5
,,,,,,,,,299,1,20,11,,60,3,5,28,0,3,3,2,2,3,3,37,2,0,3,10,4,14,6,0,5
,,,,,,,,,300,1,20,12,,60,3,5,28,0,3,3,2,2,3,3,37,2,0,3,10,4,14,6,0,5
,,,,,,,,,301,1,20,13,,60,3,5,28,0,3,3,2,2,3,3,37,2,0,3,10,4,14,6,0,5
,,,,,,,,,302,1,20,14,,60,3,5,28,0,3,3,2,2,3,3,37,2,0,3,10,4,14,6,0,5
,,,,,,,,,303,1,20,15,,60,3,5,28,0,3,3,2,2,3,3,37,2,0,3,10,4,14,6,0,5
,,,,,,,,,304,1,20,16,,60,3,5,28,0,3,3,2,2,3,3,37,2,0,3,10,4,14,6,0,5
,,,,,,,,,305,1,20,17,,60,3,5,28,0,3,3,2,2,3,3,37,2,0,3,10,4,14,6,0,5
,,,,,,,,,306,1,20,18,,60,3,5,28,0,3,3,2,2,3,3,37,2,0,3,10,4,14,6,0,5
,,,,,,,,,307,1,20,19,,60,3,5,28,0,3,3,2,2,2,3,37,2,0,2,10,3,14,4,0,5
,,,,,,,,,308,1,20,20,,60,3,5,28,0,3,3,2,2,2,3,37,2,0,2,10,3,14,4,0,5
,,,,,,,,,309,1,20,21,,48,3,4,28,0,2,2,2,2,2,3,37,2,0,2,10,3,14,4,0,5
,,,,,,,,,310,1,20,22,,48,3,4,28,0,2,2,2,2,2,3,37,2,0,2,10,3,14,4,0,5
,,,,,,,,,311,1,20,23,,48,3,4,28,0,2,2,2,2,2,3,37,2,0,2,10,3,14,4,0,5
,,,,,,,,,312,1,20,24,,48,3,4,28,0,2,2,2,2,2,3,37,2,0,2,10,3,14,4,0,5
,,,,,,,,,313,1,21,1,,42,3,4,28,0,2,2,1,2,2,3,37,2,0,2,10,2,14,4,0,5
,,,,,,,,,314,1,21,2,,42,3,4,28,0,2,2,1,2,2,3,37,2,0,2,10,2,14,4,0,5
,,,,,,,,,315,1,21,3,,42,3,4,28,0,2,2,1,2,2,3,37,2,0,2,10,2,14,4,0,5
,,,,,,,,,316,1,21,4,,42,3,4,28,0,2,2,1,2,2,3,37,2,0,2,10,2,14,4,0,5
,,,,,,,,,317,1,21,5,,60,3,5,28,0,3,3,2,2,2,3,37,2,0,2,10,2,14,4,0,5
,,,,,,,,,318,1,21,6,,60,3,5,28,0,3,3,2,2,2,3,37,2,0,2,10,2,14,4,0,5
,,,,,,,,,319,1,21,7,,60,3,5,28,0,3,3,2,2,3,3,37,2,0,2,10,2,14,4,0,5
,,,,,,,,,320,1,21,8,,60,3,5,28,0,3,3,2,2,3,3,37,2,0,2,10,2,14,4,0,5
,,,,,,,,,321,1,21,9,,60,3,5,28,0,3,3,2,2,3,3,37,2,0,3,10,4,14,6,0,5
,,,,,,,,,322,1,21,10,,60,3,5,28,0,3,3,2,2,3,3,37,2,0,3,10,4,14,6,0,5
,,,,,,,,,323,1,21,11,,60,3,5,28,0,3,3,2,2,3,3,37,2,0,3,10,4,14,6,0,5
,,,,,,,,,324,1,21,12,,60,3,5,28,0,3,3,2,2,3,3,37,2,0,3,10,4,14,6,0,5
,,,,,,,,,325,1,21,13,,60,3,5,28,0,3,3,2,2,3,3,37,2,0,3,10,4,14,6,0,5
,,,,,,,,,326,1,21,14,,60,3,5,28,0,3,3,2,2,3,3,37,2,0,3,10,4,14,6,0,5
,,,,,,,,,327,1,21,15,,60,3,5,28,0,3,3,2,2,3,3,37,2,0,3,10,4,14,6,0,5
,,,,,,,,,328,1,21,16,,60,3,5,28,0,3,3,2,2,3,3,37,2,0,3,10,4,14,6,0,5
,,,,,,,,,329,1,21,17,,60,3,5,28,0,3,3,2,2,3,3,37,2,0,3,10,4,14,6,0,5
,,,,,,,,,330,1,21,18,,60,3,5,28,0,3,3,2,2,3,3,37,2,0,3,10,4,14,6,0,5
,,,,,,,,,331,1,21,19,,60,3,5,28,0,3,3,2,2,2,3,37,2,0,2,10,3,14,4,0,5
,,,,,,,,,332,1,21,20,,60,3,5,28,0,3,3,2,2,2,3,37,2,0,2,10,3,14,4,0,5
,,,,,,,,,333,1,21,21,,48,3,4,28,0,2,2,2,2,2,3,37,2,0,2,10,3,14,4,0,5
,,,,,,,,,334,1,21,22,,48,3,4,28,0,2,2,2,2,2,3,37,2,0,2,10,3,14,4,0,5
,,,,,,,,,335,1,21,23,,48,3,4,28,0,2,2,2,2,2,3,37,2,0,2,10,3,14,4,0,5
,,,,,,,,,336,1,21,24,,48,3,4,28,0,2,2,2,2,2,3,37,2,0,2,10,3,14,4,0,5
,,,,,,,,,337,1,22,1,,42,3,4,28,0,2,2,1,2,2,3,37,2,0,2,10,2,14,4,0,5
,,,,,,,,,338,1,22,2,,42,3,4,28,0,2,2,1,2,2,3,37,2,0,2,10,2,14,4,0,5
,,,,,,,,,339,1,22,3,,42,3,4,28,0,2,2,1,2,2,3,37,2,0,2,10,2,14,4,0,5
,,,,,,,,,340,1,22,4,,42,3,4,28,0,2,2,1,2,2,3,37,2,0,2,10,2,14,4,0,5
,,,,,,,,,341,1,22,5,,60,3,5,28,0,3,3,2,2,2,3,37,2,0,2,10,2,14,4,0,5
,,,,,,,,,342,1,22,6,,60,3,5,28,0,3,3,2,2,2,3,37,2,0,2,10,2,14,4,0,5
,,,,,,,,,343,1,22,7,,60,3,5,28,0,3,3,2,2,3,3,37,2,0,2,10,2,14,4,0,5
,,,,,,,,,344,1,22,8,,60,3,5,28,0,3,3,2,2,3,3,37,2,0,2,10,2,14,4,0,5
,,,,,,,,,345,1,22,9,,60,3,5,28,0,3,3,2,2,3,3,37,2,0,3,10,4,14,6,0,5
,,,,,,,,,346,1,22,10,,60,3,5,28,0,3,3,2,2,3,3,37,2,0,3,10,4,14,6,0,5
,,,,,,,,,347,1,22,11,,60,3,5,28,0,3,3,2,2,3,3,37,2,0,3,10,4,14,6,0,5
,,,,,,,,,348,1,22,12,,60,3,5,28,0,3,3,2,2,3,3,37,2,0,3,10,4,14,6,0,5
,,,,,,,,,349,1,22,13,,60,3,5,28,0,3,3,2,2,3,3,37,2,0,3,10,4,14,6,0,5
,,,,,,,,,350,1,22,14,,60,3,5,28,0,3,3,2,2,3,3,37,2,0,3,10,4,14,6,0,5
,,,,,,,,,351,1,22,15,,60,3,5,28,0,3,3,2,2,3,3,37,2,0,3,10,4,14,6,0,5
,,,,,,,,,352,1,22,16,,60,3,5,28,0,3,3,2,2,3,3,37,2,0,3,10,4,14,6,0,5
,,,,,,,,,353,1,22,17,,60,3,5,28,0,3,3,2,2,3,3,37,2,0,3,10,4,14,6,0,5
,,,,,,,,,354,1,22,18,,60,3,5,28,0,3,3,2,2,3,3,37,2,0,3,10,4,14,6,0,5
,,,,,,,,,355,1,22,19,,60,3,5,28,0,3,3,2,2,2,3,37,2,0,2,10,3,14,4,0,5
,,,,,,,,,356,1,22,20,,60,3,5,28,0,3,3,2,2,2,3,37,2,0,2,10,3,14,4,0,5
,,,,,,,,,357,1,22,21,,48,3,4,28,0,2,2,2,2,2,3,37,2,0,2,10,3,14,4,0,5
,,,,,,,,,358,1,22,22,,48,3,4,28,0,2,2,2,2,2,3,37,2,0,2,10,3,14,4,0,5
,,,,,,,,,359,1,22,23,,48,3,4,28,0,2,2,2,2,2,3,37,2,0,2,10,3,14,4,0,5
,,,,,,,,,360,1,22,24,,48,3,4,28,0,2,2,2,2,2,3,37,2,0,2,10,3,14,4,0,5
,,,,,,,,,361,1,23,1,,42,3,4,28,0,2,2,1,2,2,3,37,2,0,2,10,2,14,4,0,5
,,,,,,,,,362,1,23,2,,42,3,4,28,0,2,2,1,2,2,3,37,2,0,2,10,2,14,4,0,5
,,,,,,,,,363,1,23,3,,42,3,4,28,0,2,2,1,2,2,3,37,2,0,2,10,2,14,4,0,5
,,,,,,,,,364,1,23,4,,42,3,4,28,0,2,2,1,2,2,3,37,2,0,2,10,2,14,4,0,5
,,,,,,,,,365,1,23,5,,60,3,5,28,0,3,3,2,2,2,3,37,2,0,2,10,2,14,4,0,5
,,,,,,,,,366,1,23,6,,60,3,5,28,0,3,3,2,2,2,3,37,2,0,2,10,2,14,4,0,5
,,,,,,,,,367,1,23,7,,60,3,5,28,0,3,3,2,2,3,3,37,2,0,2,10,2,14,4,0,5
,,,,,,,,,368,1,23,8,,60,3,5,28,0,3,3,2,2,3,3,37,2,0,2,10,2,14,4,0,5
,,,,,,,,,369,1,23,9,,60,3,5,28,0,3,3,2,2,3,3,37,2,0,3,10,4,14,6,0,5
,,,,,,,,,370,1,23,10,,60,3,5,28,0,3,3,2,2,3,3,37,2,0,3,10,4,14,6,0,5
,,,,,,,,,371,1,23,11,,60,3,5,28,0,3,3,2,2,3,3,37,2,0,3,10,4,14,6,0,5
,,,,,,,,,372,1,23,12,,60,3,5,28,0,3,3,2,2,3,3,37,2,0,3,10,4,14,6,0,5
,,,,,,,,,373,1,23,13,,60,3,5,28,0,3,3,2,2,3,3,37,2,0,3,10,4,14,6,0,5
,,,,,,,,,374,1,23,14,,60,3,5,28,0,3,3,2,2,3,3,37,2,0,3,10,4,14,6,0,5
,,,,,,,,,375,1,23,15,,60,3,5,28,0,3,3,2,2,3,3,37,2,0,3,10,4,14,6,0,5
,,,,,,,,,376,1,23,16,,60,3,5,28,0,3,3,2,2,3,3,37,2,0,3,10,4,14,6,0,5
,,,,,,,,,377,1,23,17,,60,3,5,28,0,3,3,2,2,3,3,37,2,0,3,10,4,14,6,0,5
,,,,,,,,,378,1,23,18,,60,3,5,28,0,3,3,2,2,3,3,37,2,0,3,10,4,14,6,0,5
,,,,,,,,,379,1,23,19,,60,3,5,28,0,3,3,2,2,2,3,37,2,0,2,10,3,14,4,0,5
,,,,,,,,,380,1,23,20,,60,3,5,28,0,3,3,2,2,2,3,37,2,0,2,10,3,14,4,0,5
,,,,,,,,,381,1,23,21,,48,3,4,28,0,2,2,2,2,2,3,37,2,0,2,10,3,14,4,0,5
,,,,,,,,,382,1,23,22,,48,3,4,28,0,2,2,2,2,2,3,37,2,0,2,10,3,14,4,0,5
,,,,,,,,,383,1,23,23,,48,3,4,28,0,2,2,2,2,2,3,37,2,0,2,10,3,14,4,0,5
,,,,,,,,,384,1,23,24,,48,3,4,28,0,2,2,2,2,2,3,37,2,0,2,10,3,14,4,0,5
,,,,,,,,,385,1,24,1,,42,3,4,28,0,2,2,1,2,2,3,37,2,0,2,10,2,14,4,0,5
,,,,,,,,,386,1,24,2,,42,3,4,28,0,2,2,1,2,2,3,37,2,0,2,10,2,14,4,0,5
,,,,,,,,,387,1,24,3,,42,3,4,28,0,2,2,1,2,2,3,37,2,0,2,10,2,14,4,0,5
,,,,,,,,,388,1,24,4,,42,3,4,28,0,2,2,1,2,2,3,37,2,0,2,10,2,14,4,0,5
,,,,,,,,,389,1,24,5,,60,3,5,28,0,3,3,2,2,2,3,37,2,0,2,10,2,14,4,0,5
,,,,,,,,,390,1,24,6,,60,3,5,28,0,3,3,2,2,2,3,37,2,0,2,10,2,14,4,0,5
,,,,,,,,,391,1,24,7,,60,3,5,28,0,3,3,2,2,3,3,37,2,0,2,10,2,14,4,0,5
,,,,,,,,,392,1,24,8,,60,3,5,28,0,3,3,2,2,3,3,37,2,0,2,10,2,14,4,0,5
,,,,,,,,,393,1,24,9,,60,3,5,28,0,3,3,2,2,3,3,37,2,0,3,10,4,14,6,0,5
,,,,,,,,,394,1,24,10,,60,3,5,28,0,3,3,2,2,3,3,37,2,0,3,10,4,14,6,0,5
,,,,,,,,,395,1,24,11,,60,3,5,28,0,3,3,2,2,3,3,37,2,0,3,10,4,14,6,0,5
,,,,,,,,,396,1,24,12,,60,3,5,28,0,3,3,2,2,3,3,37,2,0,3,10,4,14,6,0,5
,,,,,,,,,397,1,24,13,,60,3,5,28,0,3,3,2,2,3,3,37,2,0,3,10,4,14,6,0,5
,,,,,,,,,398,1,24,14,,60,3,5,28,0,3,3,2,2,3,3,37,2,0,3,10,4,14,6,0,5
,,,,,,,,,399,1,24,15,,60,3,5,28,0,3,3,2,2,3,3,37,2,0,3,10,4,14,6,0,5
,,,,,,,,,400,1,24,16,,60,3,5,28,0,3,3,2,2,3,3,37,2,0,3,10,4,14,6,0,5
,,,,,,,,,401,1,24,17,,60,3,5,28,0,3,3,2,2,3,3,37,2,0,3,10,4,14,6,0,5
,,,,,,,,,402,1,24,18,,60,3,5,28,0,3,3,2,2,3,3,37,2,0,3,10,4,14,6,0,5
,,,,,,,,,403,1,24,19,,60,3,5,28,0,3,3,2,2,2,3,37,2,0,2,10,3,14,4,0,5
,,,,,,,,,404,1,24,20,,60,3,5,28,0,3,3,2,2,2,3,37,2,0,2,10,3,14,4,0,5
,,,,,,,,,405,1,24,21,,48,3,4,28,0,2,2,2,2,2,3,37,2,0,2,10,3,14,4,0,5
,,,,,,,,,406,1,24,22,,48,3,4,28,0,2,2,2,2,2,3,37,2,0,2,10,3,14,4,0,5
,,,,,,,,,407,1,24,23,,48,3,4,28,0,2,2,2,2,2,3,37,2,0,2,10,3,14,4,0,5
,,,,,,,,,408,1,24,24,,48,3,4,28,0,2,2,2,2,2,3,37,2,0,2,10,3,14,4,0,5
,,,,,,,,,409,1,25,1,,42,3,4,28,0,2,2,1,2,2,3,37,2,0,2,10,2,14,4,0,5
,,,,,,,,,410,1,25,2,,42,3,4,28,0,2,2,1,2,2,3,37,2,0,2,10,2,14,4,0,5
,,,,,,,,,411,1,25,3,,42,3,4,28,0,2,2,1,2,2,3,37,2,0,2,10,2,14,4,0,5
,,,,,,,,,412,1,25,4,,42,3,4,28,0,2,2,1,2,2,3,37,2,0,2,10,2,14,4,0,5
,,,,,,,,,413,1,25,5,,60,3,5,28,0,3,3,2,2,2,3,37,2,0,2,10,2,14,4,0,5
,,,,,,,,,414,1,25,6,,60,3,5,28,0,3,3,2,2,2,3,37,2,0,2,10,2,14,4,0,5
,,,,,,,,,415,1,25,7,,60,3,5,28,0,3,3,2,2,3,3,37,2,0,2,10,2,14,4,0,5
,,,,,,,,,416,1,25,8,,60,3,5,28,0,3,3,2,2,3,3,37,2,0,2,10,2,14,4,0,5
,,,,,,,,,417,1,25,9,,60,3,5,28,0,3,3,2,2,3,3,37,2,0,3,10,4,14,6,0,5
,,,,,,,,,418,1,25,10,,60,3,5,28,0,3,3,2,2,3,3,37,2,0,3,10,4,14,6,0,5
,,,,,,,,,419,1,25,11,,60,3,5,28,0,3,3,2,2,3,3,37,2,0,3,10,4,14,6,0,5
,,,,,,,,,420,1,25,12,,60,3,5,28,0,3,3,2,2,3,3,37,2,0,3,10,4,14,6,0,5
,,,,,,,,,421,1,25,13,,60,3,5,28,0,3,3,2,2,3,3,37,2,0,3,10,4,14,6,0,5
,,,,,,,,,422,1,25,14,,60,3,5,28,0,3,3,2,2,3,3,37,2,0,3,10,4,14,6,0,5
,,,,,,,,,423,1,25,15,,60,3,5,28,0,3,3,2,2,3,3,37,2,0,3,10,4,14,6,0,5
,,,,,,,,,424,1,25,16,,60,3,5,28,0,3,3,2,2,3,3,37,2,0,3,10,4,14,6,0,5
,,,,,,,,,425,1,25,17,,60,3,5,28,0,3,3,2,2,3,3,37,2,0,3,10,4,14,6,0,5
,,,,,,,,,426,1,25,18,,60,3,5,28,0,3,3,2,2,3,3,37,2,0,3,10,4,14,6,0,5
,,,,,,,,,427,1,25,19,,60,3,5,28,0,3,3,2,2,2,3,37,2,0,2,10,3,14,4,0,5
,,,,,,,,,428,1,25,20,,60,3,5,28,0,3,3,2,2,2,3,37,2,0,2,10,3,14,4,0,5
,,,,,,,,,429,1,25,21,,48,3,4,28,0,2,2,2,2,2,3,37,2,0,2,10,3,14,4,0,5
,,,,,,,,,430,1,25,22,,48,3,4,28,0,2,2,2,2,2,3,37,2,0,2,10,3,14,4,0,5
,,,,,,,,,431,1,25,23,,48,3,4,28,0,2,2,2,2,2,3,37,2,0,2,10,3,14,4,0,5
,,,,,,,,,432,1,25,24,,48,3,4,28,0,2,2,2,2,2,3,37,2,0,2,10,3,14,4,0,5
,,,,,,,,,433,1,26,1,,42,3,4,28,0,2,2,1,2,2,3,37,2,0,2,10,2,14,4,0,5
,,,,,,,,,434,1,26,2,,42,3,4,28,0,2,2,1,2,2,3,37,2,0,2,10,2,14,4,0,5
,,,,,,,,,435,1,26,3,,42,3,4,28,0,2,2,1,2,2,3,37,2,0,2,10,2,14,4,0,5
,,,,,,,,,436,1,26,4,,42,3,4,28,0,2,2,1,2,2,3,37,2,0,2,10,2,14,4,0,5
,,,,,,,,,437,1,26,5,,60,3,5,28,0,3,3,2,2,2,3,37,2,0,2,10,2,14,4,0,5
,,,,,,,,,438,1,26,6,,60,3,5,28,0,3,3,2,2,2,3,37,2,0,2,10,2,14,4,0,5
,,,,,,,,,439,1,26,7,,60,3,5,28,0,3,3,2,2,3,3,37,2,0,2,10,2,14,4,0,5
,,,,,,,,,440,1,26,8,,60,3,5,28,0,3,3,2,2,3,3,37,2,0,2,10,2,14,4,0,5
,,,,,,,,,441,1,26,9,,60,3,5,28,0,3,3,2,2,3,3,37,2,0,3,10,4,14,6,0,5
,,,,,,,,,442,1,26,10,,60,3,5,28,0,3,3,2,2,3,3,37,2,0,3,10,4,14,6,0,5
,,,,,,,,,443,1,26,11,,60,3,5,28,0,3,3,2,2,3,3,37,2,0,3,10,4,14,6,0,5
,,,,,,,,,444,1,26,12,,60,3,5,28,0,3,3,2,2,3,3,37,2,0,3,10,4,14,6,0,5
,,,,,,,,,445,1,26,13,,60,3,5,28,0,3,3,2,2,3,3,37,2,0,3,10,4,14,6,0,5
,,,,,,,,,446,1,26,14,,60,3,5,28,0,3,3,2,2,3,3,37,2,0,3,10,4,14,6,0,5
,,,,,,,,,447,1,26,15,,60,3,5,28,0,3,3,2,2,3,3,37,2,0,3,10,4,14,6,0,5
,,,,,,,,,448,1,26,16,,60,3,5,28,0,3,3,2,2,3,3,37,2,0,3,10,4,14,6,0,5
,,,,,,,,,449,1,26,17,,60,3,5,28,0,3,3,2,2,3,3,37,2,0,3,10,4,14,6,0,5
,,,,,,,,,450,1,26,18,,60,3,5,28,0,3,3,2,2,3,3,37,2,0,3,10,4,14,6,0,5
,,,,,,,,,451,1,26,19,,60,3,5,28,0,3,3,2,2,2,3,37,2,0,2,10,3,14,4,0,5
,,,,,,,,,452,1,26,20,,60,3,5,28,0,3,3,2,2,2,3,37,2,0,2,10,3,14,4,0,5
,,,,,,,,,453,1,26,21,,48,3,4,28,0,2,2,2,2,2,3,37,2,0,2,10,3,14,4,0,5
,,,,,,,,,454,1,26,22,,48,3,4,28,0,2,2,2,2,2,3,37,2,0,2,10,3,14,4,0,5
,,,,,,,,,455,1,26,23,,48,3,4,28,0,2,2,2,2,2,3,37,2,0,2,10,3,14,4,0,5
,,,,,,,,,456,1,26,24,,48,3,4,28,0,2,2,2,2,2,3,37,2,0,2,10,3,14,4,0,5
,,,,,,,,,457,1,27,1,,42,3,4,28,0,2,2,1,2,2,3,37,2,0,2,10,2,14,4,0,5
,,,,,,,,,458,1,27,2,,42,3,4,28,0,2,2,1,2,2,3,37,2,0,2,10,2,14,4,0,5
,,,,,,,,,459,1,27,3,,42,3,4,28,0,2,2,1,2,2,3,37,2,0,2,10,2,14,4,0,5
,,,,,,,,,460,1,27,4,,42,3,4,28,0,2,2,1,2,2,3,37,2,0,2,10,2,14,4,0,5
,,,,,,,,,461,1,27,5,,60,3,5,28,0,3,3,2,2,2,3,37,2,0,2,10,2,14,4,0,5
,,,,,,,,,462,1,27,6,,60,3,5,28,0,3,3,2,2,2,3,37,2,0,2,10,2,14,4,0,5
,,,,,,,,,463,1,27,7,,60,3,5,28,0,3,3,2,2,3,3,37,2,0,2,10,2,14,4,0,5
,,,,,,,,,464,1,27,8,,60,3,5,28,0,3,3,2,2,3,3,37,2,0,2,10,2,14,4,0,5
,,,,,,,,,465,1,27,9,,60,3,5,28,0,3,3,2,2,3,3,37,2,0,3,10,4,14,6,0,5
,,,,,,,,,466,1,27,10,,60,3,5,28,0,3,3,2,2,3,3,37,2,0,3,10,4,14,6,0,5
,,,,,,,,,467,1,27,11,,60,3,5,28,0,3,3,2,2,3,3,37,2,0,3,10,4,14,6,0,5
,,,,,,,,,468,1,27,12,,60,3,5,28,0,3,3,2,2,3,3,37,2,0,3,10,4,14,6,0,5
,,,,,,,,,469,1,27,13,,60,3,5,28,0,3,3,2,2,3,3,37,2,0,3,10,4,14,6,0,5
,,,,,,,,,470,1,27,14,,60,3,5,28,0,3,3,2,2,3,3,37,2,0,3,10,4,14,6,0,5
,,,,,,,,,471,1,27,15,,60,3,5,28,0,3,3,2,2,3,3,37,2,0,3,10,4,14,6,0,5
,,,,,,,,,472,1,27,16,,60,3,5,28,0,3,3,2,2,3,3,37,2,0,3,10,4,14,6,0,5
,,,,,,,,,473,1,27,17,,60,3,5,28,0,3,3,2,2,3,3,37,2,0,3,10,4,14,6,0,5
,,,,,,,,,474,1,27,18,,60,3,5,28,0,3,3,2,2,3,3,37,2,0,3,10,4,14,6,0,5
,,,,,,,,,475,1,27,19,,60,3,5,28,0,3,3,2,2,2,3,37,2,0,2,10,3,14,4,0,5
,,,,,,,,,476,1,27,20,,60,3,5,28,0,3,3,2,2,2,3,37,2,0,2,10,3,14,4,0,5
,,,,,,,,,477,1,27,21,,48,3,4,28,0,2,2,2,2,2,3,37,2,0,2,10,3,14,4,0,5
,,,,,,,,,478,1,27,22,,48,3,4,28,0,2,2,2,2,2,3,37,2,0,2,10,3,14,4,0,5
,,,,,,,,,479,1,27,23,,48,3,4,28,0,2,2,2,2,2,3,37,2,0,2,10,3,14,4,0,5
,,,,,,,,,480,1,27,24,,48,3,4,28,0,2,2,2,2,2,3,37,2,0,2,10,3,14,4,0,5
,,,,,,,,,481,1,28,1,,42,3,4,28,0,2,2,1,2,2,3,37,2,0,2,10,2,14,4,0,5
,,,,,,,,,482,1,28,2,,42,3,4,28,0,2,2,1,2,2,3,37,2,0,2,10,2,14,4,0,5
,,,,,,,,,483,1,28,3,,42,3,4,28,0,2,2,1,2,2,3,37,2,0,2,10,2,14,4,0,5
,,,,,,,,,484,1,28,4,,42,3,4,28,0,2,2,1,2,2,3,37,2,0,2,10,2,14,4,0,5
,,,,,,,,,485,1,28,5,,60,3,5,28,0,3,3,2,2,2,3,37,2,0,2,10,2,14,4,0,5
,,,,,,,,,486,1,28,6,,60,3,5,28,0,3,3,2,2,2,3,37,2,0,2,10,2,14,4,0,5
,,,,,,,,,487,1,28,7,,60,3,5,28,0,3,3,2,2,3,3,37,2,0,2,10,2,14,4,0,5
,,,,,,,,,488,1,28,8,,60,3,5,28,0,3,3,2,2,3,3,37,2,0,2,10,2,14,4,0,5
,,,,,,,,,489,1,28,9,,60,3,5,28,0,3,3,2,2,3,3,37,2,0,3,10,4,14,6,0,5
,,,,,,,,,490,1,28,10,,60,3,5,28,0,3,3,2,2,3,3,37,2,0,3,10,4,14,6,0,5
,,,,,,,,,491,1,28,11,,60,3,5,28,0,3,3,2,2,3,3,37,2,0,3,10,4,14,6,0,5
,,,,,,,,,492,1,28,12,,60,3,5,28,0,3,3,2,2,3,3,37,2,0,3,10,4,14,6,0,5
,,,,,,,,,493,1,28,13,,60,3,5,28,0,3,3,2,2,3,3,37,2,0,3,10,4,14,6,0,5
,,,,,,,,,494,1,28,14,,60,3,5,28,0,3,3,2,2,3,3,37,2,0,3,10,4,14,6,0,5
,,,,,,,,,495,1,28,15,,60,3,5,28,0,3,3,2,2,3,3,37,2,0,3,10,4,14,6,0,5
,,,,,,,,,496,1,28,16,,60,3,5,28,0,3,3,2,2,3,3,37,2,0,3,10,4,14,6,0,5
,,,,,,,,,497,1,28,17,,60,3,5,28,0,3,3,2,2,3,3,37,2,0,3,10,4,14,6,0,5
,,,,,,,,,498,1,28,18,,60,3,5,28,0,3,3,2,2,3,3,37,2,0,3,10,4,14,6,0,5
,,,,,,,,,499,1,28,19,,60,3,5,28,0,3,3,2,2,2,3,37,2,0,2,10,3,14,4,0,5
,,,,,,,,,500,1,28,20,,60,3,5,28,0,3,3,2,2,2,3,37,2,0,2,10,3,14,4,0,5
,,,,,,,,,501,1,28,21,,48,3,4,28,0,2,2,2,2,2,3,37,2,0,2,10,3,14,4,0,5
,,,,,,,,,502,1,28,22,,48,3,4,28,0,2,2,2,2,2,3,37,2,0,2,10,3,14,4,0,5
,,,,,,,,,503,1,28,23,,48,3,4,28,0,2,2,2,2,2,3,37,2,0,2,10,3,14,4,0,5
,,,,,,,,,504,1,28,24,,48,3,4,28,0,2,2,2,2,2,3,37,2,0,2,10,3,14,4,0,5
,,,,,,,,,505,11,5,1,,42,3,4,28,0,2,2,1,2,2,3,37,2,0,2,10,2,14,4,0,5
,,,,,,,,,506,11,5,2,,42,3,4,28,0,2,2,1,2,2,3,37,2,0,2,10,2,14,4,0,5
,,,,,,,,,507,11,5,3,,42,3,4,28,0,2,2,1,2,2,3,37,2,0,2,10,2,14,4,0,5
,,,,,,,,,508,11,5,4,,42,3,4,28,0,2,2,1,2,2,3,37,2,0,2,10,2,14,4,0,5
,,,,,,,,,509,11,5,5,,60,3,5,28,0,3,3,2,2,2,3,37,2,0,2,10,2,14,4,0,5
,,,,,,,,,510,11,5,6,,60,3,5,28,0,3,3,2,2,2,3,37,2,0,2,10,2,14,4,0,5
,,,,,,,,,511,11,5,7,,60,3,5,28,0,3,3,2,2,3,3,37,2,0,2,10,2,14,4,0,5
,,,,,,,,,512,11,5,8,,60,3,5,28,0,3,3,2,2,3,3,37,2,0,2,10,2,14,4,0,5
,,,,,,,,,513,11,5,9,,60,3,5,28,0,3,3,2,2,3,3,37,2,0,3,10,4,14,6,0,5
,,,,,,,,,514,11,5,10,,60,3,5,28,0,3,3,2,2,3,3,37,2,0,3,10,4,14,6,0,5
,,,,,,,,,515,11,5,11,,60,3,5,28,0,3,3,2,2,3,3,37,2,0,3,10,4,14,6,0,5
,,,,,,,,,516,11,5,12,,60,3,5,28,0,3,3,2,2,3,3,37,2,0,3,10,4,14,6,0,5
,,,,,,,,,517,11,5,13,,60,3,5,28,0,3,3,2,2,3,3,37,2,0,3,10,4,14,6,0,5
,,,,,,,,,518,11,5,14,,60,3,5,28,0,3,3,2,2,3,3,37,2,0,3,10,4,14,6,0,5
,,,,,,,,,519,11,5,15,,60,3,5,28,0,3,3,2,2,3,3,37,2,0,3,10,4,14,6,0,5
,,,,,,,,,520,11,5,16,,60,3,5,28,0,3,3,2,2,3,3,37,2,0,3,10,4,14,6,0,5
,,,,,,,,,521,11,5,17,,60,3,5,28,0,3,3,2,2,3,3,37,2,0,3,10,4,14,6,0,5
,,,,,,,,,522,11,5,18,,60,3,5,28,0,3,3,2,2,3,3,37,2,0,3,10,4,14,6,0,5
,,,,,,,,,523,11,5,19,,60,3,5,28,0,3,3,2,2,2,3,37,2,0,2,10,3,14,4,0,5
,,,,,,,,,524,11,5,20,,60,3,5,28,0,3,3,2,2,2,3,37,2,0,2,10,3,14,4,0,5
,,,,,,,,,525,11,5,21,,48,3,4,28,0,2,2,2,2,2,3,37,2,0,2,10,3,14,4,0,5
,,,,,,,,,526,11,5,22,,48,3,4,28,0,2,2,2,2,2,3,37,2,0,2,10,3,14,4,0,5
,,,,,,,,,527,11,5,23,,48,3,4,28,0,2,2,2,2,2,3,37,2,0,2,10,3,14,4,0,5
,,,,,,,,,528,11,5,24,,48,3,4,28,0,2,2,2,2,2,3,37,2,0,2,10,3,14,4,0,5
,,,,,,,,,529,11,6,1,,42,3,4,28,0,2,2,1,2,2,3,37,2,0,2,10,2,14,4,0,5
,,,,,,,,,530,11,6,2,,42,3,4,28,0,2,2,1,2,2,3,37,2,0,2,10,2,14,4,0,5
,,,,,,,,,531,11,6,3,,42,3,4,28,0,2,2,1,2,2,3,37,2,0,2,10,2,14,4,0,5
,,,,,,,,,532,11,6,4,,42,3,4,28,0,2,2,1,2,2,3,37,2,0,2,10,2,14,4,0,5
,,,,,,,,,533,11,6,5,,60,3,5,28,0,3,3,2,2,2,3,37,2,0,2,10,2,14,4,0,5
,,,,,,,,,534,11,6,6,,60,3,5,28,0,3,3,2,2,2,3,37,2,0,2,10,2,14,4,0,5
,,,,,,,,,535,11,6,7,,60,3,5,28,0,3,3,2,2,3,3,37,2,0,2,10,2,14,4,0,5
,,,,,,,,,536,11,6,8,,60,3,5,28,0,3,3,2,2,3,3,37,2,0,2,10,2,14,4,0,5
,,,,,,,,,537,11,6,9,,60,3,5,28,0,3,3,2,2,3,3,37,2,0,3,10,4,14,6,0,5
,,,,,,,,,538,11,6,10,,60,3,5,28,0,3,3,2,2,3,3,37,2,0,3,10,4,14,6,0,5
,,,,,,,,,539,11,6,11,,60,3,5,28,0,3,3,2,2,3,3,37,2,0,3,10,4,14,6,0,5
,,,,,,,,,540,11,6,12,,60,3,5,28,0,3,3,2,2,3,3,37,2,0,3,10,4,14,6,0,5
,,,,,,,,,541,11,6,13,,60,3,5,28,0,3,3,2,2,3,3,37,2,0,3,10,4,14,6,0,5
,,,,,,,,,542,11,6,14,,60,3,5,28,0,3,3,2,2,3,3,37,2,0,3,10,4,14,6,0,5
,,,,,,,,,543,11,6,15,,60,3,5,28,0,3,3,2,2,3,3,37,2,0,3,10,4,14,6,0,5
,,,,,,,,,544,11,6,16,,60,3,5,28,0,3,3,2,2,3,3,37,2,0,3,10,4,14,6,0,5
,,,,,,,,,545,11,6,17,,60,3,5,28,0,3,3,2,2,3,3,37,2,0,3,10,4,14,6,0,5
,,,,,,,,,546,11,6,18,,60,3,5,28,0,3,3,2,2,3,3,37,2,0,3,10,4,14,6,0,5
,,,,,,,,,547,11,6,19,,60,3,5,28,0,3,3,2,2,2,3,37,2,0,2,10,3,14,4,0,5
,,,,,,,,,548,11,6,20,,60,3,5,28,0,3,3,2,2,2,3,37,2,0,2,10,3,14,4,0,5
,,,,,,,,,549,11,6,21,,48,3,4,28,0,2,2,2,2,2,3,37,2,0,2,10,3,14,4,0,5
,,,,,,,,,550,11,6,22,,48,3,4,28,0,2,2,2,2,2,3,37,2,0,2,10,3,14,4,0,5
,,,,,,,,,551,11,6,23,,48,3,4,28,0,2,2,2,2,2,3,37,2,0,2,10,3,14,4,0,5
,,,,,,,,,552,11,6,24,,48,3,4,28,0,2,2,2,2,2,3,37,2,0,2,10,3,14,4,0,5
,,,,,,,,,553,11,7,1,,42,3,4,28,0,2,2,1,2,2,3,37,2,0,2,10,2,14,4,0,5
,,,,,,,,,554,11,7,2,,42,3,4,28,0,2,2,1,2,2,3,37,2,0,2,10,2,14,4,0,5
,,,,,,,,,555,11,7,3,,42,3,4,28,0,2,2,1,2,2,3,37,2,0,2,10,2,14,4,0,5
,,,,,,,,,556,11,7,4,,42,3,4,28,0,2,2,1,2,2,3,37,2,0,2,10,2,14,4,0,5
,,,,,,,,,557,11,7,5,,60,3,5,28,0,3,3,2,2,2,3,37,2,0,2,10,2,14,4,0,5
,,,,,,,,,558,11,7,6,,60,3,5,28,0,3,3,2,2,2,3,37,2,0,2,10,2,14,4,0,5
,,,,,,,,,559,11,7,7,,60,3,5,28,0,3,3,2,2,3,3,37,2,0,2,10,2,14,4,0,5
,,,,,,,,,560,11,7,8,,60,3,5,28,0,3,3,2,2,3,3,37,2,0,2,10,2,14,4,0,5
,,,,,,,,,561,11,7,9,,60,3,5,28,0,3,3,2,2,3,3,37,2,0,3,10,4,14,6,0,5
,,,,,,,,,562,11,7,10,,60,3,5,28,0,3,3,2,2,3,3,37,2,0,3,10,4,14,6,0,5
,,,,,,,,,563,11,7,11,,60,3,5,28,0,3,3,2,2,3,3,37,2,0,3,10,4,14,6,0,5
,,,,,,,,,564,11,7,12,,60,3,5,28,0,3,3,2,2,3,3,37,2,0,3,10,4,14,6,0,5
,,,,,,,,,565,11,7,13,,60,3,5,28,0,3,3,2,2,3,3,37,2,0,3,10,4,14,6,0,5
,,,,,,,,,566,11,7,14,,60,3,5,28,0,3,3,2,2,3,3,37,2,0,3,10,4,14,6,0,5
,,,,,,,,,567,11,7,15,,60,3,5,28,0,3,3,2,2,3,3,37,2,0,3,10,4,14,6,0,5
,,,,,,,,,568,11,7,16,,60,3,5,28,0,3,3,2,2,3,3,37,2,0,3,10,4,14,6,0,5
,,,,,,,,,569,11,7,17,,60,3,5,28,0,3,3,2,2,3,3,37,2,0,3,10,4,14,6,0,5
,,,,,,,,,570,11,7,18,,60,3,5,28,0,3,3,2,2,3,3,37,2,0,3,10,4,14,6,0,5
,,,,,,,,,571,11,7,19,,60,3,5,28,0,3,3,2,2,2,3,37,2,0,2,10,3,14,4,0,5
,,,,,,,,,572,11,7,20,,60,3,5,28,0,3,3,2,2,2,3,37,2,0,2,10,3,14,4,0,5
,,,,,,,,,573,11,7,21,,48,3,4,28,0,2,2,2,2,2,3,37,2,0,2,10,3,14,4,0,5
,,,,,,,,,574,11,7,22,,48,3,4,28,0,2,2,2,2,2,3,37,2,0,2,10,3,14,4,0,5
,,,,,,,,,575,11,7,23,,48,3,4,28,0,2,2,2,2,2,3,37,2,0,2,10,3,14,4,0,5
,,,,,,,,,576,11,7,24,,48,3,4,28,0,2,2,2,2,2,3,37,2,0,2,10,3,14,4,0,5
,,,,,,,,,577,11,8,1,,42,3,4,28,0,2,2,1,2,2,3,37,2,0,2,10,2,14,4,0,5
,,,,,,,,,578,11,8,2,,42,3,4,28,0,2,2,1,2,2,3,37,2,0,2,10,2,14,4,0,5
,,,,,,,,,579,11,8,3,,42,3,4,28,0,2,2,1,2,2,3,37,2,0,2,10,2,14,4,0,5
,,,,,,,,,580,11,8,4,,42,3,4,28,0,2,2,1,2,2,3,37,2,0,2,10,2,14,4,0,5
,,,,,,,,,581,11,8,5,,60,3,5,28,0,3,3,2,2,2,3,37,2,0,2,10,2,14,4,0,5
,,,,,,,,,582,11,8,6,,60,3,5,28,0,3,3,2,2,2,3,37,2,0,2,10,2,14,4,0,5
,,,,,,,,,583,11,8,7,,60,3,5,28,0,3,3,2,2,3,3,37,2,0,2,10,2,14,4,0,5
,,,,,,,,,584,11,8,8,,60,3,5,28,0,3,3,2,2,3,3,37,2,0,2,10,2,14,4,0,5
,,,,,,,,,585,11,8,9,,60,3,5,28,0,3,3,2,2,3,3,37,2,0,3,10,4,14,6,0,5
,,,,,,,,,586,11,8,10,,60,3,5,28,0,3,3,2,2,3,3,37,2,0,3,10,4,14,6,0,5
,,,,,,,,,587,11,8,11,,60,3,5,28,0,3,3,2,2,3,3,37,2,0,3,10,4,14,6,0,5
,,,,,,,,,588,11,8,12,,60,3,5,28,0,3,3,2,2,3,3,37,2,0,3,10,4,14,6,0,5
,,,,,,,,,589,11,8,13,,60,3,5,28,0,3,3,2,2,3,3,37,2,0,3,10,4,14,6,0,5
,,,,,,,,,590,11,8,14,,60,3,5,28,0,3,3,2,2,3,3,37,2,0,3,10,4,14,6,0,5
,,,,,,,,,591,11,8,15,,60,3,5,28,0,3,3,2,2,3,3,37,2,0,3,10,4,14,6,0,5
,,,,,,,,,592,11,8,16,,60,3,5,28,0,3,3,2,2,3,3,37,2,0,3,10,4,14,6,0,5
,,,,,,,,,593,11,8,17,,60,3,5,28,0,3,3,2,2,3,3,37,2,0,3,10,4,14,6,0,5
,,,,,,,,,594,11,8,18,,60,3,5,28,0,3,3,2,2,3,3,37,2,0,3,10,4,14,6,0,5
,,,,,,,,,595,11,8,19,,60,3,5,28,0,3,3,2,2,2,3,37,2,0,2,10,3,14,4,0,5
,,,,,,,,,596,11,8,20,,60,3,5,28,0,3,3,2,2,2,3,37,2,0,2,10,3,14,4,0,5
,,,,,,,,,597,11,8,21,,48,3,4,28,0,2,2,2,2,2,3,37,2,0,2,10,3,14,4,0,5
,,,,,,,,,598,11,8,22,,48,3,4,28,0,2,2,2,2,2,3,37,2,0,2,10,3,14,4,0,5
,,,,,,,,,599,11,8,23,,48,3,4,28,0,2,2,2,2,2,3,37,2,0,2,10,3,14,4,0,5
,,,,,,,,,600,11,8,24,,48,3,4,28,0,2,2,2,2,2,3,37,2,0,2,10,3,14,4,0,5
,,,,,,,,,601,11,9,1,,42,3,4,28,0,2,2,1,2,2,3,37,2,0,2,10,2,14,4,0,5
,,,,,,,,,602,11,9,2,,42,3,4,28,0,2,2,1,2,2,3,37,2,0,2,10,2,14,4,0,5
,,,,,,,,,603,11,9,3,,42,3,4,28,0,2,2,1,2,2,3,37,2,0,2,10,2,14,4,0,5
,,,,,,,,,604,11,9,4,,42,3,4,28,0,2,2,1,2,2,3,37,2,0,2,10,2,14,4,0,5
,,,,,,,,,605,11,9,5,,60,3,5,28,0,3,3,2,2,2,3,37,2,0,2,10,2,14,4,0,5
,,,,,,,,,606,11,9,6,,60,3,5,28,0,3,3,2,2,2,3,37,2,0,2,10,2,14,4,0,5
,,,,,,,,,607,11,9,7,,60,3,5,28,0,3,3,2,2,3,3,37,2,0,2,10,2,14,4,0,5
,,,,,,,,,608,11,9,8,,60,3,5,28,0,3,3,2,2,3,3,37,2,0,2,10,2,14,4,0,5
,,,,,,,,,609,11,9,9,,60,3,5,28,0,3,3,2,2,3,3,37,2,0,3,10,4,14,6,0,5
,,,,,,,,,610,11,9,10,,60,3,5,28,0,3,3,2,2,3,3,37,2,0,3,10,4,14,6,0,5
,,,,,,,,,611,11,9,11,,60,3,5,28,0,3,3,2,2,3,3,37,2,0,3,10,4,14,6,0,5
,,,,,,,,,612,11,9,12,,60,3,5,28,0,3,3,2,2,3,3,37,2,0,3,10,4,14,6,0,5
,,,,,,,,,613,11,9,13,,60,3,5,28,0,3,3,2,2,3,3,37,2,0,3,10,4,14,6,0,5
,,,,,,,,,614,11,9,14,,60,3,5,28,0,3,3,2,2,3,3,37,2,0,3,10,4,14,6,0,5
,,,,,,,,,615,11,9,15,,60,3,5,28,0,3,3,2,2,3,3,37,2,0,3,10,4,14,6,0,5
,,,,,,,,,616,11,9,16,,60,3,5,28,0,3,3,2,2,3,3,37,2,0,3,10,4,14,6,0,5
,,,,,,,,,617,11,9,17,,60,3,5,28,0,3,3,2,2,3,3,37,2,0,3,10,4,14,6,0,5
,,,,,,,,,618,11,9,18,,60,3,5,28,0,3,3,2,2,3,3,37,2,0,3,10,4,14,6,0,5
,,,,,,,,,619,11,9,19,,60,3,5,28,0,3,3,2,2,2,3,37,2,0,2,10,3,14,4,0,5
,,,,,,,,,620,11,9,20,,60,3,5,28,0,3,3,2,2,2,3,37,2,0,2,10,3,14,4,0,5
,,,,,,,,,621,11,9,21,,48,3,4,28,0,2,2,2,2,2,3,37,2,0,2,10,3,14,4,0,5
,,,,,,,,,622,11,9,22,,48,3,4,28,0,2,2,2,2,2,3,37,2,0,2,10,3,14,4,0,5
,,,,,,,,,623,11,9,23,,48,3,4,28,0,2,2,2,2,2,3,37,2,0,2,10,3,14,4,0,5
,,,,,,,,,624,11,9,24,,48,3,4,28,0,2,2,2,2,2,3,37,2,0,2,10,3,14,4,0,5
,,,,,,,,,625,11,10,1,,42,3,4,28,0,2,2,1,2,2,3,37,2,0,2,10,2,14,4,0,5
,,,,,,,,,626,11,10,2,,42,3,4,28,0,2,2,1,2,2,3,37,2,0,2,10,2,14,4,0,5
,,,,,,,,,627,11,10,3,,42,3,4,28,0,2,2,1,2,2,3,37,2,0,2,10,2,14,4,0,5
,,,,,,,,,628,11,10,4,,42,3,4,28,0,2,2,1,2,2,3,37,2,0,2,10,2,14,4,0,5
,,,,,,,,,629,11,10,5,,60,3,5,28,0,3,3,2,2,2,3,37,2,0,2,10,2,14,4,0,5
,,,,,,,,,630,11,10,6,,60,3,5,28,0,3,3,2,2,2,3,37,2,0,2,10,2,14,4,0,5
,,,,,,,,,631,11,10,7,,60,3,5,28,0,3,3,2,2,3,3,37,2,0,2,10,2,14,4,0,5
,,,,,,,,,632,11,10,8,,60,3,5,28,0,3,3,2,2,3,3,37,2,0,2,10,2,14,4,0,5
,,,,,,,,,633,11,10,9,,60,3,5,28,0,3,3,2,2,3,3,37,2,0,3,10,4,14,6,0,5
,,,,,,,,,634,11,10,10,,60,3,5,28,0,3,3,2,2,3,3,37,2,0,3,10,4,14,6,0,5
,,,,,,,,,635,11,10,11,,60,3,5,28,0,3,3,2,2,3,3,37,2,0,3,10,4,14,6,0,5
,,,,,,,,,636,11,10,12,,60,3,5,28,0,3,3,2,2,3,3,37,2,0,3,10,4,14,6,0,5
,,,,,,,,,637,11,10,13,,60,3,5,28,0,3,3,2,2,3,3,37,2,0,3,10,4,14,6,0,5
,,,,,,,,,638,11,10,14,,60,3,5,28,0,3,3,2,2,3,3,37,2,0,3,10,4,14,6,0,5
,,,,,,,,,639,11,10,15,,60,3,5,28,0,3,3,2,2,3,3,37,2,0,3,10,4,14,6,0,5
,,,,,,,,,640,11,10,16,,60,3,5,28,0,3,3,2,2,3,3,37,2,0,3,10,4,14,6,0,5
,,,,,,,,,641,11,10,17,,60,3,5,28,0,3,3,2,2,3,3,37,2,0,3,10,4,14,6,0,5
,,,,,,,,,642,11,10,18,,60,3,5,28,0,3,3,2,2,3,3,37,2,0,3,10,4,14,6,0,5
,,,,,,,,,643,11,10,19,,60,3,5,28,0,3,3,2,2,2,3,37,2,0,2,10,3,14,4,0,5
,,,,,,,,,644,11,10,20,,60,3,5,28,0,3,3,2,2,2,3,37,2,0,2,10,3,14,4,0,5
,,,,,,,,,645,11,10,21,,48,3,4,28,0,2,2,2,2,2,3,37,2,0,2,10,3,14,4,0,5
,,,,,,,,,646,11,10,22,,48,3,4,28,0,2,2,2,2,2,3,37,2,0,2,10,3,14,4,0,5
,,,,,,,,,647,11,10,23,,48,3,4,28,0,2,2,2,2,2,3,37,2,0,2,10,3,14,4,0,5
,,,,,,,,,648,11,10,24,,48,3,4,28,0,2,2,2,2,2,3,37,2,0,2,10,3,14,4,0,5
,,,,,,,,,649,11,11,1,,42,3,4,28,0,2,2,1,2,2,3,37,2,0,2,10,2,14,4,0,5
,,,,,,,,,650,11,11,2,,42,3,4,28,0,2,2,1,2,2,3,37,2,0,2,10,2,14,4,0,5
,,,,,,,,,651,11,11,3,,42,3,4,28,0,2,2,1,2,2,3,37,2,0,2,10,2,14,4,0,5
,,,,,,,,,652,11,11,4,,42,3,4,28,0,2,2,1,2,2,3,37,2,0,2,10,2,14,4,0,5
,,,,,,,,,653,11,11,5,,60,3,5,28,0,3,3,2,2,2,3,37,2,0,2,10,2,14,4,0,5
,,,,,,,,,654,11,11,6,,60,3,5,28,0,3,3,2,2,2,3,37,2,0,2,10,2,14,4,0,5
,,,,,,,,,655,11,11,7,,60,3,5,28,0,3,3,2,2,3,3,37,2,0,2,10,2,14,4,0,5
,,,,,,,,,656,11,11,8,,60,3,5,28,0,3,3,2,2,3,3,37,2,0,2,10,2,14,4,0,5
,,,,,,,,,657,11,11,9,,60,3,5,28,0,3,3,2,2,3,3,37,2,0,3,10,4,14,6,0,5
,,,,,,,,,658,11,11,10,,60,3,5,28,0,3,3,2,2,3,3,37,2,0,3,10,4,14,6,0,5
,,,,,,,,,659,11,11,11,,60,3,5,28,0,3,3,2,2,3,3,37,2,0,3,10,4,14,6,0,5
,,,,,,,,,660,11,11,12,,60,3,5,28,0,3,3,2,2,3,3,37,2,0,3,10,4,14,6,0,5
,,,,,,,,,661,11,11,13,,60,3,5,28,0,3,3,2,2,3,3,37,2,0,3,10,4,14,6,0,5
,,,,,,,,,662,11,11,14,,60,3,5,28,0,3,3,2,2,3,3,37,2,0,3,10,4,14,6,0,5
,,,,,,,,,663,11,11,15,,60,3,5,28,0,3,3,2,2,3,3,37,2,0,3,10,4,14,6,0,5
,,,,,,,,,664,11,11,16,,60,3,5,28,0,3,3,2,2,3,3,37,2,0,3,10,4,14,6,0,5
,,,,,,,,,665,11,11,17,,60,3,5,28,0,3,3,2,2,3,3,37,2,0,3,10,4,14,6,0,5
,,,,,,,,,666,11,11,18,,60,3,5,28,0,3,3,2,2,3,3,37,2,0,3,10,4,14,6,0,5
,,,,,,,,,667,11,11,19,,60,3,5,28,0,3,3,2,2,2,3,37,2,0,2,10,3,14,4,0,5
,,,,,,,,,668,11,11,20,,60,3,5,28,0,3,3,2,2,2,3,37,2,0,2,10,3,14,4,0,5
,,,,,,,,,669,11,11,21,,48,3,4,28,0,2,2,2,2,2,3,37,2,0,2,10,3,14,4,0,5
,,,,,,,,,670,11,11,22,,48,3,4,28,0,2,2,2,2,2,3,37,2,0,2,10,3,14,4,0,5
,,,,,,,,,671,11,11,23,,48,3,4,28,0,2,2,2,2,2,3,37,2,0,2,10,3,14,4,0,5
,,,,,,,,,672,11,11,24,,48,3,4,28,0,2,2,2,2,2,3,37,2,0,2,10,3,14,4,0,5
,,,,,,,,,673,2,19,1,,42,3,4,28,0,2,2,1,2,2,3,37,2,0,2,10,2,14,4,0,5
,,,,,,,,,674,2,19,2,,42,3,4,28,0,2,2,1,2,2,3,37,2,0,2,10,2,14,4,0,5
,,,,,,,,,675,2,19,3,,42,3,4,28,0,2,2,1,2,2,3,37,2,0,2,10,2,14,4,0,5
,,,,,,,,,676,2,19,4,,42,3,4,28,0,2,2,1,2,2,3,37,2,0,2,10,2,14,4,0,5
,,,,,,,,,677,2,19,5,,60,3,5,28,0,3,3,2,2,2,3,37,2,0,2,10,2,14,4,0,5
,,,,,,,,,678,2,19,6,,60,3,5,28,0,3,3,2,2,2,3,37,2,0,2,10,2,14,4,0,5
,,,,,,,,,679,2,19,7,,60,3,5,28,0,3,3,2,2,3,3,37,2,0,2,10,2,14,4,0,5
,,,,,,,,,680,2,19,8,,60,3,5,28,0,3,3,2,2,3,3,37,2,0,2,10,2,14,4,0,5
,,,,,,,,,681,2,19,9,,60,3,5,28,0,3,3,2,2,3,3,37,2,0,3,10,4,14,6,0,5
,,,,,,,,,682,2,19,10,,60,3,5,28,0,3,3,2,2,3,3,37,2,0,3,10,4,14,6,0,5
,,,,,,,,,683,2,19,11,,60,3,5,28,0,3,3,2,2,3,3,37,2,0,3,10,4,14,6,0,5
,,,,,,,,,684,2,19,12,,60,3,5,28,0,3,3,2,2,3,3,37,2,0,3,10,4,14,6,0,5
,,,,,,,,,685,2,19,13,,60,3,5,28,0,3,3,2,2,3,3,37,2,0,3,10,4,14,6,0,5
,,,,,,,,,686,2,19,14,,60,3,5,28,0,3,3,2,2,3,3,37,2,0,3,10,4,14,6,0,5
,,,,,,,,,687,2,19,15,,60,3,5,28,0,3,3,2,2,3,3,37,2,0,3,10,4,14,6,0,5
,,,,,,,,,688,2,19,16,,60,3,5,28,0,3,3,2,2,3,3,37,2,0,3,10,4,14,6,0,5
,,,,,,,,,689,2,19,17,,60,3,5,28,0,3,3,2,2,3,3,37,2,0,3,10,4,14,6,0,5
,,,,,,,,,690,2,19,18,,60,3,5,28,0,3,3,2,2,3,3,37,2,0,3,10,4,14,6,0,5
,,,,,,,,,691,2,19,19,,60,3,5,28,0,3,3,2,2,2,3,37,2,0,2,10,3,14,4,0,5
,,,,,,,,,692,2,19,20,,60,3,5,28,0,3,3,2,2,2,3,37,2,0,2,10,3,14,4,0,5
,,,,,,,,,693,2,19,21,,48,3,4,28,0,2,2,2,2,2,3,37,2,0,2,10,3,14,4,0,5
,,,,,,,,,694,2,19,22,,48,3,4,28,0,2,2,2,2,2,3,37,2,0,2,10,3,14,4,0,5
,,,,,,,,,695,2,19,23,,48,3,4,28,0,2,2,2,2,2,3,37,2,0,2,10,3,14,4,0,5
,,,,,,,,,696,2,19,24,,48,3,4,28,0,2,2,2,2,2,3,37,2,0,2,10,3,14,4,0,5
,,,,,,,,,697,2,20,1,,42,3,4,28,0,2,2,1,2,2,3,37,2,0,2,10,2,14,4,0,5
,,,,,,,,,698,2,20,2,,42,3,4,28,0,2,2,1,2,2,3,37,2,0,2,10,2,14,4,0,5
,,,,,,,,,699,2,20,3,,42,3,4,28,0,2,2,1,2,2,3,37,2,0,2,10,2,14,4,0,5
,,,,,,,,,700,2,20,4,,42,3,4,28,0,2,2,1,2,2,3,37,2,0,2,10,2,14,4,0,5
,,,,,,,,,701,2,20,5,,60,3,5,28,0,3,3,2,2,2,3,37,2,0,2,10,2,14,4,0,5
,,,,,,,,,702,2,20,6,,60,3,5,28,0,3,3,2,2,2,3,37,2,0,2,10,2,14,4,0,5
,,,,,,,,,703,2,20,7,,60,3,5,28,0,3,3,2,2,3,3,37,2,0,2,10,2,14,4,0,5
,,,,,,,,,704,2,20,8,,60,3,5,28,0,3,3,2,2,3,3,37,2,0,2,10,2,14,4,0,5
,,,,,,,,,705,2,20,9,,60,3,5,28,0,3,3,2,2,3,3,37,2,0,3,10,4,14,6,0,5
,,,,,,,,,706,2,20,10,,60,3,5,28,0,3,3,2,2,3,3,37,2,0,3,10,4,14,6,0,5
,,,,,,,,,707,2,20,11,,60,3,5,28,0,3,3,2,2,3,3,37,2,0,3,10,4,14,6,0,5
,,,,,,,,,708,2,20,12,,60,3,5,28,0,3,3,2,2,3,3,37,2,0,3,10,4,14,6,0,5
,,,,,,,,,709,2,20,13,,60,3,5,28,0,3,3,2,2,3,3,37,2,0,3,10,4,14,6,0,5
,,,,,,,,,710,2,20,14,,60,3,5,28,0,3,3,2,2,3,3,37,2,0,3,10,4,14,6,0,5
,,,,,,,,,711,2,20,15,,60,3,5,28,0,3,3,2,2,3,3,37,2,0,3,10,4,14,6,0,5
,,,,,,,,,712,2,20,16,,60,3,5,28,0,3,3,2,2,3,3,37,2,0,3,10,4,14,6,0,5
,,,,,,,,,713,2,20,17,,60,3,5,28,0,3,3,2,2,3,3,37,2,0,3,10,4,14,6,0,5
,,,,,,,,,714,2,20,18,,60,3,5,28,0,3,3,2,2,3,3,37,2,0,3,10,4,14,6,0,5
,,,,,,,,,715,2,20,19,,60,3,5,28,0,3,3,2,2,2,3,37,2,0,2,10,3,14,4,0,5
,,,,,,,,,716,2,20,20,,60,3,5,28,0,3,3,2,2,2,3,37,2,0,2,10,3,14,4,0,5
,,,,,,,,,717,2,20,21,,48,3,4,28,0,2,2,2,2,2,3,37,2,0,2,10,3,14,4,0,5
,,,,,,,,,718,2,20,22,,48,3,4,28,0,2,2,2,2,2,3,37,2,0,2,10,3,14,4,0,5
,,,,,,,,,719,2,20,23,,48,3,4,28,0,2,2,2,2,2,3,37,2,0,2,10,3,14,4,0,5
,,,,,,,,,720,2,20,24,,48,3,4,28,0,2,2,2,2,2,3,37,2,0,2,10,3,14,4,0,5
,,,,,,,,,721,2,21,1,,42,3,4,28,0,2,2,1,2,2,3,37,2,0,2,10,2,14,4,0,5
,,,,,,,,,722,2,21,2,,42,3,4,28,0,2,2,1,2,2,3,37,2,0,2,10,2,14,4,0,5
,,,,,,,,,723,2,21,3,,42,3,4,28,0,2,2,1,2,2,3,37,2,0,2,10,2,14,4,0,5
,,,,,,,,,724,2,21,4,,42,3,4,28,0,2,2,1,2,2,3,37,2,0,2,10,2,14,4,0,5
,,,,,,,,,725,2,21,5,,60,3,5,28,0,3,3,2,2,2,3,37,2,0,2,10,2,14,4,0,5
,,,,,,,,,726,2,21,6,,60,3,5,28,0,3,3,2,2,2,3,37,2,0,2,10,2,14,4,0,5
,,,,,,,,,727,2,21,7,,60,3,5,28,0,3,3,2,2,3,3,37,2,0,2,10,2,14,4,0,5
,,,,,,,,,728,2,21,8,,60,3,5,28,0,3,3,2,2,3,3,37,2,0,2,10,2,14,4,0,5
,,,,,,,,,729,2,21,9,,60,3,5,28,0,3,3,2,2,3,3,37,2,0,3,10,4,14,6,0,5
,,,,,,,,,730,2,21,10,,60,3,5,28,0,3,3,2,2,3,3,37,2,0,3,10,4,14,6,0,5
,,,,,,,,,731,2,21,11,,60,3,5,28,0,3,3,2,2,3,3,37,2,0,3,10,4,14,6,0,5
,,,,,,,,,732,2,21,12,,60,3,5,28,0,3,3,2,2,3,3,37,2,0,3,10,4,14,6,0,5
,,,,,,,,,733,2,21,13,,60,3,5,28,0,3,3,2,2,3,3,37,2,0,3,10,4,14,6,0,5
,,,,,,,,,734,2,21,14,,60,3,5,28,0,3,3,2,2,3,3,37,2,0,3,10,4,14,6,0,5
,,,,,,,,,735,2,21,15,,60,3,5,28,0,3,3,2,2,3,3,37,2,0,3,10,4,14,6,0,5
,,,,,,,,,736,2,21,16,,60,3,5,28,0,3,3,2,2,3,3,37,2,0,3,10,4,14,6,0,5
,,,,,,,,,737,2,21,17,,60,3,5,28,0,3,3,2,2,3,3,37,2,0,3,10,4,14,6,0,5
,,,,,,,,,738,2,21,18,,60,3,5,28,0,3,3,2,2,3,3,37,2,0,3,10,4,14,6,0,5
,,,,,,,,,739,2,21,19,,60,3,5,28,0,3,3,2,2,2,3,37,2,0,2,10,3,14,4,0,5
,,,,,,,,,740,2,21,20,,60,3,5,28,0,3,3,2,2,2,3,37,2,0,2,10,3,14,4,0,5
,,,,,,,,,741,2,21,21,,48,3,4,28,0,2,2,2,2,2,3,37,2,0,2,10,3,14,4,0,5
,,,,,,,,,742,2,21,22,,48,3,4,28,0,2,2,2,2,2,3,37,2,0,2,10,3,14,4,0,5
,,,,,,,,,743,2,21,23,,48,3,4,28,0,2,2,2,2,2,3,37,2,0,2,10,3,14,4,0,5
,,,,,,,,,744,2,21,24,,48,3,4,28,0,2,2,2,2,2,3,37,2,0,2,10,3,14,4,0,5
,,,,,,,,,745,2,22,1,,42,3,4,28,0,2,2,1,2,2,3,37,2,0,2,10,2,14,4,0,5
,,,,,,,,,746,2,22,2,,42,3,4,28,0,2,2,1,2,2,3,37,2,0,2,10,2,14,4,0,5
,,,,,,,,,747,2,22,3,,42,3,4,28,0,2,2,1,2,2,3,37,2,0,2,10,2,14,4,0,5
,,,,,,,,,748,2,22,4,,42,3,4,28,0,2,2,1,2,2,3,37,2,0,2,10,2,14,4,0,5
,,,,,,,,,749,2,22,5,,60,3,5,28,0,3,3,2,2,2,3,37,2,0,2,10,2,14,4,0,5
,,,,,,,,,750,2,22,6,,60,3,5,28,0,3,3,2,2,2,3,37,2,0,2,10,2,14,4,0,5
,,,,,,,,,751,2,22,7,,60,3,5,28,0,3,3,2,2,3,3,37,2,0,2,10,2,14,4,0,5
,,,,,,,,,752,2,22,8,,60,3,5,28,0,3,3,2,2,3,3,37,2,0,2,10,2,14,4,0,5
,,,,,,,,,753,2,22,9,,60,3,5,28,0,3,3,2,2,3,3,37,2,0,3,10,4,14,6,0,5
,,,,,,,,,754,2,22,10,,60,3,5,28,0,3,3,2,2,3,3,37,2,0,3,10,4,14,6,0,5
,,,,,,,,,755,2,22,11,,60,3,5,28,0,3,3,2,2,3,3,37,2,0,3,10,4,14,6,0,5
,,,,,,,,,756,2,22,12,,60,3,5,28,0,3,3,2,2,3,3,37,2,0,3,10,4,14,6,0,5
,,,,,,,,,757,2,22,13,,60,3,5,28,0,3,3,2,2,3,3,37,2,0,3,10,4,14,6,0,5
,,,,,,,,,758,2,22,14,,60,3,5,28,0,3,3,2,2,3,3,37,2,0,3,10,4,14,6,0,5
,,,,,,,,,759,2,22,15,,60,3,5,28,0,3,3,2,2,3,3,37,2,0,3,10,4,14,6,0,5
,,,,,,,,,760,2,22,16,,60,3,5,28,0,3,3,2,2,3,3,37,2,0,3,10,4,14,6,0,5
,,,,,,,,,761,2,22,17,,60,3,5,28,0,3,3,2,2,3,3,37,2,0,3,10,4,14,6,0,5
,,,,,,,,,762,2,22,18,,60,3,5,28,0,3,3,2,2,3,3,37,2,0,3,10,4,14,6,0,5
,,,,,,,,,763,2,22,19,,60,3,5,28,0,3,3,2,2,2,3,37,2,0,2,10,3,14,4,0,5
,,,,,,,,,764,2,22,20,,60,3,5,28,0,3,3,2,2,2,3,37,2,0,2,10,3,14,4,0,5
,,,,,,,,,765,2,22,21,,48,3,4,28,0,2,2,2,2,2,3,37,2,0,2,10,3,14,4,0,5
,,,,,,,,,766,2,22,22,,48,3,4,28,0,2,2,2,2,2,3,37,2,0,2,10,3,14,4,0,5
,,,,,,,,,767,2,22,23,,48,3,4,28,0,2,2,2,2,2,3,37,2,0,2,10,3,14,4,0,5
,,,,,,,,,768,2,22,24,,48,3,4,28,0,2,2,2,2,2,3,37,2,0,2,10,3,14,4,0,5
,,,,,,,,,769,2,23,1,,42,3,4,28,0,2,2,1,2,2,3,37,2,0,2,10,2,14,4,0,5
,,,,,,,,,770,2,23,2,,42,3,4,28,0,2,2,1,2,2,3,37,2,0,2,10,2,14,4,0,5
,,,,,,,,,771,2,23,3,,42,3,4,28,0,2,2,1,2,2,3,37,2,0,2,10,2,14,4,0,5
,,,,,,,,,772,2,23,4,,42,3,4,28,0,2,2,1,2,2,3,37,2,0,2,10,2,14,4,0,5
,,,,,,,,,773,2,23,5,,60,3,5,28,0,3,3,2,2,2,3,37,2,0,2,10,2,14,4,0,5
,,,,,,,,,774,2,23,6,,60,3,5,28,0,3,3,2,2,2,3,37,2,0,2,10,2,14,4,0,5
,,,,,,,,,775,2,23,7,,60,3,5,28,0,3,3,2,2,3,3,37,2,0,2,10,2,14,4,0,5
,,,,,,,,,776,2,23,8,,60,3,5,28,0,3,3,2,2,3,3,37,2,0,2,10,2,14,4,0,5
,,,,,,,,,777,2,23,9,,60,3,5,28,0,3,3,2,2,3,3,37,2,0,3,10,4,14,6,0,5
,,,,,,,,,778,2,23,10,,60,3,5,28,0,3,3,2,2,3,3,37,2,0,3,10,4,14,6,0,5
,,,,,,,,,779,2,23,11,,60,3,5,28,0,3,3,2,2,3,3,37,2,0,3,10,4,14,6,0,5
,,,,,,,,,780,2,23,12,,60,3,5,28,0,3,3,2,2,3,3,37,2,0,3,10,4,14,6,0,5
,,,,,,,,,781,2,23,13,,60,3,5,28,0,3,3,2,2,3,3,37,2,0,3,10,4,14,6,0,5
,,,,,,,,,782,2,23,14,,60,3,5,28,0,3,3,2,2,3,3,37,2,0,3,10,4,14,6,0,5
,,,,,,,,,783,2,23,15,,60,3,5,28,0,3,3,2,2,3,3,37,2,0,3,10,4,14,6,0,5
,,,,,,,,,784,2,23,16,,60,3,5,28,0,3,3,2,2,3,3,37,2,0,3,10,4,14,6,0,5
,,,,,,,,,785,2,23,17,,60,3,5,28,0,3,3,2,2,3,3,37,2,0,3,10,4,14,6,0,5
,,,,,,,,,786,2,23,18,,60,3,5,28,0,3,3,2,2,3,3,37,2,0,3,10,4,14,6,0,5
,,,,,,,,,787,2,23,19,,60,3,5,28,0,3,3,2,2,2,3,37,2,0,2,10,3,14,4,0,5
,,,,,,,,,788,2,23,20,,60,3,5,28,0,3,3,2,2,2,3,37,2,0,2,10,3,14,4,0,5
,,,,,,,,,789,2,23,21,,48,3,4,28,0,2,2,2,2,2,3,37,2,0,2,10,3,14,4,0,5
,,,,,,,,,790,2,23,22,,48,3,4,28,0,2,2,2,2,2,3,37,2,0,2,10,3,14,4,0,5
,,,,,,,,,791,2,23,23,,48,3,4,28,0,2,2,2,2,2,3,37,2,0,2,10,3,14,4,0,5
,,,,,,,,,792,2,23,24,,48,3,4,28,0,2,2,2,2,2,3,37,2,0,2,10,3,14,4,0,5
,,,,,,,,,793,2,24,1,,42,3,4,28,0,2,2,1,2,2,3,37,2,0,2,10,2,14,4,0,5
,,,,,,,,,794,2,24,2,,42,3,4,28,0,2,2,1,2,2,3,37,2,0,2,10,2,14,4,0,5
,,,,,,,,,795,2,24,3,,42,3,4,28,0,2,2,1,2,2,3,37,2,0,2,10,2,14,4,0,5
,,,,,,,,,796,2,24,4,,42,3,4,28,0,2,2,1,2,2,3,37,2,0,2,10,2,14,4,0,5
,,,,,,,,,797,2,24,5,,60,3,5,28,0,3,3,2,2,2,3,37,2,0,2,10,2,14,4,0,5
,,,,,,,,,798,2,24,6,,60,3,5,28,0,3,3,2,2,2,3,37,2,0,2,10,2,14,4,0,5
,,,,,,,,,799,2,24,7,,60,3,5,28,0,3,3,2,2,3,3,37,2,0,2,10,2,14,4,0,5
,,,,,,,,,800,2,24,8,,60,3,5,28,0,3,3,2,2,3,3,37,2,0,2,10,2,14,4,0,5
,,,,,,,,,801,2,24,9,,60,3,5,28,0,3,3,2,2,3,3,37,2,0,3,10,4,14,6,0,5
,,,,,,,,,802,2,24,10,,60,3,5,28,0,3,3,2,2,3,3,37,2,0,3,10,4,14,6,0,5
,,,,,,,,,803,2,24,11,,60,3,5,28,0,3,3,2,2,3,3,37,2,0,3,10,4,14,6,0,5
,,,,,,,,,804,2,24,12,,60,3,5,28,0,3,3,2,2,3,3,37,2,0,3,10,4,14,6,0,5
,,,,,,,,,805,2,24,13,,60,3,5,28,0,3,3,2,2,3,3,37,2,0,3,10,4,14,6,0,5
,,,,,,,,,806,2,24,14,,60,3,5,28,0,3,3,2,2,3,3,37,2,0,3,10,4,14,6,0,5
,,,,,,,,,807,2,24,15,,60,3,5,28,0,3,3,2,2,3,3,37,2,0,3,10,4,14,6,0,5
,,,,,,,,,808,2,24,16,,60,3,5,28,0,3,3,2,2,3,3,37,2,0,3,10,4,14,6,0,5
,,,,,,,,,809,2,24,17,,60,3,5,28,0,3,3,2,2,3,3,37,2,0,3,10,4,14,6,0,5
,,,,,,,,,810,2,24,18,,60,3,5,28,0,3,3,2,2,3,3,37,2,0,3,10,4,14,6,0,5
,,,,,,,,,811,2,24,19,,60,3,5,28,0,3,3,2,2,2,3,37,2,0,2,10,3,14,4,0,5
,,,,,,,,,812,2,24,20,,60,3,5,28,0,3,3,2,2,2,3,37,2,0,2,10,3,14,4,0,5
,,,,,,,,,813,2,24,21,,48,3,4,28,0,2,2,2,2,2,3,37,2,0,2,10,3,14,4,0,5
,,,,,,,,,814,2,24,22,,48,3,4,28,0,2,2,2,2,2,3,37,2,0,2,10,3,14,4,0,5
,,,,,,,,,815,2,24,23,,48,3,4,28,0,2,2,2,2,2,3,37,2,0,2,10,3,14,4,0,5
,,,,,,,,,816,2,24,24,,48,3,4,28,0,2,2,2,2,2,3,37,2,0,2,10,3,14,4,0,5
,,,,,,,,,817,2,25,1,,42,3,4,28,0,2,2,1,2,2,3,37,2,0,2,10,2,14,4,0,5
,,,,,,,,,818,2,25,2,,42,3,4,28,0,2,2,1,2,2,3,37,2,0,2,10,2,14,4,0,5
,,,,,,,,,819,2,25,3,,42,3,4,28,0,2,2,1,2,2,3,37,2,0,2,10,2,14,4,0,5
,,,,,,,,,820,2,25,4,,42,3,4,28,0,2,2,1,2,2,3,37,2,0,2,10,2,14,4,0,5
,,,,,,,,,821,2,25,5,,60,3,5,28,0,3,3,2,2,2,3,37,2,0,2,10,2,14,4,0,5
,,,,,,,,,822,2,25,6,,60,3,5,28,0,3,3,2,2,2,3,37,2,0,2,10,2,14,4,0,5
,,,,,,,,,823,2,25,7,,60,3,5,28,0,3,3,2,2,3,3,37,2,0,2,10,2,14,4,0,5
,,,,,,,,,824,2,25,8,,60,3,5,28,0,3,3,2,2,3,3,37,2,0,2,10,2,14,4,0,5
,,,,,,,,,825,2,25,9,,60,3,5,28,0,3,3,2,2,3,3,37,2,0,3,10,4,14,6,0,5
,,,,,,,,,826,2,25,10,,60,3,5,28,0,3,3,2,2,3,3,37,2,0,3,10,4,14,6,0,5
,,,,,,,,,827,2,25,11,,60,3,5,28,0,3,3,2,2,3,3,37,2,0,3,10,4,14,6,0,5
,,,,,,,,,828,2,25,12,,60,3,5,28,0,3,3,2,2,3,3,37,2,0,3,10,4,14,6,0,5
,,,,,,,,,829,2,25,13,,60,3,5,28,0,3,3,2,2,3,3,37,2,0,3,10,4,14,6,0,5
,,,,,,,,,830,2,25,14,,60,3,5,28,0,3,3,2,2,3,3,37,2,0,3,10,4,14,6,0,5
,,,,,,,,,831,2,25,15,,60,3,5,28,0,3,3,2,2,3,3,37,2,0,3,10,4,14,6,0,5
,,,,,,,,,832,2,25,16,,60,3,5,28,0,3,3,2,2,3,3,37,2,0,3,10,4,14,6,0,5
,,,,,,,,,833,2,25,17,,60,3,5,28,0,3,3,2,2,3,3,37,2,0,3,10,4,14,6,0,5
,,,,,,,,,834,2,25,18,,60,3,5,28,0,3,3,2,2,3,3,37,2,0,3,10,4,14,6,0,5
,,,,,,,,,835,2,25,19,,60,3,5,28,0,3,3,2,2,2,3,37,2,0,2,10,3,14,4,0,5
,,,,,,,,,836,2,25,20,,60,3,5,28,0,3,3,2,2,2,3,37,2,0,2,10,3,14,4,0,5
,,,,,,,,,837,2,25,21,,48,3,4,28,0,2,2,2,2,2,3,37,2,0,2,10,3,14,4,0,5
,,,,,,,,,838,2,25,22,,48,3,4,28,0,2,2,2,2,2,3,37,2,0,2,10,3,14,4,0,5
,,,,,,,,,839,2,25,23,,48,3,4,28,0,2,2,2,2,2,3,37,2,0,2,10,3,14,4,0,5
,,,,,,,,,840,2,25,24,,48,3,4,28,0,2,2,2,2,2,3,37,2,0,2,10,3,14,4,0,5
,,,,,,,,,841,11,12,1,,42,3,4,28,0,2,2,1,2,2,3,37,2,0,2,10,2,14,4,0,5
,,,,,,,,,842,11,12,2,,42,3,4,28,0,2,2,1,2,2,3,37,2,0,2,10,2,14,4,0,5
,,,,,,,,,843,11,12,3,,42,3,4,28,0,2,2,1,2,2,3,37,2,0,2,10,2,14,4,0,5
,,,,,,,,,844,11,12,4,,42,3,4,28,0,2,2,1,2,2,3,37,2,0,2,10,2,14,4,0,5
,,,,,,,,,845,11,12,5,,60,3,5,28,0,3,3,2,2,2,3,37,2,0,2,10,2,14,4,0,5
,,,,,,,,,846,11,12,6,,60,3,5,28,0,3,3,2,2,2,3,37,2,0,2,10,2,14,4,0,5
,,,,,,,,,847,11,12,7,,60,3,5,28,0,3,3,2,2,3,3,37,2,0,2,10,2,14,4,0,5
,,,,,,,,,848,11,12,8,,60,3,5,28,0,3,3,2,2,3,3,37,2,0,2,10,2,14,4,0,5
,,,,,,,,,849,11,12,9,,60,3,5,28,0,3,3,2,2,3,3,37,2,0,3,10,4,14,6,0,5
,,,,,,,,,850,11,12,10,,60,3,5,28,0,3,3,2,2,3,3,37,2,0,3,10,4,14,6,0,5
,,,,,,,,,851,11,12,11,,60,3,5,28,0,3,3,2,2,3,3,37,2,0,3,10,4,14,6,0,5
,,,,,,,,,852,11,12,12,,60,3,5,28,0,3,3,2,2,3,3,37,2,0,3,10,4,14,6,0,5
,,,,,,,,,853,11,12,13,,60,3,5,28,0,3,3,2,2,3,3,37,2,0,3,10,4,14,6,0,5
,,,,,,,,,854,11,12,14,,60,3,5,28,0,3,3,2,2,3,3,37,2,0,3,10,4,14,6,0,5
,,,,,,,,,855,11,12,15,,60,3,5,28,0,3,3,2,2,3,3,37,2,0,3,10,4,14,6,0,5
,,,,,,,,,856,11,12,16,,60,3,5,28,0,3,3,2,2,3,3,37,2,0,3,10,4,14,6,0,5
,,,,,,,,,857,11,12,17,,60,3,5,28,0,3,3,2,2,3,3,37,2,0,3,10,4,14,6,0,5
,,,,,,,,,858,11,12,18,,60,3,5,28,0,3,3,2,2,3,3,37,2,0,3,10,4,14,6,0,5
,,,,,,,,,859,11,12,19,,60,3,5,28,0,3,3,2,2,2,3,37,2,0,2,10,3,14,4,0,5
,,,,,,,,,860,11,12,20,,60,3,5,28,0,3,3,2,2,2,3,37,2,0,2,10,3,14,4,0,5
,,,,,,,,,861,11,12,21,,48,3,4,28,0,2,2,2,2,2,3,37,2,0,2,10,3,14,4,0,5
,,,,,,,,,862,11,12,22,,48,3,4,28,0,2,2,2,2,2,3,37,2,0,2,10,3,14,4,0,5
,,,,,,,,,863,11,12,23,,48,3,4,28,0,2,2,2,2,2,3,37,2,0,2,10,3,14,4,0,5
,,,,,,,,,864,11,12,24,,48,3,4,28,0,2,2,2,2,2,3,37,2,0,2,10,3,14,4,0,5
,,,,,,,,,865,11,13,1,,42,3,4,28,0,2,2,1,2,2,3,37,2,0,2,10,2,14,4,0,5
,,,,,,,,,866,11,13,2,,42,3,4,28,0,2,2,1,2,2,3,37,2,0,2,10,2,14,4,0,5
,,,,,,,,,867,11,13,3,,42,3,4,28,0,2,2,1,2,2,3,37,2,0,2,10,2,14,4,0,5
,,,,,,,,,868,11,13,4,,42,3,4,28,0,2,2,1,2,2,3,37,2,0,2,10,2,14,4,0,5
,,,,,,,,,869,11,13,5,,60,3,5,28,0,3,3,2,2,2,3,37,2,0,2,10,2,14,4,0,5
,,,,,,,,,870,11,13,6,,60,3,5,28,0,3,3,2,2,2,3,37,2,0,2,10,2,14,4,0,5
,,,,,,,,,871,11,13,7,,60,3,5,28,0,3,3,2,2,3,3,37,2,0,2,10,2,14,4,0,5
,,,,,,,,,872,11,13,8,,60,3,5,28,0,3,3,2,2,3,3,37,2,0,2,10,2,14,4,0,5
,,,,,,,,,873,11,13,9,,60,3,5,28,0,3,3,2,2,3,3,37,2,0,3,10,4,14,6,0,5
,,,,,,,,,874,11,13,10,,60,3,5,28,0,3,3,2,2,3,3,37,2,0,3,10,4,14,6,0,5
,,,,,,,,,875,11,13,11,,60,3,5,28,0,3,3,2,2,3,3,37,2,0,3,10,4,14,6,0,5
,,,,,,,,,876,11,13,12,,60,3,5,28,0,3,3,2,2,3,3,37,2,0,3,10,4,14,6,0,5
,,,,,,,,,877,11,13,13,,60,3,5,28,0,3,3,2,2,3,3,37,2,0,3,10,4,14,6,0,5
,,,,,,,,,878,11,13,14,,60,3,5,28,0,3,3,2,2,3,3,37,2,0,3,10,4,14,6,0,5
,,,,,,,,,879,11,13,15,,60,3,5,28,0,3,3,2,2,3,3,37,2,0,3,10,4,14,6,0,5
,,,,,,,,,880,11,13,16,,60,3,5,28,0,3,3,2,2,3,3,37,2,0,3,10,4,14,6,0,5
,,,,,,,,,881,11,13,17,,60,3,5,28,0,3,3,2,2,3,3,37,2,0,3,10,4,14,6,0,5
,,,,,,,,,882,11,13,18,,60,3,5,28,0,3,3,2,2,3,3,37,2,0,3,10,4,14,6,0,5
,,,,,,,,,883,11,13,19,,60,3,5,28,0,3,3,2,2,2,3,37,2,0,2,10,3,14,4,0,5
,,,,,,,,,884,11,13,20,,60,3,5,28,0,3,3,2,2,2,3,37,2,0,2,10,3,14,4,0,5
,,,,,,,,,885,11,13,21,,48,3,4,28,0,2,2,2,2,2,3,37,2,0,2,10,3,14,4,0,5
,,,,,,,,,886,11,13,22,,48,3,4,28,0,2,2,2,2,2,3,37,2,0,2,10,3,14,4,0,5
,,,,,,,,,887,11,13,23,,48,3,4,28,0,2,2,2,2,2,3,37,2,0,2,10,3,14,4,0,5
,,,,,,,,,888,11,13,24,,48,3,4,28,0,2,2,2,2,2,3,37,2,0,2,10,3,14,4,0,5
,,,,,,,,,889,11,14,1,,42,3,4,28,0,2,2,1,2,2,3,37,2,0,2,10,2,14,4,0,5
,,,,,,,,,890,11,14,2,,42,3,4,28,0,2,2,1,2,2,3,37,2,0,2,10,2,14,4,0,5
,,,,,,,,,891,11,14,3,,42,3,4,28,0,2,2,1,2,2,3,37,2,0,2,10,2,14,4,0,5
,,,,,,,,,892,11,14,4,,42,3,4,28,0,2,2,1,2,2,3,37,2,0,2,10,2,14,4,0,5
,,,,,,,,,893,11,14,5,,60,3,5,28,0,3,3,2,2,2,3,37,2,0,2,10,2,14,4,0,5
,,,,,,,,,894,11,14,6,,60,3,5,28,0,3,3,2,2,2,3,37,2,0,2,10,2,14,4,0,5
,,,,,,,,,895,11,14,7,,60,3,5,28,0,3,3,2,2,3,3,37,2,0,2,10,2,14,4,0,5
,,,,,,,,,896,11,14,8,,60,3,5,28,0,3,3,2,2,3,3,37,2,0,2,10,2,14,4,0,5
,,,,,,,,,897,11,14,9,,60,3,5,28,0,3,3,2,2,3,3,37,2,0,3,10,4,14,6,0,5
,,,,,,,,,898,11,14,10,,60,3,5,28,0,3,3,2,2,3,3,37,2,0,3,10,4,14,6,0,5
,,,,,,,,,899,11,14,11,,60,3,5,28,0,3,3,2,2,3,3,37,2,0,3,10,4,14,6,0,5
,,,,,,,,,900,11,14,12,,60,3,5,28,0,3,3,2,2,3,3,37,2,0,3,10,4,14,6,0,5
,,,,,,,,,901,11,14,13,,60,3,5,28,0,3,3,2,2,3,3,37,2,0,3,10,4,14,6,0,5
,,,,,,,,,902,11,14,14,,60,3,5,28,0,3,3,2,2,3,3,37,2,0,3,10,4,14,6,0,5
,,,,,,,,,903,11,14,15,,60,3,5,28,0,3,3,2,2,3,3,37,2,0,3,10,4,14,6,0,5
,,,,,,,,,904,11,14,16,,60,3,5,28,0,3,3,2,2,3,3,37,2,0,3,10,4,14,6,0,5
,,,,,,,,,905,11,14,17,,60,3,5,28,0,3,3,2,2,3,3,37,2,0,3,10,4,14,6,0,5
,,,,,,,,,906,11,14,18,,60,3,5,28,0,3,3,2,2,3,3,37,2,0,3,10,4,14,6,0,5
,,,,,,,,,907,11,14,19,,60,3,5,28,0,3,3,2,2,2,3,37,2,0,2,10,3,14,4,0,5
,,,,,,,,,908,11,14,20,,60,3,5,28,0,3,3,2,2,2,3,37,2,0,2,10,3,14,4,0,5
,,,,,,,,,909,11,14,21,,48,3,4,28,0,2,2,2,2,2,3,37,2,0,2,10,3,14,4,0,5
,,,,,,,,,910,11,14,22,,48,3,4,28,0,2,2,2,2,2,3,37,2,0,2,10,3,14,4,0,5
,,,,,,,,,911,11,14,23,,48,3,4,28,0,2,2,2,2,2,3,37,2,0,2,10,3,14,4,0,5
,,,,,,,,,912,11,14,24,,48,3,4,28,0,2,2,2,2,2,3,37,2,0,2,10,3,14,4,0,5
,,,,,,,,,913,11,15,1,,42,3,4,28,0,2,2,1,2,2,3,37,2,0,2,10,2,14,4,0,5
,,,,,,,,,914,11,15,2,,42,3,4,28,0,2,2,1,2,2,3,37,2,0,2,10,2,14,4,0,5
,,,,,,,,,915,11,15,3,,42,3,4,28,0,2,2,1,2,2,3,37,2,0,2,10,2,14,4,0,5
,,,,,,,,,916,11,15,4,,42,3,4,28,0,2,2,1,2,2,3,37,2,0,2,10,2,14,4,0,5
,,,,,,,,,917,11,15,5,,60,3,5,28,0,3,3,2,2,2,3,37,2,0,2,10,2,14,4,0,5
,,,,,,,,,918,11,15,6,,60,3,5,28,0,3,3,2,2,2,3,37,2,0,2,10,2,14,4,0,5
,,,,,,,,,919,11,15,7,,60,3,5,28,0,3,3,2,2,3,3,37,2,0,2,10,2,14,4,0,5
,,,,,,,,,920,11,15,8,,60,3,5,28,0,3,3,2,2,3,3,37,2,0,2,10,2,14,4,0,5
,,,,,,,,,921,11,15,9,,60,3,5,28,0,3,3,2,2,3,3,37,2,0,3,10,4,14,6,0,5
,,,,,,,,,922,11,15,10,,60,3,5,28,0,3,3,2,2,3,3,37,2,0,3,10,4,14,6,0,5
,,,,,,,,,923,11,15,11,,60,3,5,28,0,3,3,2,2,3,3,37,2,0,3,10,4,14,6,0,5
,,,,,,,,,924,11,15,12,,60,3,5,28,0,3,3,2,2,3,3,37,2,0,3,10,4,14,6,0,5
,,,,,,,,,925,11,15,13,,60,3,5,28,0,3,3,2,2,3,3,37,2,0,3,10,4,14,6,0,5
,,,,,,,,,926,11,15,14,,60,3,5,28,0,3,3,2,2,3,3,37,2,0,3,10,4,14,6,0,5
,,,,,,,,,927,11,15,15,,60,3,5,28,0,3,3,2,2,3,3,37,2,0,3,10,4,14,6,0,5
,,,,,,,,,928,11,15,16,,60,3,5,28,0,3,3,2,2,3,3,37,2,0,3,10,4,14,6,0,5
,,,,,,,,,929,11,15,17,,60,3,5,28,0,3,3,2,2,3,3,37,2,0,3,10,4,14,6,0,5
,,,,,,,,,930,11,15,18,,60,3,5,28,0,3,3,2,2,3,3,37,2,0,3,10,4,14,6,0,5
,,,,,,,,,931,11,15,19,,60,3,5,28,0,3,3,2,2,2,3,37,2,0,2,10,3,14,4,0,5
,,,,,,,,,932,11,15,20,,60,3,5,28,0,3,3,2,2,2,3,37,2,0,2,10,3,14,4,0,5
,,,,,,,,,933,11,15,21,,48,3,4,28,0,2,2,2,2,2,3,37,2,0,2,10,3,14,4,0,5
,,,,,,,,,934,11,15,22,,48,3,4,28,0,2,2,2,2,2,3,37,2,0,2,10,3,14,4,0,5
,,,,,,,,,935,11,15,23,,48,3,4,28,0,2,2,2,2,2,3,37,2,0,2,10,3,14,4,0,5
,,,,,,,,,936,11,15,24,,48,3,4,28,0,2,2,2,2,2,3,37,2,0,2,10,3,14,4,0,5
,,,,,,,,,937,11,16,1,,42,3,4,28,0,2,2,1,2,2,3,37,2,0,2,10,2,14,4,0,5
,,,,,,,,,938,11,16,2,,42,3,4,28,0,2,2,1,2,2,3,37,2,0,2,10,2,14,4,0,5
,,,,,,,,,939,11,16,3,,42,3,4,28,0,2,2,1,2,2,3,37,2,0,2,10,2,14,4,0,5
,,,,,,,,,940,11,16,4,,42,3,4,28,0,2,2,1,2,2,3,37,2,0,2,10,2,14,4,0,5
,,,,,,,,,941,11,16,5,,60,3,5,28,0,3,3,2,2,2,3,37,2,0,2,10,2,14,4,0,5
,,,,,,,,,942,11,16,6,,60,3,5,28,0,3,3,2,2,2,3,37,2,0,2,10,2,14,4,0,5
,,,,,,,,,943,11,16,7,,60,3,5,28,0,3,3,2,2,3,3,37,2,0,2,10,2,14,4,0,5
,,,,,,,,,944,11,16,8,,60,3,5,28,0,3,3,2,2,3,3,37,2,0,2,10,2,14,4,0,5
,,,,,,,,,945,11,16,9,,60,3,5,28,0,3,3,2,2,3,3,37,2,0,3,10,4,14,6,0,5
,,,,,,,,,946,11,16,10,,60,3,5,28,0,3,3,2,2,3,3,37,2,0,3,10,4,14,6,0,5
,,,,,,,,,947,11,16,11,,60,3,5,28,0,3,3,2,2,3,3,37,2,0,3,10,4,14,6,0,5
,,,,,,,,,948,11,16,12,,60,3,5,28,0,3,3,2,2,3,3,37,2,0,3,10,4,14,6,0,5
,,,,,,,,,949,11,16,13,,60,3,5,28,0,3,3,2,2,3,3,37,2,0,3,10,4,14,6,0,5
,,,,,,,,,950,11,16,14,,60,3,5,28,0,3,3,2,2,3,3,37,2,0,3,10,4,14,6,0,5
,,,,,,,,,951,11,16,15,,60,3,5,28,0,3,3,2,2,3,3,37,2,0,3,10,4,14,6,0,5
,,,,,,,,,952,11,16,16,,60,3,5,28,0,3,3,2,2,3,3,37,2,0,3,10,4,14,6,0,5
,,,,,,,,,953,11,16,17,,60,3,5,28,0,3,3,2,2,3,3,37,2,0,3,10,4,14,6,0,5
,,,,,,,,,954,11,16,18,,60,3,5,28,0,3,3,2,2,3,3,37,2,0,3,10,4,14,6,0,5
,,,,,,,,,955,11,16,19,,60,3,5,28,0,3,3,2,2,2,3,37,2,0,2,10,3,14,4,0,5
,,,,,,,,,956,11,16,20,,60,3,5,28,0,3,3,2,2,2,3,37,2,0,2,10,3,14,4,0,5
,,,,,,,,,957,11,16,21,,48,3,4,28,0,2,2,2,2,2,3,37,2,0,2,10,3,14,4,0,5
,,,,,,,,,958,11,16,22,,48,3,4,28,0,2,2,2,2,2,3,37,2,0,2,10,3,14,4,0,5
,,,,,,,,,959,11,16,23,,48,3,4,28,0,2,2,2,2,2,3,37,2,0,2,10,3,14,4,0,5
,,,,,,,,,960,11,16,24,,48,3,4,28,0,2,2,2,2,2,3,37,2,0,2,10,3,14,4,0,5
,,,,,,,,,961,11,17,1,,42,3,4,28,0,2,2,1,2,2,3,37,2,0,2,10,2,14,4,0,5
,,,,,,,,,962,11,17,2,,42,3,4,28,0,2,2,1,2,2,3,37,2,0,2,10,2,14,4,0,5
,,,,,,,,,963,11,17,3,,42,3,4,28,0,2,2,1,2,2,3,37,2,0,2,10,2,14,4,0,5
,,,,,,,,,964,11,17,4,,42,3,4,28,0,2,2,1,2,2,3,37,2,0,2,10,2,14,4,0,5
,,,,,,,,,965,11,17,5,,60,3,5,28,0,3,3,2,2,2,3,37,2,0,2,10,2,14,4,0,5
,,,,,,,,,966,11,17,6,,60,3,5,28,0,3,3,2,2,2,3,37,2,0,2,10,2,14,4,0,5
,,,,,,,,,967,11,17,7,,60,3,5,28,0,3,3,2,2,3,3,37,2,0,2,10,2,14,4,0,5
,,,,,,,,,968,11,17,8,,60,3,5,28,0,3,3,2,2,3,3,37,2,0,2,10,2,14,4,0,5
,,,,,,,,,969,11,17,9,,60,3,5,28,0,3,3,2,2,3,3,37,2,0,3,10,4,14,6,0,5
,,,,,,,,,970,11,17,10,,60,3,5,28,0,3,3,2,2,3,3,37,2,0,3,10,4,14,6,0,5
,,,,,,,,,971,11,17,11,,60,3,5,28,0,3,3,2,2,3,3,37,2,0,3,10,4,14,6,0,5
,,,,,,,,,972,11,17,12,,60,3,5,28,0,3,3,2,2,3,3,37,2,0,3,10,4,14,6,0,5
,,,,,,,,,973,11,17,13,,60,3,5,28,0,3,3,2,2,3,3,37,2,0,3,10,4,14,6,0,5
,,,,,,,,,974,11,17,14,,60,3,5,28,0,3,3,2,2,3,3,37,2,0,3,10,4,14,6,0,5
,,,,,,,,,975,11,17,15,,60,3,5,28,0,3,3,2,2,3,3,37,2,0,3,10,4,14,6,0,5
,,,,,,,,,976,11,17,16,,60,3,5,28,0,3,3,2,2,3,3,37,2,0,3,10,4,14,6,0,5
,,,,,,,,,977,11,17,17,,60,3,5,28,0,3,3,2,2,3,3,37,2,0,3,10,4,14,6,0,5
,,,,,,,,,978,11,17,18,,60,3,5,28,0,3,3,2,2,3,3,37,2,0,3,10,4,14,6,0,5
,,,,,,,,,979,11,17,19,,60,3,5,28,0,3,3,2,2,2,3,37,2,0,2,10,3,14,4,0,5
,,,,,,,,,980,11,17,20,,60,3,5,28,0,3,3,2,2,2,3,37,2,0,2,10,3,14,4,0,5
,,,,,,,,,981,11,17,21,,48,3,4,28,0,2,2,2,2,2,3,37,2,0,2,10,3,14,4,0,5
,,,,,,,,,982,11,17,22,,48,3,4,28,0,2,2,2,2,2,3,37,2,0,2,10,3,14,4,0,5
,,,,,,,,,983,11,17,23,,48,3,4,28,0,2,2,2,2,2,3,37,2,0,2,10,3,14,4,0,5
,,,,,,,,,984,11,17,24,,48,3,4,28,0,2,2,2,2,2,3,37,2,0,2,10,3,14,4,0,5
,,,,,,,,,985,11,18,1,,42,3,4,28,0,2,2,1,2,2,3,37,2,0,2,10,2,14,4,0,5
,,,,,,,,,986,11,18,2,,42,3,4,28,0,2,2,1,2,2,3,37,2,0,2,10,2,14,4,0,5
,,,,,,,,,987,11,18,3,,42,3,4,28,0,2,2,1,2,2,3,37,2,0,2,10,2,14,4,0,5
,,,,,,,,,988,11,18,4,,42,3,4,28,0,2,2,1,2,2,3,37,2,0,2,10,2,14,4,0,5
,,,,,,,,,989,11,18,5,,60,3,5,28,0,3,3,2,2,2,3,37,2,0,2,10,2,14,4,0,5
,,,,,,,,,990,11,18,6,,60,3,5,28,0,3,3,2,2,2,3,37,2,0,2,10,2,14,4,0,5
,,,,,,,,,991,11,18,7,,60,3,5,28,0,3,3,2,2,3,3,37,2,0,2,10,2,14,4,0,5
,,,,,,,,,992,11,18,8,,60,3,5,28,0,3,3,2,2,3,3,37,2,0,2,10,2,14,4,0,5
,,,,,,,,,993,11,18,9,,60,3,5,28,0,3,3,2,2,3,3,37,2,0,3,10,4,14,6,0,5
,,,,,,,,,994,11,18,10,,60,3,5,28,0,3,3,2,2,3,3,37,2,0,3,10,4,14,6,0,5
,,,,,,,,,995,11,18,11,,60,3,5,28,0,3,3,2,2,3,3,37,2,0,3,10,4,14,6,0,5
,,,,,,,,,996,11,18,12,,60,3,5,28,0,3,3,2,2,3,3,37,2,0,3,10,4,14,6,0,5
,,,,,,,,,997,11,18,13,,60,3,5,28,0,3,3,2,2,3,3,37,2,0,3,10,4,14,6,0,5
,,,,,,,,,998,11,18,14,,60,3,5,28,0,3,3,2,2,3,3,37,2,0,3,10,4,14,6,0,5
,,,,,,,,,999,11,18,15,,60,3,5,28,0,3,3,2,2,3,3,37,2,0,3,10,4,14,6,0,5
,,,,,,,,,1000,11,18,16,,60,3,5,28,0,3,3,2,2,3,3,37,2,0,3,10,4,14,6,0,5
,,,,,,,,,1001,11,18,17,,60,3,5,28,0,3,3,2,2,3,3,37,2,0,3,10,4,14,6,0,5
,,,,,,,,,1002,11,18,18,,60,3,5,28,0,3,3,2,2,3,3,37,2,0,3,10,4,14,6,0,5
,,,,,,,,,1003,11,18,19,,60,3,5,28,0,3,3,2,2,2,3,37,2,0,2,10,3,14,4,0,5
,,,,,,,,,1004,11,18,20,,60,3,5,28,0,3,3,2,2,2,3,37,2,0,2,10,3,14,4,0,5
,,,,,,,,,1005,11,18,21,,48,3,4,28,0,2,2,2,2,2,3,37,2,0,2,10,3,14,4,0,5
,,,,,,,,,1006,11,18,22,,48,3,4,28,0,2,2,2,2,2,3,37,2,0,2,10,3,14,4,0,5
,,,,,,,,,1007,11,18,23,,48,3,4,28,0,2,2,2,2,2,3,37,2,0,2,10,3,14,4,0,5
,,,,,,,,,1008,11,18,24,,48,3,4,28,0,2,2,2,2,2,3,37,2,0,2,10,3,14,4,0,5
,,,,,,,,,1009,9,24,1,,42,3,4,28,0,2,2,1,2,2,3,37,2,0,2,10,2,14,4,0,5
,,,,,,,,,1010,9,24,2,,42,3,4,28,0,2,2,1,2,2,3,37,2,0,2,10,2,14,4,0,5
,,,,,,,,,1011,9,24,3,,42,3,4,28,0,2,2,1,2,2,3,37,2,0,2,10,2,14,4,0,5
,,,,,,,,,1012,9,24,4,,42,3,4,28,0,2,2,1,2,2,3,37,2,0,2,10,2,14,4,0,5
,,,,,,,,,1013,9,24,5,,60,3,5,28,0,3,3,2,2,2,3,37,2,0,2,10,2,14,4,0,5
,,,,,,,,,1014,9,24,6,,60,3,5,28,0,3,3,2,2,2,3,37,2,0,2,10,2,14,4,0,5
,,,,,,,,,1015,9,24,7,,60,3,5,28,0,3,3,2,2,3,3,37,2,0,2,10,2,14,4,0,5
,,,,,,,,,1016,9,24,8,,60,3,5,28,0,3,3,2,2,3,3,37,2,0,2,10,2,14,4,0,5
,,,,,,,,,1017,9,24,9,,60,3,5,28,0,3,3,2,2,3,3,37,2,0,3,10,4,14,6,0,5
,,,,,,,,,1018,9,24,10,,60,3,5,28,0,3,3,2,2,3,3,37,2,0,3,10,4,14,6,0,5
,,,,,,,,,1019,9,24,11,,60,3,5,28,0,3,3,2,2,3,3,37,2,0,3,10,4,14,6,0,5
,,,,,,,,,1020,9,24,12,,60,3,5,28,0,3,3,2,2,3,3,37,2,0,3,10,4,14,6,0,5
,,,,,,,,,1021,9,24,13,,60,3,5,28,0,3,3,2,2,3,3,37,2,0,3,10,4,14,6,0,5
,,,,,,,,,1022,9,24,14,,60,3,5,28,0,3,3,2,2,3,3,37,2,0,3,10,4,14,6,0,5
,,,,,,,,,1023,9,24,15,,60,3,5,28,0,3,3,2,2,3,3,37,2,0,3,10,4,14,6,0,5
,,,,,,,,,1024,9,24,16,,60,3,5,28,0,3,3,2,2,3,3,37,2,0,3,10,4,14,6,0,5
,,,,,,,,,1025,9,24,17,,60,3,5,28,0,3,3,2,2,3,3,37,2,0,3,10,4,14,6,0,5
,,,,,,,,,1026,9,24,18,,60,3,5,28,0,3,3,2,2,3,3,37,2,0,3,10,4,14,6,0,5
,,,,,,,,,1027,9,24,19,,60,3,5,28,0,3,3,2,2,2,3,37,2,0,2,10,3,14,4,0,5
,,,,,,,,,1028,9,24,20,,60,3,5,28,0,3,3,2,2,2,3,37,2,0,2,10,3,14,4,0,5
,,,,,,,,,1029,9,24,21,,48,3,4,28,0,2,2,2,2,2,3,37,2,0,2,10,3,14,4,0,5
,,,,,,,,,1030,9,24,22,,48,3,4,28,0,2,2,2,2,2,3,37,2,0,2,10,3,14,4,0,5
,,,,,,,,,1031,9,24,23,,48,3,4,28,0,2,2,2,2,2,3,37,2,0,2,10,3,14,4,0,5
,,,,,,,,,1032,9,24,24,,48,3,4,28,0,2,2,2,2,2,3,37,2,0,2,10,3,14,4,0,5
,,,,,,,,,1033,9,25,1,,42,3,4,28,0,2,2,1,2,2,3,37,2,0,2,10,2,14,4,0,5
,,,,,,,,,1034,9,25,2,,42,3,4,28,0,2,2,1,2,2,3,37,2,0,2,10,2,14,4,0,5
,,,,,,,,,1035,9,25,3,,42,3,4,28,0,2,2,1,2,2,3,37,2,0,2,10,2,14,4,0,5
,,,,,,,,,1036,9,25,4,,42,3,4,28,0,2,2,1,2,2,3,37,2,0,2,10,2,14,4,0,5
,,,,,,,,,1037,9,25,5,,60,3,5,28,0,3,3,2,2,2,3,37,2,0,2,10,2,14,4,0,5
,,,,,,,,,1038,9,25,6,,60,3,5,28,0,3,3,2,2,2,3,37,2,0,2,10,2,14,4,0,5
,,,,,,,,,1039,9,25,7,,60,3,5,28,0,3,3,2,2,3,3,37,2,0,2,10,2,14,4,0,5
,,,,,,,,,1040,9,25,8,,60,3,5,28,0,3,3,2,2,3,3,37,2,0,2,10,2,14,4,0,5
,,,,,,,,,1041,9,25,9,,60,3,5,28,0,3,3,2,2,3,3,37,2,0,3,10,4,14,6,0,5
,,,,,,,,,1042,9,25,10,,60,3,5,28,0,3,3,2,2,3,3,37,2,0,3,10,4,14,6,0,5
,,,,,,,,,1043,9,25,11,,60,3,5,28,0,3,3,2,2,3,3,37,2,0,3,10,4,14,6,0,5
,,,,,,,,,1044,9,25,12,,60,3,5,28,0,3,3,2,2,3,3,37,2,0,3,10,4,14,6,0,5
,,,,,,,,,1045,9,25,13,,60,3,5,28,0,3,3,2,2,3,3,37,2,0,3,10,4,14,6,0,5
,,,,,,,,,1046,9,25,14,,60,3,5,28,0,3,3,2,2,3,3,37,2,0,3,10,4,14,6,0,5
,,,,,,,,,1047,9,25,15,,60,3,5,28,0,3,3,2,2,3,3,37,2,0,3,10,4,14,6,0,5
,,,,,,,,,1048,9,25,16,,60,3,5,28,0,3,3,2,2,3,3,37,2,0,3,10,4,14,6,0,5
,,,,,,,,,1049,9,25,17,,60,3,5,28,0,3,3,2,2,3,3,37,2,0,3,10,4,14,6,0,5
,,,,,,,,,1050,9,25,18,,60,3,5,28,0,3,3,2,2,3,3,37,2,0,3,10,4,14,6,0,5
,,,,,,,,,1051,9,25,19,,60,3,5,28,0,3,3,2,2,2,3,37,2,0,2,10,3,14,4,0,5
,,,,,,,,,1052,9,25,20,,60,3,5,28,0,3,3,2,2,2,3,37,2,0,2,10,3,14,4,0,5
,,,,,,,,,1053,9,25,21,,48,3,4,28,0,2,2,2,2,2,3,37,2,0,2,10,3,14,4,0,5
,,,,,,,,,1054,9,25,22,,48,3,4,28,0,2,2,2,2,2,3,37,2,0,2,10,3,14,4,0,5
,,,,,,,,,1055,9,25,23,,48,3,4,28,0,2,2,2,2,2,3,37,2,0,2,10,3,14,4,0,5
,,,,,,,,,1056,9,25,24,,48,3,4,28,0,2,2,2,2,2,3,37,2,0,2,10,3,14,4,0,5
,,,,,,,,,1057,9,26,1,,42,3,4,28,0,2,2,1,2,2,3,37,2,0,2,10,2,14,4,0,5
,,,,,,,,,1058,9,26,2,,42,3,4,28,0,2,2,1,2,2,3,37,2,0,2,10,2,14,4,0,5
,,,,,,,,,1059,9,26,3,,42,3,4,28,0,2,2,1,2,2,3,37,2,0,2,10,2,14,4,0,5
,,,,,,,,,1060,9,26,4,,42,3,4,28,0,2,2,1,2,2,3,37,2,0,2,10,2,14,4,0,5
,,,,,,,,,1061,9,26,5,,60,3,5,28,0,3,3,2,2,2,3,37,2,0,2,10,2,14,4,0,5
,,,,,,,,,1062,9,26,6,,60,3,5,28,0,3,3,2,2,2,3,37,2,0,2,10,2,14,4,0,5
,,,,,,,,,1063,9,26,7,,60,3,5,28,0,3,3,2,2,3,3,37,2,0,2,10,2,14,4,0,5
,,,,,,,,,1064,9,26,8,,60,3,5,28,0,3,3,2,2,3,3,37,2,0,2,10,2,14,4,0,5
,,,,,,,,,1065,9,26,9,,60,3,5,28,0,3,3,2,2,3,3,37,2,0,3,10,4,14,6,0,5
,,,,,,,,,1066,9,26,10,,60,3,5,28,0,3,3,2,2,3,3,37,2,0,3,10,4,14,6,0,5
,,,,,,,,,1067,9,26,11,,60,3,5,28,0,3,3,2,2,3,3,37,2,0,3,10,4,14,6,0,5
,,,,,,,,,1068,9,26,12,,60,3,5,28,0,3,3,2,2,3,3,37,2,0,3,10,4,14,6,0,5
,,,,,,,,,1069,9,26,13,,60,3,5,28,0,3,3,2,2,3,3,37,2,0,3,10,4,14,6,0,5
,,,,,,,,,1070,9,26,14,,60,3,5,28,0,3,3,2,2,3,3,37,2,0,3,10,4,14,6,0,5
,,,,,,,,,1071,9,26,15,,60,3,5,28,0,3,3,2,2,3,3,37,2,0,3,10,4,14,6,0,5
,,,,,,,,,1072,9,26,16,,60,3,5,28,0,3,3,2,2,3,3,37,2,0,3,10,4,14,6,0,5
,,,,,,,,,1073,9,26,17,,60,3,5,28,0,3,3,2,2,3,3,37,2,0,3,10,4,14,6,0,5
,,,,,,,,,1074,9,26,18,,60,3,5,28,0,3,3,2,2,3,3,37,2,0,3,10,4,14,6,0,5
,,,,,,,,,1075,9,26,19,,60,3,5,28,0,3,3,2,2,2,3,37,2,0,2,10,3,14,4,0,5
,,,,,,,,,1076,9,26,20,,60,3,5,28,0,3,3,2,2,2,3,37,2,0,2,10,3,14,4,0,5
,,,,,,,,,1077,9,26,21,,48,3,4,28,0,2,2,2,2,2,3,37,2,0,2,10,3,14,4,0,5
,,,,,,,,,1078,9,26,22,,48,3,4,28,0,2,2,2,2,2,3,37,2,0,2,10,3,14,4,0,5
,,,,,,,,,1079,9,26,23,,48,3,4,28,0,2,2,2,2,2,3,37,2,0,2,10,3,14,4,0,5
,,,,,,,,,1080,9,26,24,,48,3,4,28,0,2,2,2,2,2,3,37,2,0,2,10,3,14,4,0,5
,,,,,,,,,1081,9,27,1,,42,3,4,28,0,2,2,1,2,2,3,37,2,0,2,10,2,14,4,0,5
,,,,,,,,,1082,9,27,2,,42,3,4,28,0,2,2,1,2,2,3,37,2,0,2,10,2,14,4,0,5
,,,,,,,,,1083,9,27,3,,42,3,4,28,0,2,2,1,2,2,3,37,2,0,2,10,2,14,4,0,5
,,,,,,,,,1084,9,27,4,,42,3,4,28,0,2,2,1,2,2,3,37,2,0,2,10,2,14,4,0,5
,,,,,,,,,1085,9,27,5,,60,3,5,28,0,3,3,2,2,2,3,37,2,0,2,10,2,14,4,0,5
,,,,,,,,,1086,9,27,6,,60,3,5,28,0,3,3,2,2,2,3,37,2,0,2,10,2,14,4,0,5
,,,,,,,,,1087,9,27,7,,60,3,5,28,0,3,3,2,2,3,3,37,2,0,2,10,2,14,4,0,5
,,,,,,,,,1088,9,27,8,,60,3,5,28,0,3,3,2,2,3,3,37,2,0,2,10,2,14,4,0,5
,,,,,,,,,1089,9,27,9,,60,3,5,28,0,3,3,2,2,3,3,37,2,0,3,10,4,14,6,0,5
,,,,,,,,,1090,9,27,10,,60,3,5,28,0,3,3,2,2,3,3,37,2,0,3,10,4,14,6,0,5
,,,,,,,,,1091,9,27,11,,60,3,5,28,0,3,3,2,2,3,3,37,2,0,3,10,4,14,6,0,5
,,,,,,,,,1092,9,27,12,,60,3,5,28,0,3,3,2,2,3,3,37,2,0,3,10,4,14,6,0,5
,,,,,,,,,1093,9,27,13,,60,3,5,28,0,3,3,2,2,3,3,37,2,0,3,10,4,14,6,0,5
,,,,,,,,,1094,9,27,14,,60,3,5,28,0,3,3,2,2,3,3,37,2,0,3,10,4,14,6,0,5
,,,,,,,,,1095,9,27,15,,60,3,5,28,0,3,3,2,2,3,3,37,2,0,3,10,4,14,6,0,5
,,,,,,,,,1096,9,27,16,,60,3,5,28,0,3,3,2,2,3,3,37,2,0,3,10,4,14,6,0,5
,,,,,,,,,1097,9,27,17,,60,3,5,28,0,3,3,2,2,3,3,37,2,0,3,10,4,14,6,0,5
,,,,,,,,,1098,9,27,18,,60,3,5,28,0,3,3,2,2,3,3,37,2,0,3,10,4,14,6,0,5
,,,,,,,,,1099,9,27,19,,60,3,5,28,0,3,3,2,2,2,3,37,2,0,2,10,3,14,4,0,5
,,,,,,,,,1100,9,27,20,,60,3,5,28,0,3,3,2,2,2,3,37,2,0,2,10,3,14,4,0,5
,,,,,,,,,1101,9,27,21,,48,3,4,28,0,2,2,2,2,2,3,37,2,0,2,10,3,14,4,0,5
,,,,,,,,,1102,9,27,22,,48,3,4,28,0,2,2,2,2,2,3,37,2,0,2,10,3,14,4,0,5
,,,,,,,,,1103,9,27,23,,48,3,4,28,0,2,2,2,2,2,3,37,2,0,2,10,3,14,4,0,5
,,,,,,,,,1104,9,27,24,,48,3,4,28,0,2,2,2,2,2,3,37,2,0,2,10,3,14,4,0,5
,,,,,,,,,1105,9,28,1,,42,3,4,28,0,2,2,1,2,2,3,37,2,0,2,10,2,14,4,0,5
,,,,,,,,,1106,9,28,2,,42,3,4,28,0,2,2,1,2,2,3,37,2,0,2,10,2,14,4,0,5
,,,,,,,,,1107,9,28,3,,42,3,4,28,0,2,2,1,2,2,3,37,2,0,2,10,2,14,4,0,5
,,,,,,,,,1108,9,28,4,,42,3,4,28,0,2,2,1,2,2,3,37,2,0,2,10,2,14,4,0,5
,,,,,,,,,1109,9,28,5,,60,3,5,28,0,3,3,2,2,2,3,37,2,0,2,10,2,14,4,0,5
,,,,,,,,,1110,9,28,6,,60,3,5,28,0,3,3,2,2,2,3,37,2,0,2,10,2,14,4,0,5
,,,,,,,,,1111,9,28,7,,60,3,5,28,0,3,3,2,2,3,3,37,2,0,2,10,2,14,4,0,5
,,,,,,,,,1112,9,28,8,,60,3,5,28,0,3,3,2,2,3,3,37,2,0,2,10,2,14,4,0,5
,,,,,,,,,1113,9,28,9,,60,3,5,28,0,3,3,2,2,3,3,37,2,0,3,10,4,14,6,0,5
,,,,,,,,,1114,9,28,10,,60,3,5,28,0,3,3,2,2,3,3,37,2,0,3,10,4,14,6,0,5
,,,,,,,,,1115,9,28,11,,60,3,5,28,0,3,3,2,2,3,3,37,2,0,3,10,4,14,6,0,5
,,,,,,,,,1116,9,28,12,,60,3,5,28,0,3,3,2,2,3,3,37,2,0,3,10,4,14,6,0,5
,,,,,,,,,1117,9,28,13,,60,3,5,28,0,3,3,2,2,3,3,37,2,0,3,10,4,14,6,0,5
,,,,,,,,,1118,9,28,14,,60,3,5,28,0,3,3,2,2,3,3,37,2,0,3,10,4,14,6,0,5
,,,,,,,,,1119,9,28,15,,60,3,5,28,0,3,3,2,2,3,3,37,2,0,3,10,4,14,6,0,5
,,,,,,,,,1120,9,28,16,,60,3,5,28,0,3,3,2,2,3,3,37,2,0,3,10,4,14,6,0,5
,,,,,,,,,1121,9,28,17,,60,3,5,28,0,3,3,2,2,3,3,37,2,0,3,10,4,14,6,0,5
,,,,,,,,,1122,9,28,18,,60,3,5,28,0,3,3,2,2,3,3,37,2,0,3,10,4,14,6,0,5
,,,,,,,,,1123,9,28,19,,60,3,5,28,0,3,3,2,2,2,3,37,2,0,2,10,3,14,4,0,5
,,,,,,,,,1124,9,28,20,,60,3,5,28,0,3,3,2,2,2,3,37,2,0,2,10,3,14,4,0,5
,,,,,,,,,1125,9,28,21,,48,3,4,28,0,2,2,2,2,2,3,37,2,0,2,10,3,14,4,0,5
,,,,,,,,,1126,9,28,22,,48,3,4,28,0,2,2,2,2,2,3,37,2,0,2,10,3,14,4,0,5
,,,,,,,,,1127,9,28,23,,48,3,4,28,0,2,2,2,2,2,3,37,2,0,2,10,3,14,4,0,5
,,,,,,,,,1128,9,28,24,,48,3,4,28,0,2,2,2,2,2,3,37,2,0,2,10,3,14,4,0,5
,,,,,,,,,1129,9,29,1,,42,3,4,28,0,2,2,1,2,2,3,37,2,0,2,10,2,14,4,0,5
,,,,,,,,,1130,9,29,2,,42,3,4,28,0,2,2,1,2,2,3,37,2,0,2,10,2,14,4,0,5
,,,,,,,,,1131,9,29,3,,42,3,4,28,0,2,2,1,2,2,3,37,2,0,2,10,2,14,4,0,5
,,,,,,,,,1132,9,29,4,,42,3,4,28,0,2,2,1,2,2,3,37,2,0,2,10,2,14,4,0,5
,,,,,,,,,1133,9,29,5,,60,3,5,28,0,3,3,2,2,2,3,37,2,0,2,10,2,14,4,0,5
,,,,,,,,,1134,9,29,6,,60,3,5,28,0,3,3,2,2,2,3,37,2,0,2,10,2,14,4,0,5
,,,,,,,,,1135,9,29,7,,60,3,5,28,0,3,3,2,2,3,3,37,2,0,2,10,2,14,4,0,5
,,,,,,,,,1136,9,29,8,,60,3,5,28,0,3,3,2,2,3,3,37,2,0,2,10,2,14,4,0,5
,,,,,,,,,1137,9,29,9,,60,3,5,28,0,3,3,2,2,3,3,37,2,0,3,10,4,14,6,0,5
,,,,,,,,,1138,9,29,10,,60,3,5,28,0,3,3,2,2,3,3,37,2,0,3,10,4,14,6,0,5
,,,,,,,,,1139,9,29,11,,60,3,5,28,0,3,3,2,2,3,3,37,2,0,3,10,4,14,6,0,5
,,,,,,,,,1140,9,29,12,,60,3,5,28,0,3,3,2,2,3,3,37,2,0,3,10,4,14,6,0,5
,,,,,,,,,1141,9,29,13,,60,3,5,28,0,3,3,2,2,3,3,37,2,0,3,10,4,14,6,0,5
,,,,,,,,,1142,9,29,14,,60,3,5,28,0,3,3,2,2,3,3,37,2,0,3,10,4,14,6,0,5
,,,,,,,,,1143,9,29,15,,60,3,5,28,0,3,3,2,2,3,3,37,2,0,3,10,4,14,6,0,5
,,,,,,,,,1144,9,29,16,,60,3,5,28,0,3,3,2,2,3,3,37,2,0,3,10,4,14,6,0,5
,,,,,,,,,1145,9,29,17,,60,3,5,28,0,3,3,2,2,3,3,37,2,0,3,10,4,14,6,0,5
,,,,,,,,,1146,9,29,18,,60,3,5,28,0,3,3,2,2,3,3,37,2,0,3,10,4,14,6,0,5
,,,,,,,,,1147,9,29,19,,60,3,5,28,0,3,3,2,2,2,3,37,2,0,2,10,3,14,4,0,5
,,,,,,,,,1148,9,29,20,,60,3,5,28,0,3,3,2,2,2,3,37,2,0,2,10,3,14,4,0,5
,,,,,,,,,1149,9,29,21,,48,3,4,28,0,2,2,2,2,2,3,37,2,0,2,10,3,14,4,0,5
,,,,,,,,,1150,9,29,22,,48,3,4,28,0,2,2,2,2,2,3,37,2,0,2,10,3,14,4,0,5
,,,,,,,,,1151,9,29,23,,48,3,4,28,0,2,2,2,2,2,3,37,2,0,2,10,3,14,4,0,5
,,,,,,,,,1152,9,29,24,,48,3,4,28,0,2,2,2,2,2,3,37,2,0,2,10,3,14,4,0,5
,,,,,,,,,1153,9,30,1,,42,3,4,28,0,2,2,1,2,2,3,37,2,0,2,10,2,14,4,0,5
,,,,,,,,,1154,9,30,2,,42,3,4,28,0,2,2,1,2,2,3,37,2,0,2,10,2,14,4,0,5
,,,,,,,,,1155,9,30,3,,42,3,4,28,0,2,2,1,2,2,3,37,2,0,2,10,2,14,4,0,5
,,,,,,,,,1156,9,30,4,,42,3,4,28,0,2,2,1,2,2,3,37,2,0,2,10,2,14,4,0,5
,,,,,,,,,1157,9,30,5,,60,3,5,28,0,3,3,2,2,2,3,37,2,0,2,10,2,14,4,0,5
,,,,,,,,,1158,9,30,6,,60,3,5,28,0,3,3,2,2,2,3,37,2,0,2,10,2,14,4,0,5
,,,,,,,,,1159,9,30,7,,60,3,5,28,0,3,3,2,2,3,3,37,2,0,2,10,2,14,4,0,5
,,,,,,,,,1160,9,30,8,,60,3,5,28,0,3,3,2,2,3,3,37,2,0,2,10,2,14,4,0,5
,,,,,,,,,1161,9,30,9,,60,3,5,28,0,3,3,2,2,3,3,37,2,0,3,10,4,14,6,0,5
,,,,,,,,,1162,9,30,10,,60,3,5,28,0,3,3,2,2,3,3,37,2,0,3,10,4,14,6,0,5
,,,,,,,,,1163,9,30,11,,60,3,5,28,0,3,3,2,2,3,3,37,2,0,3,10,4,14,6,0,5
,,,,,,,,,1164,9,30,12,,60,3,5,28,0,3,3,2,2,3,3,37,2,0,3,10,4,14,6,0,5
,,,,,,,,,1165,9,30,13,,60,3,5,28,0,3,3,2,2,3,3,37,2,0,3,10,4,14,6,0,5
,,,,,,,,,1166,9,30,14,,60,3,5,28,0,3,3,2,2,3,3,37,2,0,3,10,4,14,6,0,5
,,,,,,,,,1167,9,30,15,,60,3,5,28,0,3,3,2,2,3,3,37,2,0,3,10,4,14,6,0,5
,,,,,,,,,1168,9,30,16,,60,3,5,28,0,3,3,2,2,3,3,37,2,0,3,10,4,14,6,0,5
,,,,,,,,,1169,9,30,17,,60,3,5,28,0,3,3,2,2,3,3,37,2,0,3,10,4,14,6,0,5
,,,,,,,,,1170,9,30,18,,60,3,5,28,0,3,3,2,2,3,3,37,2,0,3,10,4,14,6,0,5
,,,,,,,,,1171,9,30,19,,60,3,5,28,0,3,3,2,2,2,3,37,2,0,2,10,3,14,4,0,5
,,,,,,,,,1172,9,30,20,,60,3,5,28,0,3,3,2,2,2,3,37,2,0,2,10,3,14,4,0,5
,,,,,,,,,1173,9,30,21,,48,3,4,28,0,2,2,2,2,2,3,37,2,0,2,10,3,14,4,0,5
,,,,,,,,,1174,9,30,22,,48,3,4,28,0,2,2,2,2,2,3,37,2,0,2,10,3,14,4,0,5
,,,,,,,,,1175,9,30,23,,48,3,4,28,0,2,2,2,2,2,3,37,2,0,2,10,3,14,4,0,5
,,,,,,,,,1176,9,30,24,,48,3,4,28,0,2,2,2,2,2,3,37,2,0,2,10,3,14,4,0,5
,,,,,,,,,1177,1,29,1,,42,3,4,28,0,2,2,1,2,2,3,37,2,0,2,10,2,14,4,0,5
,,,,,,,,,1178,1,29,2,,42,3,4,28,0,2,2,1,2,2,3,37,2,0,2,10,2,14,4,0,5
,,,,,,,,,1179,1,29,3,,42,3,4,28,0,2,2,1,2,2,3,37,2,0,2,10,2,14,4,0,5
,,,,,,,,,1180,1,29,4,,42,3,4,28,0,2,2,1,2,2,3,37,2,0,2,10,2,14,4,0,5
,,,,,,,,,1181,1,29,5,,60,3,5,28,0,3,3,2,2,2,3,37,2,0,2,10,2,14,4,0,5
,,,,,,,,,1182,1,29,6,,60,3,5,28,0,3,3,2,2,2,3,37,2,0,2,10,2,14,4,0,5
,,,,,,,,,1183,1,29,7,,60,3,5,28,0,3,3,2,2,3,3,37,2,0,2,10,2,14,4,0,5
,,,,,,,,,1184,1,29,8,,60,3,5,28,0,3,3,2,2,3,3,37,2,0,2,10,2,14,4,0,5
,,,,,,,,,1185,1,29,9,,60,3,5,28,0,3,3,2,2,3,3,37,2,0,3,10,4,14,6,0,5
,,,,,,,,,1186,1,29,10,,60,3,5,28,0,3,3,2,2,3,3,37,2,0,3,10,4,14,6,0,5
,,,,,,,,,1187,1,29,11,,60,3,5,28,0,3,3,2,2,3,3,37,2,0,3,10,4,14,6,0,5
,,,,,,,,,1188,1,29,12,,60,3,5,28,0,3,3,2,2,3,3,37,2,0,3,10,4,14,6,0,5
,,,,,,,,,1189,1,29,13,,60,3,5,28,0,3,3,2,2,3,3,37,2,0,3,10,4,14,6,0,5
,,,,,,,,,1190,1,29,14,,60,3,5,28,0,3,3,2,2,3,3,37,2,0,3,10,4,14,6,0,5
,,,,,,,,,1191,1,29,15,,60,3,5,28,0,3,3,2,2,3,3,37,2,0,3,10,4,14,6,0,5
,,,,,,,,,1192,1,29,16,,60,3,5,28,0,3,3,2,2,3,3,37,2,0,3,10,4,14,6,0,5
,,,,,,,,,1193,1,29,17,,60,3,5,28,0,3,3,2,2,3,3,37,2,0,3,10,4,14,6,0,5
,,,,,,,,,1194,1,29,18,,60,3,5,28,0,3,3,2,2,3,3,37,2,0,3,10,4,14,6,0,5
,,,,,,,,,1195,1,29,19,,60,3,5,28,0,3,3,2,2,2,3,37,2,0,2,10,3,14,4,0,5
,,,,,,,,,1196,1,29,20,,60,3,5,28,0,3,3,2,2,2,3,37,2,0,2,10,3,14,4,0,5
,,,,,,,,,1197,1,29,21,,48,3,4,28,0,2,2,2,2,2,3,37,2,0,2,10,3,14,4,0,5
,,,,,,,,,1198,1,29,22,,48,3,4,28,0,2,2,2,2,2,3,37,2,0,2,10,3,14,4,0,5
,,,,,,,,,1199,1,29,23,,48,3,4,28,0,2,2,2,2,2,3,37,2,0,2,10,3,14,4,0,5
,,,,,,,,,1200,1,29,24,,48,3,4,28,0,2,2,2,2,2,3,37,2,0,2,10,3,14,4,0,5
,,,,,,,,,1201,1,30,1,,42,3,4,28,0,2,2,1,2,2,3,37,2,0,2,10,2,14,4,0,5
,,,,,,,,,1202,1,30,2,,42,3,4,28,0,2,2,1,2,2,3,37,2,0,2,10,2,14,4,0,5
,,,,,,,,,1203,1,30,3,,42,3,4,28,0,2,2,1,2,2,3,37,2,0,2,10,2,14,4,0,5
,,,,,,,,,1204,1,30,4,,42,3,4,28,0,2,2,1,2,2,3,37,2,0,2,10,2,14,4,0,5
,,,,,,,,,1205,1,30,5,,60,3,5,28,0,3,3,2,2,2,3,37,2,0,2,10,2,14,4,0,5
,,,,,,,,,1206,1,30,6,,60,3,5,28,0,3,3,2,2,2,3,37,2,0,2,10,2,14,4,0,5
,,,,,,,,,1207,1,30,7,,60,3,5,28,0,3,3,2,2,3,3,37,2,0,2,10,2,14,4,0,5
,,,,,,,,,1208,1,30,8,,60,3,5,28,0,3,3,2,2,3,3,37,2,0,2,10,2,14,4,0,5
,,,,,,,,,1209,1,30,9,,60,3,5,28,0,3,3,2,2,3,3,37,2,0,3,10,4,14,6,0,5
,,,,,,,,,1210,1,30,10,,60,3,5,28,0,3,3,2,2,3,3,37,2,0,3,10,4,14,6,0,5
,,,,,,,,,1211,1,30,11,,60,3,5,28,0,3,3,2,2,3,3,37,2,0,3,10,4,14,6,0,5
,,,,,,,,,1212,1,30,12,,60,3,5,28,0,3,3,2,2,3,3,37,2,0,3,10,4,14,6,0,5
,,,,,,,,,1213,1,30,13,,60,3,5,28,0,3,3,2,2,3,3,37,2,0,3,10,4,14,6,0,5
,,,,,,,,,1214,1,30,14,,60,3,5,28,0,3,3,2,2,3,3,37,2,0,3,10,4,14,6,0,5
,,,,,,,,,1215,1,30,15,,60,3,5,28,0,3,3,2,2,3,3,37,2,0,3,10,4,14,6,0,5
,,,,,,,,,1216,1,30,16,,60,3,5,28,0,3,3,2,2,3,3,37,2,0,3,10,4,14,6,0,5
,,,,,,,,,1217,1,30,17,,60,3,5,28,0,3,3,2,2,3,3,37,2,0,3,10,4,14,6,0,5
,,,,,,,,,1218,1,30,18,,60,3,5,28,0,3,3,2,2,3,3,37,2,0,3,10,4,14,6,0,5
,,,,,,,,,1219,1,30,19,,60,3,5,28,0,3,3,2,2,2,3,37,2,0,2,10,3,14,4,0,5
,,,,,,,,,1220,1,30,20,,60,3,5,28,0,3,3,2,2,2,3,37,2,0,2,10,3,14,4,0,5
,,,,,,,,,1221,1,30,21,,48,3,4,28,0,2,2,2,2,2,3,37,2,0,2,10,3,14,4,0,5
,,,,,,,,,1222,1,30,22,,48,3,4,28,0,2,2,2,2,2,3,37,2,0,2,10,3,14,4,0,5
,,,,,,,,,1223,1,30,23,,48,3,4,28,0,2,2,2,2,2,3,37,2,0,2,10,3,14,4,0,5
,,,,,,,,,1224,1,30,24,,48,3,4,28,0,2,2,2,2,2,3,37,2,0,2,10,3,14,4,0,5
,,,,,,,,,1225,1,31,1,,42,3,4,28,0,2,2,1,2,2,3,37,2,0,2,10,2,14,4,0,5
,,,,,,,,,1226,1,31,2,,42,3,4,28,0,2,2,1,2,2,3,37,2,0,2,10,2,14,4,0,5
,,,,,,,,,1227,1,31,3,,42,3,4,28,0,2,2,1,2,2,3,37,2,0,2,10,2,14,4,0,5
,,,,,,,,,1228,1,31,4,,42,3,4,28,0,2,2,1,2,2,3,37,2,0,2,10,2,14,4,0,5
,,,,,,,,,1229,1,31,5,,60,3,5,28,0,3,3,2,2,2,3,37,2,0,2,10,2,14,4,0,5
,,,,,,,,,1230,1,31,6,,60,3,5,28,0,3,3,2,2,2,3,37,2,0,2,10,2,14,4,0,5
,,,,,,,,,1231,1,31,7,,60,3,5,28,0,3,3,2,2,3,3,37,2,0,2,10,2,14,4,0,5
,,,,,,,,,1232,1,31,8,,60,3,5,28,0,3,3,2,2,3,3,37,2,0,2,10,2,14,4,0,5
,,,,,,,,,1233,1,31,9,,60,3,5,28,0,3,3,2,2,3,3,37,2,0,3,10,4,14,6,0,5
,,,,,,,,,1234,1,31,10,,60,3,5,28,0,3,3,2,2,3,3,37,2,0,3,10,4,14,6,0,5
,,,,,,,,,1235,1,31,11,,60,3,5,28,0,3,3,2,2,3,3,37,2,0,3,10,4,14,6,0,5
,,,,,,,,,1236,1,31,12,,60,3,5,28,0,3,3,2,2,3,3,37,2,0,3,10,4,14,6,0,5
,,,,,,,,,1237,1,31,13,,60,3,5,28,0,3,3,2,2,3,3,37,2,0,3,10,4,14,6,0,5
,,,,,,,,,1238,1,31,14,,60,3,5,28,0,3,3,2,2,3,3,37,2,0,3,10,4,14,6,0,5
,,,,,,,,,1239,1,31,15,,60,3,5,28,0,3,3,2,2,3,3,37,2,0,3,10,4,14,6,0,5
,,,,,,,,,1240,1,31,16,,60,3,5,28,0,3,3,2,2,3,3,37,2,0,3,10,4,14,6,0,5
,,,,,,,,,1241,1,31,17,,60,3,5,28,0,3,3,2,2,3,3,37,2,0,3,10,4,14,6,0,5
,,,,,,,,,1242,1,31,18,,60,3,5,28,0,3,3,2,2,3,3,37,2,0,3,10,4,14,6,0,5
,,,,,,,,,1243,1,31,19,,60,3,5,28,0,3,3,2,2,2,3,37,2,0,2,10,3,14,4,0,5
,,,,,,,,,1244,1,31,20,,60,3,5,28,0,3,3,2,2,2,3,37,2,0,2,10,3,14,4,0,5
,,,,,,,,,1245,1,31,21,,48,3,4,28,0,2,2,2,2,2,3,37,2,0,2,10,3,14,4,0,5
,,,,,,,,,1246,1,31,22,,48,3,4,28,0,2,2,2,2,2,3,37,2,0,2,10,3,14,4,0,5
,,,,,,,,,1247,1,31,23,,48,3,4,28,0,2,2,2,2,2,3,37,2,0,2,10,3,14,4,0,5
,,,,,,,,,1248,1,31,24,,48,3,4,28,0,2,2,2,2,2,3,37,2,0,2,10,3,14,4,0,5
,,,,,,,,,1249,2,1,1,,42,3,4,28,0,2,2,1,2,2,3,37,2,0,2,10,2,14,4,0,5
,,,,,,,,,1250,2,1,2,,42,3,4,28,0,2,2,1,2,2,3,37,2,0,2,10,2,14,4,0,5
,,,,,,,,,1251,2,1,3,,42,3,4,28,0,2,2,1,2,2,3,37,2,0,2,10,2,14,4,0,5
,,,,,,,,,1252,2,1,4,,42,3,4,28,0,2,2,1,2,2,3,37,2,0,2,10,2,14,4,0,5
,,,,,,,,,1253,2,1,5,,60,3,5,28,0,3,3,2,2,2,3,37,2,0,2,10,2,14,4,0,5
,,,,,,,,,1254,2,1,6,,60,3,5,28,0,3,3,2,2,2,3,37,2,0,2,10,2,14,4,0,5
,,,,,,,,,1255,2,1,7,,60,3,5,28,0,3,3,2,2,3,3,37,2,0,2,10,2,14,4,0,5
,,,,,,,,,1256,2,1,8,,60,3,5,28,0,3,3,2,2,3,3,37,2,0,2,10,2,14,4,0,5
,,,,,,,,,1257,2,1,9,,60,3,5,28,0,3,3,2,2,3,3,37,2,0,3,10,4,14,6,0,5
,,,,,,,,,1258,2,1,10,,60,3,5,28,0,3,3,2,2,3,3,37,2,0,3,10,4,14,6,0,5
,,,,,,,,,1259,2,1,11,,60,3,5,28,0,3,3,2,2,3,3,37,2,0,3,10,4,14,6,0,5
,,,,,,,,,1260,2,1,12,,60,3,5,28,0,3,3,2,2,3,3,37,2,0,3,10,4,14,6,0,5
,,,,,,,,,1261,2,1,13,,60,3,5,28,0,3,3,2,2,3,3,37,2,0,3,10,4,14,6,0,5
,,,,,,,,,1262,2,1,14,,60,3,5,28,0,3,3,2,2,3,3,37,2,0,3,10,4,14,6,0,5
,,,,,,,,,1263,2,1,15,,60,3,5,28,0,3,3,2,2,3,3,37,2,0,3,10,4,14,6,0,5
,,,,,,,,,1264,2,1,16,,60,3,5,28,0,3,3,2,2,3,3,37,2,0,3,10,4,14,6,0,5
,,,,,,,,,1265,2,1,17,,60,3,5,28,0,3,3,2,2,3,3,37,2,0,3,10,4,14,6,0,5
,,,,,,,,,1266,2,1,18,,60,3,5,28,0,3,3,2,2,3,3,37,2,0,3,10,4,14,6,0,5
,,,,,,,,,1267,2,1,19,,60,3,5,28,0,3,3,2,2,2,3,37,2,0,2,10,3,14,4,0,5
,,,,,,,,,1268,2,1,20,,60,3,5,28,0,3,3,2,2,2,3,37,2,0,2,10,3,14,4,0,5
,,,,,,,,,1269,2,1,21,,48,3,4,28,0,2,2,2,2,2,3,37,2,0,2,10,3,14,4,0,5
,,,,,,,,,1270,2,1,22,,48,3,4,28,0,2,2,2,2,2,3,37,2,0,2,10,3,14,4,0,5
,,,,,,,,,1271,2,1,23,,48,3,4,28,0,2,2,2,2,2,3,37,2,0,2,10,3,14,4,0,5
,,,,,,,,,1272,2,1,24,,48,3,4,28,0,2,2,2,2,2,3,37,2,0,2,10,3,14,4,0,5
,,,,,,,,,1273,2,2,1,,42,3,4,28,0,2,2,1,2,2,3,37,2,0,2,10,2,14,4,0,5
,,,,,,,,,1274,2,2,2,,42,3,4,28,0,2,2,1,2,2,3,37,2,0,2,10,2,14,4,0,5
,,,,,,,,,1275,2,2,3,,42,3,4,28,0,2,2,1,2,2,3,37,2,0,2,10,2,14,4,0,5
,,,,,,,,,1276,2,2,4,,42,3,4,28,0,2,2,1,2,2,3,37,2,0,2,10,2,14,4,0,5
,,,,,,,,,1277,2,2,5,,60,3,5,28,0,3,3,2,2,2,3,37,2,0,2,10,2,14,4,0,5
,,,,,,,,,1278,2,2,6,,60,3,5,28,0,3,3,2,2,2,3,37,2,0,2,10,2,14,4,0,5
,,,,,,,,,1279,2,2,7,,60,3,5,28,0,3,3,2,2,3,3,37,2,0,2,10,2,14,4,0,5
,,,,,,,,,1280,2,2,8,,60,3,5,28,0,3,3,2,2,3,3,37,2,0,2,10,2,14,4,0,5
,,,,,,,,,1281,2,2,9,,60,3,5,28,0,3,3,2,2,3,3,37,2,0,3,10,4,14,6,0,5
,,,,,,,,,1282,2,2,10,,60,3,5,28,0,3,3,2,2,3,3,37,2,0,3,10,4,14,6,0,5
,,,,,,,,,1283,2,2,11,,60,3,5,28,0,3,3,2,2,3,3,37,2,0,3,10,4,14,6,0,5
,,,,,,,,,1284,2,2,12,,60,3,5,28,0,3,3,2,2,3,3,37,2,0,3,10,4,14,6,0,5
,,,,,,,,,1285,2,2,13,,60,3,5,28,0,3,3,2,2,3,3,37,2,0,3,10,4,14,6,0,5
,,,,,,,,,1286,2,2,14,,60,3,5,28,0,3,3,2,2,3,3,37,2,0,3,10,4,14,6,0,5
,,,,,,,,,1287,2,2,15,,60,3,5,28,0,3,3,2,2,3,3,37,2,0,3,10,4,14,6,0,5
,,,,,,,,,1288,2,2,16,,60,3,5,28,0,3,3,2,2,3,3,37,2,0,3,10,4,14,6,0,5
,,,,,,,,,1289,2,2,17,,60,3,5,28,0,3,3,2,2,3,3,37,2,0,3,10,4,14,6,0,5
,,,,,,,,,1290,2,2,18,,60,3,5,28,0,3,3,2,2,3,3,37,2,0,3,10,4,14,6,0,5
,,,,,,,,,1291,2,2,19,,60,3,5,28,0,3,3,2,2,2,3,37,2,0,2,10,3,14,4,0,5
,,,,,,,,,1292,2,2,20,,60,3,5,28,0,3,3,2,2,2,3,37,2,0,2,10,3,14,4,0,5
,,,,,,,,,1293,2,2,21,,48,3,4,28,0,2,2,2,2,2,3,37,2,0,2,10,3,14,4,0,5
,,,,,,,,,1294,2,2,22,,48,3,4,28,0,2,2,2,2,2,3,37,2,0,2,10,3,14,4,0,5
,,,,,,,,,1295,2,2,23,,48,3,4,28,0,2,2,2,2,2,3,37,2,0,2,10,3,14,4,0,5
,,,,,,,,,1296,2,2,24,,48,3,4,28,0,2,2,2,2,2,3,37,2,0,2,10,3,14,4,0,5
,,,,,,,,,1297,2,3,1,,42,3,4,28,0,2,2,1,2,2,3,37,2,0,2,10,2,14,4,0,5
,,,,,,,,,1298,2,3,2,,42,3,4,28,0,2,2,1,2,2,3,37,2,0,2,10,2,14,4,0,5
,,,,,,,,,1299,2,3,3,,42,3,4,28,0,2,2,1,2,2,3,37,2,0,2,10,2,14,4,0,5
,,,,,,,,,1300,2,3,4,,42,3,4,28,0,2,2,1,2,2,3,37,2,0,2,10,2,14,4,0,5
,,,,,,,,,1301,2,3,5,,60,3,5,28,0,3,3,2,2,2,3,37,2,0,2,10,2,14,4,0,5
,,,,,,,,,1302,2,3,6,,60,3,5,28,0,3,3,2,2,2,3,37,2,0,2,10,2,14,4,0,5
,,,,,,,,,1303,2,3,7,,60,3,5,28,0,3,3,2,2,3,3,37,2,0,2,10,2,14,4,0,5
,,,,,,,,,1304,2,3,8,,60,3,5,28,0,3,3,2,2,3,3,37,2,0,2,10,2,14,4,0,5
,,,,,,,,,1305,2,3,9,,60,3,5,28,0,3,3,2,2,3,3,37,2,0,3,10,4,14,6,0,5
,,,,,,,,,1306,2,3,10,,60,3,5,28,0,3,3,2,2,3,3,37,2,0,3,10,4,14,6,0,5
,,,,,,,,,1307,2,3,11,,60,3,5,28,0,3,3,2,2,3,3,37,2,0,3,10,4,14,6,0,5
,,,,,,,,,1308,2,3,12,,60,3,5,28,0,3,3,2,2,3,3,37,2,0,3,10,4,14,6,0,5
,,,,,,,,,1309,2,3,13,,60,3,5,28,0,3,3,2,2,3,3,37,2,0,3,10,4,14,6,0,5
,,,,,,,,,1310,2,3,14,,60,3,5,28,0,3,3,2,2,3,3,37,2,0,3,10,4,14,6,0,5
,,,,,,,,,1311,2,3,15,,60,3,5,28,0,3,3,2,2,3,3,37,2,0,3,10,4,14,6,0,5
,,,,,,,,,1312,2,3,16,,60,3,5,28,0,3,3,2,2,3,3,37,2,0,3,10,4,14,6,0,5
,,,,,,,,,1313,2,3,17,,60,3,5,28,0,3,3,2,2,3,3,37,2,0,3,10,4,14,6,0,5
,,,,,,,,,1314,2,3,18,,60,3,5,28,0,3,3,2,2,3,3,37,2,0,3,10,4,14,6,0,5
,,,,,,,,,1315,2,3,19,,60,3,5,28,0,3,3,2,2,2,3,37,2,0,2,10,3,14,4,0,5
,,,,,,,,,1316,2,3,20,,60,3,5,28,0,3,3,2,2,2,3,37,2,0,2,10,3,14,4,0,5
,,,,,,,,,1317,2,3,21,,48,3,4,28,0,2,2,2,2,2,3,37,2,0,2,10,3,14,4,0,5
,,,,,,,,,1318,2,3,22,,48,3,4,28,0,2,2,2,2,2,3,37,2,0,2,10,3,14,4,0,5
,,,,,,,,,1319,2,3,23,,48,3,4,28,0,2,2,2,2,2,3,37,2,0,2,10,3,14,4,0,5
,,,,,,,,,1320,2,3,24,,48,3,4,28,0,2,2,2,2,2,3,37,2,0,2,10,3,14,4,0,5
,,,,,,,,,1321,2,4,1,,42,3,4,28,0,2,2,1,2,2,3,37,2,0,2,10,2,14,4,0,5
,,,,,,,,,1322,2,4,2,,42,3,4,28,0,2,2,1,2,2,3,37,2,0,2,10,2,14,4,0,5
,,,,,,,,,1323,2,4,3,,42,3,4,28,0,2,2,1,2,2,3,37,2,0,2,10,2,14,4,0,5
,,,,,,,,,1324,2,4,4,,42,3,4,28,0,2,2,1,2,2,3,37,2,0,2,10,2,14,4,0,5
,,,,,,,,,1325,2,4,5,,60,3,5,28,0,3,3,2,2,2,3,37,2,0,2,10,2,14,4,0,5
,,,,,,,,,1326,2,4,6,,60,3,5,28,0,3,3,2,2,2,3,37,2,0,2,10,2,14,4,0,5
,,,,,,,,,1327,2,4,7,,60,3,5,28,0,3,3,2,2,3,3,37,2,0,2,10,2,14,4,0,5
,,,,,,,,,1328,2,4,8,,60,3,5,28,0,3,3,2,2,3,3,37,2,0,2,10,2,14,4,0,5
,,,,,,,,,1329,2,4,9,,60,3,5,28,0,3,3,2,2,3,3,37,2,0,3,10,4,14,6,0,5
,,,,,,,,,1330,2,4,10,,60,3,5,28,0,3,3,2,2,3,3,37,2,0,3,10,4,14,6,0,5
,,,,,,,,,1331,2,4,11,,60,3,5,28,0,3,3,2,2,3,3,37,2,0,3,10,4,14,6,0,5
,,,,,,,,,1332,2,4,12,,60,3,5,28,0,3,3,2,2,3,3,37,2,0,3,10,4,14,6,0,5
,,,,,,,,,1333,2,4,13,,60,3,5,28,0,3,3,2,2,3,3,37,2,0,3,10,4,14,6,0,5
,,,,,,,,,1334,2,4,14,,60,3,5,28,0,3,3,2,2,3,3,37,2,0,3,10,4,14,6,0,5
,,,,,,,,,1335,2,4,15,,60,3,5,28,0,3,3,2,2,3,3,37,2,0,3,10,4,14,6,0,5
,,,,,,,,,1336,2,4,16,,60,3,5,28,0,3,3,2,2,3,3,37,2,0,3,10,4,14,6,0,5
,,,,,,,,,1337,2,4,17,,60,3,5,28,0,3,3,2,2,3,3,37,2,0,3,10,4,14,6,0,5
,,,,,,,,,1338,2,4,18,,60,3,5,28,0,3,3,2,2,3,3,37,2,0,3,10,4,14,6,0,5
,,,,,,,,,1339,2,4,19,,60,3,5,28,0,3,3,2,2,2,3,37,2,0,2,10,3,14,4,0,5
,,,,,,,,,1340,2,4,20,,60,3,5,28,0,3,3,2,2,2,3,37,2,0,2,10,3,14,4,0,5
,,,,,,,,,1341,2,4,21,,48,3,4,28,0,2,2,2,2,2,3,37,2,0,2,10,3,14,4,0,5
,,,,,,,,,1342,2,4,22,,48,3,4,28,0,2,2,2,2,2,3,37,2,0,2,10,3,14,4,0,5
,,,,,,,,,1343,2,4,23,,48,3,4,28,0,2,2,2,2,2,3,37,2,0,2,10,3,14,4,0,5
,,,,,,,,,1344,2,4,24,,48,3,4,28,0,2,2,2,2,2,3,37,2,0,2,10,3,14,4,0,5
