Voll,Demand_Segment,Cost_of_Demand_Curtailment_per_MW,Max_Demand_Curtailment,$/MWh,Rep_Periods,Timesteps_per_Rep_Period,Sub_Weights,corresponding_week,r_id,month,day,hour,date,demand_z1,demand_z2
2000,1,1,1,2000,8,168,2022,24,1,6,11,1,2023-06-10T23:40:00+08:00,256,134
,2,0.9,0.04,1800,,,505,3,2,6,11,2,2023-06-11T00:40:00+08:00,245,128
,3,0.55,0.024,1100,,,168,4,3,6,11,3,2023-06-11T01:40:00+08:00,238,124
,4,0.2,0.003,400,,,2527,45,4,6,11,4,2023-06-11T02:40:00+08:00,229,120
,,,,,,,1516,8,5,6,11,5,2023-06-11T03:40:00+08:00,222,116
,,,,,,,842,46,6,6,11,6,2023-06-11T04:40:00+08:00,215,112
,,,,,,,337,39,7,6,11,7,2023-06-11T05:40:00+08:00,212,111
,,,,,,,843,5,8,6,11,8,2023-06-11T06:40:00+08:00,214,111
,,,,,,,,,9,6,11,9,2023-06-11T07:40:00+08:00,202,105
,,,,,,,,,10,6,11,10,2023-06-11T08:40:00+08:00,202,105
,,,,,,,,,11,6,11,11,2023-06-11T09:40:00+08:00,208,108
,,,,,,,,,12,6,11,12,2023-06-11T10:40:00+08:00,216,113
,,,,,,,,,13,6,11,13,2023-06-11T11:40:00+08:00,217,113
,,,,,,,,,14,6,11,14,2023-06-11T12:40:00+08:00,216,113
,,,,,,,,,15,6,11,15,2023-06-11T13:40:00+08:00,219,114
,,,,,,,,,16,6,11,16,2023-06-11T14:40:00+08:00,226,118
,,,,,,,,,17,6,11,17,2023-06-11T15:40:00+08:00,232,121
,,,,,,,,,18,6,11,18,2023-06-11T16:40:00+08:00,234,122
,,,,,,,,,19,6,11,19,2023-06-11T17:40:00+08:00,233,122
,,,,,,,,,20,6,11,20,2023-06-11T18:40:00+08:00,234,122
,,,,,,,,,21,6,11,21,2023-06-11T19:40:00+08:00,264,138
,,,,,,,,,22,6,11,22,2023-06-11T20:40:00+08:00,266,139
,,,,,,,,,23,6,11,23,2023-06-11T21:40:00+08:00,263,137
,,,,,,,,,24,6,11,24,2023-06-11T22:40:00+08:00,257,135
,,,,,,,,,25,6,12,1,2023-06-11T23:40:00+08:00,251,131
,,,,,,,,,26,6,12,2,2023-06-12T00:40:00+08:00,241,125
,,,,,,,,,27,6,12,3,2023-06-12T01:40:00+08:00,230,120
,,,,,,,,,28,6,12,4,2023-06-12T02:40:00+08:00,220,114
,,,,,,,,,29,6,12,5,2023-06-12T03:40:00+08:00,214,111
,,,,,,,,,30,6,12,6,2023-06-12T04:40:00+08:00,210,109
,,,,,,,,,31,6,12,7,2023-06-12T05:40:00+08:00,210,109
,,,,,,,,,32,6,12,8,2023-06-12T06:40:00+08:00,213,111
,,,,,,,,,33,6,12,9,2023-06-12T07:40:00+08:00,206,107
,,,,,,,,,34,6,12,10,2023-06-12T08:40:00+08:00,214,112
,,,,,,,,,35,6,12,11,2023-06-12T09:40:00+08:00,226,118
,,,,,,,,,36,6,12,12,2023-06-12T10:40:00+08:00,235,123
,,,,,,,,,37,6,12,13,2023-06-12T11:40:00+08:00,242,126
,,,,,,,,,38,6,12,14,2023-06-12T12:40:00+08:00,238,125
,,,,,,,,,39,6,12,15,2023-06-12T13:40:00+08:00,242,126
,,,,,,,,,40,6,12,16,2023-06-12T14:40:00+08:00,250,130
,,,,,,,,,41,6,12,17,2023-06-12T15:40:00+08:00,256,134
,,,,,,,,,42,6,12,18,2023-06-12T16:40:00+08:00,260,136
,,,,,,,,,43,6,12,19,2023-06-12T17:40:00+08:00,253,133
,,,,,,,,,44,6,12,20,2023-06-12T18:40:00+08:00,252,131
,,,,,,,,,45,6,12,21,2023-06-12T19:40:00+08:00,279,145
,,,,,,,,,46,6,12,22,2023-06-12T20:40:00+08:00,283,147
,,,,,,,,,47,6,12,23,2023-06-12T21:40:00+08:00,280,146
,,,,,,,,,48,6,12,24,2023-06-12T22:40:00+08:00,274,143
,,,,,,,,,49,6,13,1,2023-06-12T23:40:00+08:00,267,139
,,,,,,,,,50,6,13,2,2023-06-13T00:40:00+08:00,253,131
,,,,,,,,,51,6,13,3,2023-06-13T01:40:00+08:00,242,126
,,,,,,,,,52,6,13,4,2023-06-13T02:40:00+08:00,232,122
,,,,,,,,,53,6,13,5,2023-06-13T03:40:00+08:00,224,117
,,,,,,,,,54,6,13,6,2023-06-13T04:40:00+08:00,222,116
,,,,,,,,,55,6,13,7,2023-06-13T05:40:00+08:00,224,117
,,,,,,,,,56,6,13,8,2023-06-13T06:40:00+08:00,233,122
,,,,,,,,,57,6,13,9,2023-06-13T07:40:00+08:00,231,121
,,,,,,,,,58,6,13,10,2023-06-13T08:40:00+08:00,261,137
,,,,,,,,,59,6,13,11,2023-06-13T09:40:00+08:00,284,148
,,,,,,,,,60,6,13,12,2023-06-13T10:40:00+08:00,293,154
,,,,,,,,,61,6,13,13,2023-06-13T11:40:00+08:00,301,157
,,,,,,,,,62,6,13,14,2023-06-13T12:40:00+08:00,299,156
,,,,,,,,,63,6,13,15,2023-06-13T13:40:00+08:00,301,157
,,,,,,,,,64,6,13,16,2023-06-13T14:40:00+08:00,314,164
,,,,,,,,,65,6,13,17,2023-06-13T15:40:00+08:00,321,167
,,,,,,,,,66,6,13,18,2023-06-13T16:40:00+08:00,321,167
,,,,,,,,,67,6,13,19,2023-06-13T17:40:00+08:00,305,159
,,,,,,,,,68,6,13,20,2023-06-13T18:40:00+08:00,292,153
,,,,,,,,,69,6,13,21,2023-06-13T19:40:00+08:00,308,161
,,,,,,,,,70,6,13,22,2023-06-13T20:40:00+08:00,308,161
,,,,,,,,,71,6,13,23,2023-06-13T21:40:00+08:00,302,158
,,,,,,,,,72,6,13,24,2023-06-13T22:40:00+08:00,294,154
,,,,,,,,,73,6,14,1,2023-06-13T23:40:00+08:00,282,147
,,,,,,,,,74,6,14,2,2023-06-14T00:40:00+08:00,266,139
,,,,,,,,,75,6,14,3,2023-06-14T01:40:00+08:00,255,134
,,,,,,,,,76,6,14,4,2023-06-14T02:40:00+08:00,247,129
,,,,,,,,,77,6,14,5,2023-06-14T03:40:00+08:00,239,125
,,,,,,,,,78,6,14,6,2023-06-14T04:40:00+08:00,236,123
,,,,,,,,,79,6,14,7,2023-06-14T05:40:00+08:00,236,123
,,,,,,,,,80,6,14,8,2023-06-14T06:40:00+08:00,248,129
,,,,,,,,,81,6,14,9,2023-06-14T07:40:00+08:00,245,128
,,,,,,,,,82,6,14,10,2023-06-14T08:40:00+08:00,270,141
,,,,,,,,,83,6,14,11,2023-06-14T09:40:00+08:00,288,151
,,,,,,,,,84,6,14,12,2023-06-14T10:40:00+08:00,302,157
,,,,,,,,,85,6,14,13,2023-06-14T11:40:00+08:00,305,159
,,,,,,,,,86,6,14,14,2023-06-14T12:40:00+08:00,296,155
,,,,,,,,,87,6,14,15,2023-06-14T13:40:00+08:00,302,158
,,,,,,,,,88,6,14,16,2023-06-14T14:40:00+08:00,317,165
,,,,,,,,,89,6,14,17,2023-06-14T15:40:00+08:00,321,167
,,,,,,,,,90,6,14,18,2023-06-14T16:40:00+08:00,321,167
,,,,,,,,,91,6,14,19,2023-06-14T17:40:00+08:00,303,158
,,,,,,,,,92,6,14,20,2023-06-14T18:40:00+08:00,291,152
,,,,,,,,,93,6,14,21,2023-06-14T19:40:00+08:00,308,161
,,,,,,,,,94,6,14,22,2023-06-14T20:40:00+08:00,305,159
,,,,,,,,,95,6,14,23,2023-06-14T21:40:00+08:00,300,157
,,,,,,,,,96,6,14,24,2023-06-14T22:40:00+08:00,287,149
,,,,,,,,,97,6,15,1,2023-06-14T23:40:00+08:00,276,144
,,,,,,,,,98,6,15,2,2023-06-15T00:40:00+08:00,260,136
,,,,,,,,,99,6,15,3,2023-06-15T01:40:00+08:00,250,130
,,,,,,,,,100,6,15,4,2023-06-15T02:40:00+08:00,243,127
,,,,,,,,,101,6,15,5,2023-06-15T03:40:00+08:00,236,123
,,,,,,,,,102,6,15,6,2023-06-15T04:40:00+08:00,233,122
,,,,,,,,,103,6,15,7,2023-06-15T05:40:00+08:00,233,122
,,,,,,,,,104,6,15,8,2023-06-15T06:40:00+08:00,246,128
,,,,,,,,,105,6,15,9,2023-06-15T07:40:00+08:00,243,127
,,,,,,,,,106,6,15,10,2023-06-15T08:40:00+08:00,268,140
,,,,,,,,,107,6,15,11,2023-06-15T09:40:00+08:00,286,149
,,,,,,,,,108,6,15,12,2023-06-15T10:40:00+08:00,296,155
,,,,,,,,,109,6,15,13,2023-06-15T11:40:00+08:00,304,159
,,,,,,,,,110,6,15,14,2023-06-15T12:40:00+08:00,298,155
,,,,,,,,,111,6,15,15,2023-06-15T13:40:00+08:00,302,158
,,,,,,,,,112,6,15,16,2023-06-15T14:40:00+08:00,317,165
,,,,,,,,,113,6,15,17,2023-06-15T15:40:00+08:00,317,165
,,,,,,,,,114,6,15,18,2023-06-15T16:40:00+08:00,318,166
,,,,,,,,,115,6,15,19,2023-06-15T17:40:00+08:00,305,159
,,,,,,,,,116,6,15,20,2023-06-15T18:40:00+08:00,291,152
,,,,,,,,,117,6,15,21,2023-06-15T19:40:00+08:00,312,163
,,,,,,,,,118,6,15,22,2023-06-15T20:40:00+08:00,313,164
,,,,,,,,,119,6,15,23,2023-06-15T21:40:00+08:00,307,160
,,,,,,,,,120,6,15,24,2023-06-15T22:40:00+08:00,299,156
,,,,,,,,,121,6,16,1,2023-06-15T23:40:00+08:00,286,149
,,,,,,,,,122,6,16,2,2023-06-16T00:40:00+08:00,271,141
,,,,,,,,,123,6,16,3,2023-06-16T01:40:00+08:00,260,136
,,,,,,,,,124,6,16,4,2023-06-16T02:50:00+08:00,251,130
,,,,,,,,,125,6,16,5,2023-06-16T03:50:00+08:00,243,126
,,,,,,,,,126,6,16,6,2023-06-16T04:50:00+08:00,239,125
,,,,,,,,,127,6,16,7,2023-06-16T05:50:00+08:00,238,124
,,,,,,,,,128,6,16,8,2023-06-16T06:50:00+08:00,248,129
,,,,,,,,,129,6,16,9,2023-06-16T07:50:00+08:00,244,127
,,,,,,,,,130,6,16,10,2023-06-16T08:50:00+08:00,265,138
,,,,,,,,,131,6,16,11,2023-06-16T09:50:00+08:00,284,148
,,,,,,,,,132,6,16,12,2023-06-16T10:50:00+08:00,294,154
,,,,,,,,,133,6,16,13,2023-06-16T11:50:00+08:00,302,157
,,,,,,,,,134,6,16,14,2023-06-16T12:50:00+08:00,296,155
,,,,,,,,,135,6,16,15,2023-06-16T13:50:00+08:00,296,155
,,,,,,,,,136,6,16,16,2023-06-16T14:50:00+08:00,309,161
,,,,,,,,,137,6,16,17,2023-06-16T15:50:00+08:00,317,165
,,,,,,,,,138,6,16,18,2023-06-16T16:50:00+08:00,317,165
,,,,,,,,,139,6,16,19,2023-06-16T17:50:00+08:00,304,159
,,,,,,,,,140,6,16,20,2023-06-16T18:50:00+08:00,292,153
,,,,,,,,,141,6,16,21,2023-06-16T19:50:00+08:00,309,161
,,,,,,,,,142,6,16,22,2023-06-16T20:50:00+08:00,308,161
,,,,,,,,,143,6,16,23,2023-06-16T21:50:00+08:00,301,157
,,,,,,,,,144,6,16,24,2023-06-16T22:50:00+08:00,291,153
,,,,,,,,,145,6,17,1,2023-06-16T23:50:00+08:00,283,147
,,,,,,,,,146,6,17,2,2023-06-17T00:50:00+08:00,268,140
,,,,,,,,,147,6,17,3,2023-06-17T01:50:00+08:00,256,134
,,,,,,,,,148,6,17,4,2023-06-17T02:50:00+08:00,248,129
,,,,,,,,,149,6,17,5,2023-06-17T03:50:00+08:00,241,125
,,,,,,,,,150,6,17,6,2023-06-17T04:50:00+08:00,236,124
,,,,,,,,,151,6,17,7,2023-06-17T05:50:00+08:00,234,122
,,,,,,,,,152,6,17,8,2023-06-17T06:50:00+08:00,237,124
,,,,,,,,,153,6,17,9,2023-06-17T07:50:00+08:00,233,122
,,,,,,,,,154,6,17,10,2023-06-17T08:50:00+08:00,245,128
,,,,,,,,,155,6,17,11,2023-06-17T09:50:00+08:00,260,136
,,,,,,,,,156,6,17,12,2023-06-17T10:50:00+08:00,271,141
,,,,,,,,,157,6,17,13,2023-06-17T11:50:00+08:00,273,142
,,,,,,,,,158,6,17,14,2023-06-17T12:50:00+08:00,268,140
,,,,,,,,,159,6,17,15,2023-06-17T13:50:00+08:00,269,141
,,,,,,,,,160,6,17,16,2023-06-17T14:50:00+08:00,274,143
,,,,,,,,,161,6,17,17,2023-06-17T15:50:00+08:00,276,144
,,,,,,,,,162,6,17,18,2023-06-17T16:50:00+08:00,276,144
,,,,,,,,,163,6,17,19,2023-06-17T17:50:00+08:00,271,142
,,,,,,,,,164,6,17,20,2023-06-17T18:50:00+08:00,271,142
,,,,,,,,,165,6,17,21,2023-06-17T19:50:00+08:00,291,153
,,,,,,,,,166,6,17,22,2023-06-17T20:50:00+08:00,292,153
,,,,,,,,,167,6,17,23,2023-06-17T21:50:00+08:00,288,151
,,,,,,,,,168,6,17,24,2023-06-17T22:50:00+08:00,280,146
,,,,,,,,,169,1,15,1,2023-01-14T23:30:00+08:00,273,142
,,,,,,,,,170,1,15,2,2023-01-15T00:30:00+08:00,260,136
,,,,,,,,,171,1,15,3,2023-01-15T01:30:00+08:00,249,130
,,,,,,,,,172,1,15,4,2023-01-15T02:30:00+08:00,241,126
,,,,,,,,,173,1,15,5,2023-01-15T03:30:00+08:00,232,121
,,,,,,,,,174,1,15,6,2023-01-15T04:30:00+08:00,227,119
,,,,,,,,,175,1,15,7,2023-01-15T05:30:00+08:00,225,118
,,,,,,,,,176,1,15,8,2023-01-15T06:30:00+08:00,229,119
,,,,,,,,,177,1,15,9,2023-01-15T07:30:00+08:00,217,113
,,,,,,,,,178,1,15,10,2023-01-15T08:30:00+08:00,220,114
,,,,,,,,,179,1,15,11,2023-01-15T09:30:00+08:00,228,119
,,,,,,,,,180,1,15,12,2023-01-15T10:30:00+08:00,237,124
,,,,,,,,,181,1,15,13,2023-01-15T11:30:00+08:00,242,126
,,,,,,,,,182,1,15,14,2023-01-15T12:30:00+08:00,239,125
,,,,,,,,,183,1,15,15,2023-01-15T13:30:00+08:00,244,127
,,,,,,,,,184,1,15,16,2023-01-15T14:30:00+08:00,249,130
,,,,,,,,,185,1,15,17,2023-01-15T15:30:00+08:00,253,133
,,,,,,,,,186,1,15,18,2023-01-15T16:30:00+08:00,252,131
,,,,,,,,,187,1,15,19,2023-01-15T17:30:00+08:00,250,130
,,,,,,,,,188,1,15,20,2023-01-15T18:30:00+08:00,252,131
,,,,,,,,,189,1,15,21,2023-01-15T19:30:00+08:00,277,144
,,,,,,,,,190,1,15,22,2023-01-15T20:30:00+08:00,283,147
,,,,,,,,,191,1,15,23,2023-01-15T21:30:00+08:00,281,146
,,,,,,,,,192,1,15,24,2023-01-15T22:30:00+08:00,274,143
,,,,,,,,,193,1,16,1,2023-01-15T23:30:00+08:00,266,139
,,,,,,,,,194,1,16,2,2023-01-16T00:30:00+08:00,249,129
,,,,,,,,,195,1,16,3,2023-01-16T01:40:00+08:00,238,124
,,,,,,,,,196,1,16,4,2023-01-16T02:40:00+08:00,231,121
,,,,,,,,,197,1,16,5,2023-01-16T03:40:00+08:00,226,118
,,,,,,,,,198,1,16,6,2023-01-16T04:40:00+08:00,223,116
,,,,,,,,,199,1,16,7,2023-01-16T05:40:00+08:00,225,118
,,,,,,,,,200,1,16,8,2023-01-16T06:40:00+08:00,237,124
,,,,,,,,,201,1,16,9,2023-01-16T07:40:00+08:00,237,124
,,,,,,,,,202,1,16,10,2023-01-16T08:40:00+08:00,268,140
,,,,,,,,,203,1,16,11,2023-01-16T09:40:00+08:00,288,151
,,,,,,,,,204,1,16,12,2023-01-16T10:40:00+08:00,300,156
,,,,,,,,,205,1,16,13,2023-01-16T11:40:00+08:00,306,160
,,,,,,,,,206,1,16,14,2023-01-16T12:40:00+08:00,298,156
,,,,,,,,,207,1,16,15,2023-01-16T13:40:00+08:00,304,159
,,,,,,,,,208,1,16,16,2023-01-16T14:40:00+08:00,318,166
,,,,,,,,,209,1,16,17,2023-01-16T15:40:00+08:00,320,167
,,,,,,,,,210,1,16,18,2023-01-16T16:40:00+08:00,322,167
,,,,,,,,,211,1,16,19,2023-01-16T17:40:00+08:00,309,161
,,,,,,,,,212,1,16,20,2023-01-16T18:40:00+08:00,295,155
,,,,,,,,,213,1,16,21,2023-01-16T19:40:00+08:00,315,164
,,,,,,,,,214,1,16,22,2023-01-16T20:40:00+08:00,317,165
,,,,,,,,,215,1,16,23,2023-01-16T21:40:00+08:00,311,162
,,,,,,,,,216,1,16,24,2023-01-16T22:40:00+08:00,301,157
,,,,,,,,,217,1,17,1,2023-01-16T23:40:00+08:00,288,151
,,,,,,,,,218,1,17,2,2023-01-17T00:40:00+08:00,274,143
,,,,,,,,,219,1,17,3,2023-01-17T01:40:00+08:00,264,138
,,,,,,,,,220,1,17,4,2023-01-17T02:40:00+08:00,253,133
,,,,,,,,,221,1,17,5,2023-01-17T03:40:00+08:00,245,127
,,,,,,,,,222,1,17,6,2023-01-17T04:40:00+08:00,241,126
,,,,,,,,,223,1,17,7,2023-01-17T05:40:00+08:00,242,126
,,,,,,,,,224,1,17,8,2023-01-17T06:40:00+08:00,253,133
,,,,,,,,,225,1,17,9,2023-01-17T07:40:00+08:00,249,129
,,,,,,,,,226,1,17,10,2023-01-17T08:40:00+08:00,273,143
,,,,,,,,,227,1,17,11,2023-01-17T09:40:00+08:00,291,152
,,,,,,,,,228,1,17,12,2023-01-17T10:40:00+08:00,303,158
,,,,,,,,,229,1,17,13,2023-01-17T11:40:00+08:00,309,161
,,,,,,,,,230,1,17,14,2023-01-17T12:40:00+08:00,298,156
,,,,,,,,,231,1,17,15,2023-01-17T13:40:00+08:00,302,157
,,,,,,,,,232,1,17,16,2023-01-17T14:40:00+08:00,311,162
,,,,,,,,,233,1,17,17,2023-01-17T15:40:00+08:00,314,164
,,,,,,,,,234,1,17,18,2023-01-17T16:40:00+08:00,318,166
,,,,,,,,,235,1,17,19,2023-01-17T17:40:00+08:00,305,159
,,,,,,,,,236,1,17,20,2023-01-17T18:40:00+08:00,293,153
,,,,,,,,,237,1,17,21,2023-01-17T19:40:00+08:00,313,163
,,,,,,,,,238,1,17,22,2023-01-17T20:40:00+08:00,314,164
,,,,,,,,,239,1,17,23,2023-01-17T21:40:00+08:00,307,160
,,,,,,,,,240,1,17,24,2023-01-17T22:40:00+08:00,299,156
,,,,,,,,,241,1,18,1,2023-01-17T23:40:00+08:00,287,149
,,,,,,,,,242,1,18,2,2023-01-18T00:40:00+08:00,272,142
,,,,,,,,,243,1,18,3,2023-01-18T01:40:00+08:00,258,135
,,,,,,,,,244,1,18,4,2023-01-18T02:40:00+08:00,251,130
,,,,,,,,,245,1,18,5,2023-01-18T03:40:00+08:00,242,126
,,,,,,,,,246,1,18,6,2023-01-18T04:40:00+08:00,238,124
,,,,,,,,,247,1,18,7,2023-01-18T05:40:00+08:00,239,125
,,,,,,,,,248,1,18,8,2023-01-18T06:40:00+08:00,251,131
,,,,,,,,,249,1,18,9,2023-01-18T07:40:00+08:00,249,130
,,,,,,,,,250,1,18,10,2023-01-18T08:40:00+08:00,271,141
,,,,,,,,,251,1,18,11,2023-01-18T09:40:00+08:00,291,153
,,,,,,,,,252,1,18,12,2023-01-18T10:40:00+08:00,300,156
,,,,,,,,,253,1,18,13,2023-01-18T11:40:00+08:00,304,159
,,,,,,,,,254,1,18,14,2023-01-18T12:40:00+08:00,296,155
,,,,,,,,,255,1,18,15,2023-01-18T13:40:00+08:00,303,158
,,,,,,,,,256,1,18,16,2023-01-18T14:40:00+08:00,315,164
,,,,,,,,,257,1,18,17,2023-01-18T15:40:00+08:00,318,166
,,,,,,,,,258,1,18,18,2023-01-18T16:40:00+08:00,319,166
,,,,,,,,,259,1,18,19,2023-01-18T17:40:00+08:00,304,159
,,,,,,,,,260,1,18,20,2023-01-18T18:40:00+08:00,292,153
,,,,,,,,,261,1,18,21,2023-01-18T19:40:00+08:00,312,163
,,,,,,,,,262,1,18,22,2023-01-18T20:40:00+08:00,311,162
,,,,,,,,,263,1,18,23,2023-01-18T21:40:00+08:00,305,159
,,,,,,,,,264,1,18,24,2023-01-18T22:40:00+08:00,295,155
,,,,,,,,,265,1,19,1,2023-01-18T23:40:00+08:00,284,148
,,,,,,,,,266,1,19,2,2023-01-19T00:40:00+08:00,266,139
,,,,,,,,,267,1,19,3,2023-01-19T01:40:00+08:00,255,134
,,,,,,,,,268,1,19,4,2023-01-19T02:40:00+08:00,247,129
,,,,,,,,,269,1,19,5,2023-01-19T03:40:00+08:00,242,126
,,,,,,,,,270,1,19,6,2023-01-19T04:40:00+08:00,237,124
,,,,,,,,,271,1,19,7,2023-01-19T05:40:00+08:00,241,125
,,,,,,,,,272,1,19,8,2023-01-19T06:40:00+08:00,249,130
,,,,,,,,,273,1,19,9,2023-01-19T07:40:00+08:00,247,129
,,,,,,,,,274,1,19,10,2023-01-19T08:40:00+08:00,270,141
,,,,,,,,,275,1,19,11,2023-01-19T09:40:00+08:00,288,151
,,,,,,,,,276,1,19,12,2023-01-19T10:40:00+08:00,301,157
,,,,,,,,,277,1,19,13,2023-01-19T11:40:00+08:00,306,160
,,,,,,,,,278,1,19,14,2023-01-19T12:40:00+08:00,300,157
,,,,,,,,,279,1,19,15,2023-01-19T13:40:00+08:00,306,160
,,,,,,,,,280,1,19,16,2023-01-19T14:40:00+08:00,321,167
,,,,,,,,,281,1,19,17,2023-01-19T15:40:00+08:00,323,169
,,,,,,,,,282,1,19,18,2023-01-19T16:40:00+08:00,326,170
,,,,,,,,,283,1,19,19,2023-01-19T17:40:00+08:00,313,163
,,,,,,,,,284,1,19,20,2023-01-19T18:40:00+08:00,300,157
,,,,,,,,,285,1,19,21,2023-01-19T19:40:00+08:00,319,166
,,,,,,,,,286,1,19,22,2023-01-19T20:40:00+08:00,319,166
,,,,,,,,,287,1,19,23,2023-01-19T21:40:00+08:00,312,163
,,,,,,,,,288,1,19,24,2023-01-19T22:40:00+08:00,304,159
,,,,,,,,,289,1,20,1,2023-01-19T23:40:00+08:00,292,153
,,,,,,,,,290,1,20,2,2023-01-20T00:40:00+08:00,274,143
,,,,,,,,,291,1,20,3,2023-01-20T01:40:00+08:00,263,137
,,,,,,,,,292,1,20,4,2023-01-20T02:40:00+08:00,254,133
,,,,,,,,,293,1,20,5,2023-01-20T03:40:00+08:00,247,128
,,,,,,,,,294,1,20,6,2023-01-20T04:40:00+08:00,243,126
,,,,,,,,,295,1,20,7,2023-01-20T05:40:00+08:00,244,127
,,,,,,,,,296,1,20,8,2023-01-20T06:40:00+08:00,249,129
,,,,,,,,,297,1,20,9,2023-01-20T07:40:00+08:00,248,129
,,,,,,,,,298,1,20,10,2023-01-20T08:40:00+08:00,269,140
,,,,,,,,,299,1,20,11,2023-01-20T09:40:00+08:00,287,149
,,,,,,,,,300,1,20,12,2023-01-20T10:40:00+08:00,298,156
,,,,,,,,,301,1,20,13,2023-01-20T11:40:00+08:00,303,158
,,,,,,,,,302,1,20,14,2023-01-20T12:40:00+08:00,299,156
,,,,,,,,,303,1,20,15,2023-01-20T13:40:00+08:00,298,156
,,,,,,,,,304,1,20,16,2023-01-20T14:40:00+08:00,307,160
,,,,,,,,,305,1,20,17,2023-01-20T15:40:00+08:00,314,164
,,,,,,,,,306,1,20,18,2023-01-20T16:40:00+08:00,315,164
,,,,,,,,,307,1,20,19,2023-01-20T17:40:00+08:00,304,159
,,,,,,,,,308,1,20,20,2023-01-20T18:40:00+08:00,293,154
,,,,,,,,,309,1,20,21,2023-01-20T19:40:00+08:00,312,163
,,,,,,,,,310,1,20,22,2023-01-20T20:40:00+08:00,313,163
,,,,,,,,,311,1,20,23,2023-01-20T21:40:00+08:00,306,160
,,,,,,,,,312,1,20,24,2023-01-20T22:40:00+08:00,300,156
,,,,,,,,,313,1,21,1,2023-01-20T23:40:00+08:00,291,152
,,,,,,,,,314,1,21,2,2023-01-21T00:40:00+08:00,275,144
,,,,,,,,,315,1,21,3,2023-01-21T01:40:00+08:00,264,138
,,,,,,,,,316,1,21,4,2023-01-21T02:40:00+08:00,256,134
,,,,,,,,,317,1,21,5,2023-01-21T03:40:00+08:00,247,129
,,,,,,,,,318,1,21,6,2023-01-21T04:40:00+08:00,242,126
,,,,,,,,,319,1,21,7,2023-01-21T05:40:00+08:00,241,125
,,,,,,,,,320,1,21,8,2023-01-21T06:40:00+08:00,242,126
,,,,,,,,,321,1,21,9,2023-01-21T07:40:00+08:00,237,124
,,,,,,,,,322,1,21,10,2023-01-21T08:40:00+08:00,247,129
,,,,,,,,,323,1,21,11,2023-01-21T09:40:00+08:00,264,138
,,,,,,,,,324,1,21,12,2023-01-21T10:40:00+08:00,274,143
,,,,,,,,,325,1,21,13,2023-01-21T11:50:00+08:00,279,145
,,,,,,,,,326,1,21,14,2023-01-21T12:50:00+08:00,271,142
,,,,,,,,,327,1,21,15,2023-01-21T13:50:00+08:00,275,143
,,,,,,,,,328,1,21,16,2023-01-21T14:50:00+08:00,285,148
,,,,,,,,,329,1,21,17,2023-01-21T15:50:00+08:00,286,149
,,,,,,,,,330,1,21,18,2023-01-21T16:50:00+08:00,286,149
,,,,,,,,,331,1,21,19,2023-01-21T17:50:00+08:00,280,146
,,,,,,,,,332,1,21,20,2023-01-21T18:50:00+08:00,279,145
,,,,,,,,,333,1,21,21,2023-01-21T19:50:00+08:00,301,157
,,,,,,,,,334,1,21,22,2023-01-21T20:50:00+08:00,301,157
,,,,,,,,,335,1,21,23,2023-01-21T21:50:00+08:00,298,155
,,,,,,,,,336,1,21,24,2023-01-21T22:50:00+08:00,290,152
,,,,,,,,,337,1,22,1,2023-01-21T23:50:00+08:00,283,147
,,,,,,,,,338,1,22,2,2023-01-22T00:50:00+08:00,269,140
,,,,,,,,,339,1,22,3,2023-01-22T01:50:00+08:00,258,135
,,,,,,,,,340,1,22,4,2023-01-22T02:50:00+08:00,249,129
,,,,,,,,,341,1,22,5,2023-01-22T03:50:00+08:00,241,126
,,,,,,,,,342,1,22,6,2023-01-22T04:50:00+08:00,233,122
,,,,,,,,,343,1,22,7,2023-01-22T05:50:00+08:00,232,121
,,,,,,,,,344,1,22,8,2023-01-22T06:50:00+08:00,234,122
,,,,,,,,,345,1,22,9,2023-01-22T07:50:00+08:00,225,118
,,,,,,,,,346,1,22,10,2023-01-22T08:50:00+08:00,226,118
,,,,,,,,,347,1,22,11,2023-01-22T09:50:00+08:00,234,122
,,,,,,,,,348,1,22,12,2023-01-22T10:50:00+08:00,246,128
,,,,,,,,,349,1,22,13,2023-01-22T11:50:00+08:00,249,130
,,,,,,,,,350,1,22,14,2023-01-22T12:50:00+08:00,249,130
,,,,,,,,,351,1,22,15,2023-01-22T13:50:00+08:00,252,131
,,,,,,,,,352,1,22,16,2023-01-22T14:50:00+08:00,257,135
,,,,,,,,,353,1,22,17,2023-01-22T15:50:00+08:00,258,135
,,,,,,,,,354,1,22,18,2023-01-22T16:50:00+08:00,262,137
,,,,,,,,,355,1,22,19,2023-01-22T17:50:00+08:00,256,134
,,,,,,,,,356,1,22,20,2023-01-22T18:50:00+08:00,257,134
,,,,,,,,,357,1,22,21,2023-01-22T19:50:00+08:00,283,147
,,,,,,,,,358,1,22,22,2023-01-22T20:50:00+08:00,289,151
,,,,,,,,,359,1,22,23,2023-01-22T21:50:00+08:00,287,149
,,,,,,,,,360,1,22,24,2023-01-22T22:50:00+08:00,281,146
,,,,,,,,,361,1,23,1,2023-01-22T23:50:00+08:00,272,142
,,,,,,,,,362,1,23,2,2023-01-23T00:50:00+08:00,255,134
,,,,,,,,,363,1,23,3,2023-01-23T01:50:00+08:00,245,128
,,,,,,,,,364,1,23,4,2023-01-23T02:50:00+08:00,236,123
,,,,,,,,,365,1,23,5,2023-01-23T03:50:00+08:00,232,121
,,,,,,,,,366,1,23,6,2023-01-23T04:50:00+08:00,226,118
,,,,,,,,,367,1,23,7,2023-01-23T05:50:00+08:00,230,120
,,,,,,,,,368,1,23,8,2023-01-23T06:50:00+08:00,242,126
,,,,,,,,,369,1,23,9,2023-01-23T07:50:00+08:00,244,127
,,,,,,,,,370,1,23,10,2023-01-23T08:50:00+08:00,276,144
,,,,,,,,,371,1,23,11,2023-01-23T09:50:00+08:00,295,155
,,,,,,,,,372,1,23,12,2023-01-23T10:50:00+08:00,306,159
,,,,,,,,,373,1,23,13,2023-01-23T11:50:00+08:00,310,162
,,,,,,,,,374,1,23,14,2023-01-23T12:50:00+08:00,301,157
,,,,,,,,,375,1,23,15,2023-01-23T13:50:00+08:00,312,163
,,,,,,,,,376,1,23,16,2023-01-23T14:50:00+08:00,325,170
,,,,,,,,,377,1,23,17,2023-01-23T15:50:00+08:00,326,171
,,,,,,,,,378,1,23,18,2023-01-23T16:50:00+08:00,327,171
,,,,,,,,,379,1,23,19,2023-01-23T17:50:00+08:00,309,161
,,,,,,,,,380,1,23,20,2023-01-23T18:50:00+08:00,298,156
,,,,,,,,,381,1,23,21,2023-01-23T19:50:00+08:00,320,166
,,,,,,,,,382,1,23,22,2023-01-23T20:50:00+08:00,319,166
,,,,,,,,,383,1,23,23,2023-01-23T21:50:00+08:00,311,162
,,,,,,,,,384,1,23,24,2023-01-23T22:50:00+08:00,302,157
,,,,,,,,,385,1,24,1,2023-01-23T23:50:00+08:00,287,149
,,,,,,,,,386,1,24,2,2023-01-24T00:50:00+08:00,271,141
,,,,,,,,,387,1,24,3,2023-01-24T01:50:00+08:00,257,135
,,,,,,,,,388,1,24,4,2023-01-24T02:50:00+08:00,249,130
,,,,,,,,,389,1,24,5,2023-01-24T03:50:00+08:00,242,126
,,,,,,,,,390,1,24,6,2023-01-24T04:50:00+08:00,237,124
,,,,,,,,,391,1,24,7,2023-01-24T05:50:00+08:00,239,125
,,,,,,,,,392,1,24,8,2023-01-24T06:50:00+08:00,248,129
,,,,,,,,,393,1,24,9,2023-01-24T07:50:00+08:00,246,128
,,,,,,,,,394,1,24,10,2023-01-24T08:50:00+08:00,274,143
,,,,,,,,,395,1,24,11,2023-01-24T09:50:00+08:00,290,152
,,,,,,,,,396,1,24,12,2023-01-24T10:50:00+08:00,299,156
,,,,,,,,,397,1,24,13,2023-01-24T11:50:00+08:00,303,158
,,,,,,,,,398,1,24,14,2023-01-24T12:50:00+08:00,292,153
,,,,,,,,,399,1,24,15,2023-01-24T13:50:00+08:00,303,158
,,,,,,,,,400,1,24,16,2023-01-24T14:50:00+08:00,315,164
,,,,,,,,,401,1,24,17,2023-01-24T15:50:00+08:00,320,166
,,,,,,,,,402,1,24,18,2023-01-24T16:50:00+08:00,322,167
,,,,,,,,,403,1,24,19,2023-01-24T17:50:00+08:00,305,159
,,,,,,,,,404,1,24,20,2023-01-24T18:50:00+08:00,296,155
,,,,,,,,,405,1,24,21,2023-01-24T19:50:00+08:00,319,166
,,,,,,,,,406,1,24,22,2023-01-24T20:50:00+08:00,318,165
,,,,,,,,,407,1,24,23,2023-01-24T21:50:00+08:00,311,162
,,,,,,,,,408,1,24,24,2023-01-24T22:50:00+08:00,305,159
,,,,,,,,,409,1,25,1,2023-01-24T23:50:00+08:00,291,152
,,,,,,,,,410,1,25,2,2023-01-25T00:50:00+08:00,274,143
,,,,,,,,,411,1,25,3,2023-01-25T01:50:00+08:00,262,137
,,,,,,,,,412,1,25,4,2023-01-25T02:50:00+08:00,252,131
,,,,,,,,,413,1,25,5,2023-01-25T03:50:00+08:00,248,129
,,,,,,,,,414,1,25,6,2023-01-25T04:50:00+08:00,241,126
,,,,,,,,,415,1,25,7,2023-01-25T05:50:00+08:00,244,127
,,,,,,,,,416,1,25,8,2023-01-25T06:50:00+08:00,254,133
,,,,,,,,,417,1,25,9,2023-01-25T07:50:00+08:00,250,130
,,,,,,,,,418,1,25,10,2023-01-25T08:50:00+08:00,274,143
,,,,,,,,,419,1,25,11,2023-01-25T09:50:00+08:00,293,153
,,,,,,,,,420,1,25,12,2023-01-25T10:50:00+08:00,303,158
,,,,,,,,,421,1,25,13,2023-01-25T11:50:00+08:00,308,160
,,,,,,,,,422,1,25,14,2023-01-25T12:50:00+08:00,298,156
,,,,,,,,,423,1,25,15,2023-01-25T13:50:00+08:00,310,162
,,,,,,,,,424,1,25,16,2023-01-25T14:50:00+08:00,320,167
,,,,,,,,,425,1,25,17,2023-01-25T15:50:00+08:00,321,167
,,,,,,,,,426,1,25,18,2023-01-25T16:50:00+08:00,321,167
,,,,,,,,,427,1,25,19,2023-01-25T17:50:00+08:00,305,159
,,,,,,,,,428,1,25,20,2023-01-25T18:50:00+08:00,294,154
,,,,,,,,,429,1,25,21,2023-01-25T19:50:00+08:00,315,165
,,,,,,,,,430,1,25,22,2023-01-25T20:50:00+08:00,314,164
,,,,,,,,,431,1,25,23,2023-01-25T21:50:00+08:00,308,161
,,,,,,,,,432,1,25,24,2023-01-25T22:50:00+08:00,299,156
,,,,,,,,,433,1,26,1,2023-01-25T23:50:00+08:00,288,151
,,,,,,,,,434,1,26,2,2023-01-26T00:50:00+08:00,268,140
,,,,,,,,,435,1,26,3,2023-01-26T01:50:00+08:00,258,135
,,,,,,,,,436,1,26,4,2023-01-26T02:50:00+08:00,249,130
,,,,,,,,,437,1,26,5,2023-01-26T03:50:00+08:00,243,126
,,,,,,,,,438,1,26,6,2023-01-26T04:50:00+08:00,239,125
,,,,,,,,,439,1,26,7,2023-01-26T05:50:00+08:00,242,126
,,,,,,,,,440,1,26,8,2023-01-26T06:50:00+08:00,250,130
,,,,,,,,,441,1,26,9,2023-01-26T07:50:00+08:00,246,128
,,,,,,,,,442,1,26,10,2023-01-26T08:50:00+08:00,270,141
,,,,,,,,,443,1,26,11,2023-01-26T09:50:00+08:00,287,149
,,,,,,,,,444,1,26,12,2023-01-26T10:50:00+08:00,300,157
,,,,,,,,,445,1,26,13,2023-01-26T11:50:00+08:00,304,159
,,,,,,,,,446,1,26,14,2023-01-26T12:50:00+08:00,295,155
,,,,,,,,,447,1,26,15,2023-01-26T13:50:00+08:00,301,157
,,,,,,,,,448,1,26,16,2023-01-26T14:50:00+08:00,314,164
,,,,,,,,,449,1,26,17,2023-01-26T15:50:00+08:00,315,165
,,,,,,,,,450,1,26,18,2023-01-26T16:50:00+08:00,315,164
,,,,,,,,,451,1,26,19,2023-01-26T17:50:00+08:00,299,156
,,,,,,,,,452,1,26,20,2023-01-26T18:50:00+08:00,290,152
,,,,,,,,,453,1,26,21,2023-01-26T19:50:00+08:00,312,163
,,,,,,,,,454,1,26,22,2023-01-26T20:50:00+08:00,309,161
,,,,,,,,,455,1,26,23,2023-01-26T21:50:00+08:00,303,158
,,,,,,,,,456,1,26,24,2023-01-26T22:50:00+08:00,296,155
,,,,,,,,,457,1,27,1,2023-01-26T23:50:00+08:00,285,148
,,,,,,,,,458,1,27,2,2023-01-27T00:50:00+08:00,270,141
,,,,,,,,,459,1,27,3,2023-01-27T01:50:00+08:00,257,135
,,,,,,,,,460,1,27,4,2023-01-27T02:50:00+08:00,250,130
,,,,,,,,,461,1,27,5,2023-01-27T03:50:00+08:00,244,127
,,,,,,,,,462,1,27,6,2023-01-27T04:50:00+08:00,238,125
,,,,,,,,,463,1,27,7,2023-01-27T05:50:00+08:00,238,124
,,,,,,,,,464,1,27,8,2023-01-27T06:50:00+08:00,243,126
,,,,,,,,,465,1,27,9,2023-01-27T07:50:00+08:00,244,127
,,,,,,,,,466,1,27,10,2023-01-27T08:50:00+08:00,265,139
,,,,,,,,,467,1,27,11,2023-01-27T09:50:00+08:00,280,146
,,,,,,,,,468,1,27,12,2023-01-27T10:50:00+08:00,290,152
,,,,,,,,,469,1,27,13,2023-01-27T11:50:00+08:00,294,154
,,,,,,,,,470,1,27,14,2023-01-27T12:50:00+08:00,289,151
,,,,,,,,,471,1,27,15,2023-01-27T13:50:00+08:00,286,149
,,,,,,,,,472,1,27,16,2023-01-27T14:50:00+08:00,294,154
,,,,,,,,,473,1,27,17,2023-01-27T15:50:00+08:00,299,156
,,,,,,,,,474,1,27,18,2023-01-27T16:50:00+08:00,296,155
,,,,,,,,,475,1,27,19,2023-01-27T17:50:00+08:00,284,148
,,,,,,,,,476,1,27,20,2023-01-27T18:50:00+08:00,277,144
,,,,,,,,,477,1,27,21,2023-01-27T19:50:00+08:00,296,155
,,,,,,,,,478,1,27,22,2023-01-27T20:50:00+08:00,295,154
,,,,,,,,,479,1,27,23,2023-01-27T21:50:00+08:00,289,151
,,,,,,,,,480,1,27,24,2023-01-27T22:50:00+08:00,283,147
,,,,,,,,,481,1,28,1,2023-01-27T23:50:00+08:00,275,143
,,,,,,,,,482,1,28,2,2023-01-28T00:00:00+08:00,264,138
,,,,,,,,,483,1,28,3,2023-01-28T01:00:00+08:00,253,131
,,,,,,,,,484,1,28,4,2023-01-28T02:00:00+08:00,245,127
,,,,,,,,,485,1,28,5,2023-01-28T03:00:00+08:00,235,123
,,,,,,,,,486,1,28,6,2023-01-28T04:00:00+08:00,231,121
,,,,,,,,,487,1,28,7,2023-01-28T05:00:00+08:00,227,119
,,,,,,,,,488,1,28,8,2023-01-28T06:00:00+08:00,229,120
,,,,,,,,,489,1,28,9,2023-01-28T07:00:00+08:00,222,116
,,,,,,,,,490,1,28,10,2023-01-28T08:00:00+08:00,226,118
,,,,,,,,,491,1,28,11,2023-01-28T09:00:00+08:00,235,123
,,,,,,,,,492,1,28,12,2023-01-28T10:00:00+08:00,245,127
,,,,,,,,,493,1,28,13,2023-01-28T11:00:00+08:00,243,126
,,,,,,,,,494,1,28,14,2023-01-28T12:00:00+08:00,235,123
,,,,,,,,,495,1,28,15,2023-01-28T13:00:00+08:00,236,123
,,,,,,,,,496,1,28,16,2023-01-28T14:00:00+08:00,239,125
,,,,,,,,,497,1,28,17,2023-01-28T15:00:00+08:00,238,125
,,,,,,,,,498,1,28,18,2023-01-28T16:00:00+08:00,241,125
,,,,,,,,,499,1,28,19,2023-01-28T17:00:00+08:00,239,125
,,,,,,,,,500,1,28,20,2023-01-28T18:00:00+08:00,246,128
,,,,,,,,,501,1,28,21,2023-01-28T19:00:00+08:00,267,139
,,,,,,,,,502,1,28,22,2023-01-28T20:00:00+08:00,264,138
,,,,,,,,,503,1,28,23,2023-01-28T21:00:00+08:00,258,135
,,,,,,,,,504,1,28,24,2023-01-28T22:00:00+08:00,255,134
,,,,,,,,,505,11,5,1,2023-11-04T23:00:00+08:00,249,129
,,,,,,,,,506,11,5,2,2023-11-05T00:00:00+08:00,238,125
,,,,,,,,,507,11,5,3,2023-11-05T01:00:00+08:00,232,121
,,,,,,,,,508,11,5,4,2023-11-05T02:00:00+08:00,220,116
,,,,,,,,,509,11,5,5,2023-11-05T03:00:00+08:00,216,113
,,,,,,,,,510,11,5,6,2023-11-05T04:00:00+08:00,210,109
,,,,,,,,,511,11,5,7,2023-11-05T05:00:00+08:00,208,108
,,,,,,,,,512,11,5,8,2023-11-05T06:00:00+08:00,207,108
,,,,,,,,,513,11,5,9,2023-11-05T07:00:00+08:00,197,103
,,,,,,,,,514,11,5,10,2023-11-05T08:00:00+08:00,197,103
,,,,,,,,,515,11,5,11,2023-11-05T09:00:00+08:00,206,107
,,,,,,,,,516,11,5,12,2023-11-05T10:00:00+08:00,209,109
,,,,,,,,,517,11,5,13,2023-11-05T11:00:00+08:00,208,108
,,,,,,,,,518,11,5,14,2023-11-05T12:00:00+08:00,206,108
,,,,,,,,,519,11,5,15,2023-11-05T13:00:00+08:00,207,108
,,,,,,,,,520,11,5,16,2023-11-05T14:00:00+08:00,207,108
,,,,,,,,,521,11,5,17,2023-11-05T15:00:00+08:00,207,108
,,,,,,,,,522,11,5,18,2023-11-05T16:00:00+08:00,209,109
,,,,,,,,,523,11,5,19,2023-11-05T17:00:00+08:00,213,111
,,,,,,,,,524,11,5,20,2023-11-05T18:00:00+08:00,220,116
,,,,,,,,,525,11,5,21,2023-11-05T19:00:00+08:00,244,127
,,,,,,,,,526,11,5,22,2023-11-05T20:00:00+08:00,243,127
,,,,,,,,,527,11,5,23,2023-11-05T21:00:00+08:00,237,124
,,,,,,,,,528,11,5,24,2023-11-05T22:00:00+08:00,233,122
,,,,,,,,,529,11,6,1,2023-11-05T23:00:00+08:00,227,118
,,,,,,,,,530,11,6,2,2023-11-06T00:00:00+08:00,218,113
,,,,,,,,,531,11,6,3,2023-11-06T01:00:00+08:00,212,110
,,,,,,,,,532,11,6,4,2023-11-06T02:00:00+08:00,204,106
,,,,,,,,,533,11,6,5,2023-11-06T03:00:00+08:00,198,104
,,,,,,,,,534,11,6,6,2023-11-06T04:00:00+08:00,196,103
,,,,,,,,,535,11,6,7,2023-11-06T05:00:00+08:00,196,102
,,,,,,,,,536,11,6,8,2023-11-06T06:00:00+08:00,197,103
,,,,,,,,,537,11,6,9,2023-11-06T07:00:00+08:00,190,100
,,,,,,,,,538,11,6,10,2023-11-06T08:00:00+08:00,194,102
,,,,,,,,,539,11,6,11,2023-11-06T09:00:00+08:00,200,105
,,,,,,,,,540,11,6,12,2023-11-06T10:00:00+08:00,208,108
,,,,,,,,,541,11,6,13,2023-11-06T11:00:00+08:00,207,108
,,,,,,,,,542,11,6,14,2023-11-06T12:00:00+08:00,206,107
,,,,,,,,,543,11,6,15,2023-11-06T13:00:00+08:00,211,110
,,,,,,,,,544,11,6,16,2023-11-06T14:00:00+08:00,212,111
,,,,,,,,,545,11,6,17,2023-11-06T15:00:00+08:00,215,112
,,,,,,,,,546,11,6,18,2023-11-06T16:00:00+08:00,218,114
,,,,,,,,,547,11,6,19,2023-11-06T17:00:00+08:00,222,116
,,,,,,,,,548,11,6,20,2023-11-06T18:00:00+08:00,229,120
,,,,,,,,,549,11,6,21,2023-11-06T19:00:00+08:00,248,129
,,,,,,,,,550,11,6,22,2023-11-06T20:00:00+08:00,246,128
,,,,,,,,,551,11,6,23,2023-11-06T21:00:00+08:00,241,125
,,,,,,,,,552,11,6,24,2023-11-06T22:00:00+08:00,237,124
,,,,,,,,,553,11,7,1,2023-11-06T23:00:00+08:00,231,121
,,,,,,,,,554,11,7,2,2023-11-07T00:00:00+08:00,223,117
,,,,,,,,,555,11,7,3,2023-11-07T01:00:00+08:00,214,111
,,,,,,,,,556,11,7,4,2023-11-07T02:00:00+08:00,208,108
,,,,,,,,,557,11,7,5,2023-11-07T03:00:00+08:00,203,106
,,,,,,,,,558,11,7,6,2023-11-07T04:00:00+08:00,199,104
,,,,,,,,,559,11,7,7,2023-11-07T05:00:00+08:00,198,104
,,,,,,,,,560,11,7,8,2023-11-07T06:00:00+08:00,202,105
,,,,,,,,,561,11,7,9,2023-11-07T07:00:00+08:00,197,103
,,,,,,,,,562,11,7,10,2023-11-07T08:00:00+08:00,206,107
,,,,,,,,,563,11,7,11,2023-11-07T09:00:00+08:00,216,113
,,,,,,,,,564,11,7,12,2023-11-07T10:00:00+08:00,222,116
,,,,,,,,,565,11,7,13,2023-11-07T11:00:00+08:00,220,116
,,,,,,,,,566,11,7,14,2023-11-07T12:00:00+08:00,219,114
,,,,,,,,,567,11,7,15,2023-11-07T13:00:00+08:00,222,116
,,,,,,,,,568,11,7,16,2023-11-07T14:00:00+08:00,223,117
,,,,,,,,,569,11,7,17,2023-11-07T15:00:00+08:00,223,117
,,,,,,,,,570,11,7,18,2023-11-07T16:00:00+08:00,224,117
,,,,,,,,,571,11,7,19,2023-11-07T17:00:00+08:00,222,116
,,,,,,,,,572,11,7,20,2023-11-07T18:00:00+08:00,230,120
,,,,,,,,,573,11,7,21,2023-11-07T19:00:00+08:00,250,130
,,,,,,,,,574,11,7,22,2023-11-07T20:00:00+08:00,247,129
,,,,,,,,,575,11,7,23,2023-11-07T21:00:00+08:00,242,126
,,,,,,,,,576,11,7,24,2023-11-07T22:00:00+08:00,236,124
,,,,,,,,,577,11,8,1,2023-11-07T23:00:00+08:00,227,119
,,,,,,,,,578,11,8,2,2023-11-08T00:00:00+08:00,217,113
,,,,,,,,,579,11,8,3,2023-11-08T01:00:00+08:00,211,110
,,,,,,,,,580,11,8,4,2023-11-08T02:00:00+08:00,204,106
,,,,,,,,,581,11,8,5,2023-11-08T03:00:00+08:00,199,104
,,,,,,,,,582,11,8,6,2023-11-08T04:00:00+08:00,198,104
,,,,,,,,,583,11,8,7,2023-11-08T05:00:00+08:00,205,107
,,,,,,,,,584,11,8,8,2023-11-08T06:00:00+08:00,213,111
,,,,,,,,,585,11,8,9,2023-11-08T07:00:00+08:00,220,116
,,,,,,,,,586,11,8,10,2023-11-08T08:00:00+08:00,244,127
,,,,,,,,,587,11,8,11,2023-11-08T09:00:00+08:00,255,134
,,,,,,,,,588,11,8,12,2023-11-08T10:00:00+08:00,264,138
,,,,,,,,,589,11,8,13,2023-11-08T11:00:00+08:00,265,138
,,,,,,,,,590,11,8,14,2023-11-08T12:00:00+08:00,260,136
,,,,,,,,,591,11,8,15,2023-11-08T13:00:00+08:00,261,137
,,,,,,,,,592,11,8,16,2023-11-08T14:00:00+08:00,267,140
,,,,,,,,,593,11,8,17,2023-11-08T15:00:00+08:00,265,139
,,,,,,,,,594,11,8,18,2023-11-08T16:00:00+08:00,263,137
,,,,,,,,,595,11,8,19,2023-11-08T17:00:00+08:00,252,131
,,,,,,,,,596,11,8,20,2023-11-08T18:00:00+08:00,255,134
,,,,,,,,,597,11,8,21,2023-11-08T19:00:00+08:00,274,143
,,,,,,,,,598,11,8,22,2023-11-08T20:00:00+08:00,272,142
,,,,,,,,,599,11,8,23,2023-11-08T21:00:00+08:00,263,138
,,,,,,,,,600,11,8,24,2023-11-08T22:00:00+08:00,257,135
,,,,,,,,,601,11,9,1,2023-11-08T23:00:00+08:00,247,128
,,,,,,,,,602,11,9,2,2023-11-09T00:00:00+08:00,233,122
,,,,,,,,,603,11,9,3,2023-11-09T01:00:00+08:00,225,118
,,,,,,,,,604,11,9,4,2023-11-09T02:00:00+08:00,218,114
,,,,,,,,,605,11,9,5,2023-11-09T03:00:00+08:00,214,112
,,,,,,,,,606,11,9,6,2023-11-09T04:00:00+08:00,213,111
,,,,,,,,,607,11,9,7,2023-11-09T05:00:00+08:00,220,116
,,,,,,,,,608,11,9,8,2023-11-09T06:00:00+08:00,228,119
,,,,,,,,,609,11,9,9,2023-11-09T07:00:00+08:00,231,121
,,,,,,,,,610,11,9,10,2023-11-09T08:00:00+08:00,252,131
,,,,,,,,,611,11,9,11,2023-11-09T09:00:00+08:00,264,138
,,,,,,,,,612,11,9,12,2023-11-09T10:00:00+08:00,271,141
,,,,,,,,,613,11,9,13,2023-11-09T11:00:00+08:00,270,141
,,,,,,,,,614,11,9,14,2023-11-09T12:00:00+08:00,266,139
,,,,,,,,,615,11,9,15,2023-11-09T13:00:00+08:00,273,142
,,,,,,,,,616,11,9,16,2023-11-09T14:00:00+08:00,277,145
,,,,,,,,,617,11,9,17,2023-11-09T15:00:00+08:00,280,145
,,,,,,,,,618,11,9,18,2023-11-09T16:00:00+08:00,280,146
,,,,,,,,,619,11,9,19,2023-11-09T17:00:00+08:00,269,141
,,,,,,,,,620,11,9,20,2023-11-09T18:00:00+08:00,268,140
,,,,,,,,,621,11,9,21,2023-11-09T19:00:00+08:00,289,151
,,,,,,,,,622,11,9,22,2023-11-09T20:00:00+08:00,285,148
,,,,,,,,,623,11,9,23,2023-11-09T21:00:00+08:00,277,144
,,,,,,,,,624,11,9,24,2023-11-09T22:00:00+08:00,270,141
,,,,,,,,,625,11,10,1,2023-11-09T23:00:00+08:00,258,135
,,,,,,,,,626,11,10,2,2023-11-10T00:00:00+08:00,245,127
,,,,,,,,,627,11,10,3,2023-11-10T01:00:00+08:00,236,123
,,,,,,,,,628,11,10,4,2023-11-10T02:00:00+08:00,228,119
,,,,,,,,,629,11,10,5,2023-11-10T03:00:00+08:00,223,117
,,,,,,,,,630,11,10,6,2023-11-10T04:00:00+08:00,222,116
,,,,,,,,,631,11,10,7,2023-11-10T05:00:00+08:00,224,117
,,,,,,,,,632,11,10,8,2023-11-10T06:00:00+08:00,233,122
,,,,,,,,,633,11,10,9,2023-11-10T07:00:00+08:00,234,122
,,,,,,,,,634,11,10,10,2023-11-10T08:00:00+08:00,257,135
,,,,,,,,,635,11,10,11,2023-11-10T09:00:00+08:00,273,142
,,,,,,,,,636,11,10,12,2023-11-10T10:00:00+08:00,281,146
,,,,,,,,,637,11,10,13,2023-11-10T11:00:00+08:00,283,147
,,,,,,,,,638,11,10,14,2023-11-10T12:00:00+08:00,276,144
,,,,,,,,,639,11,10,15,2023-11-10T13:00:00+08:00,280,146
,,,,,,,,,640,11,10,16,2023-11-10T14:00:00+08:00,291,153
,,,,,,,,,641,11,10,17,2023-11-10T15:00:00+08:00,296,155
,,,,,,,,,642,11,10,18,2023-11-10T16:00:00+08:00,295,155
,,,,,,,,,643,11,10,19,2023-11-10T17:00:00+08:00,281,146
,,,,,,,,,644,11,10,20,2023-11-10T18:00:00+08:00,276,144
,,,,,,,,,645,11,10,21,2023-11-10T19:00:00+08:00,293,153
,,,,,,,,,646,11,10,22,2023-11-10T20:00:00+08:00,289,151
,,,,,,,,,647,11,10,23,2023-11-10T21:00:00+08:00,280,146
,,,,,,,,,648,11,10,24,2023-11-10T22:00:00+08:00,275,143
,,,,,,,,,649,11,11,1,2023-11-10T23:00:00+08:00,266,139
,,,,,,,,,650,11,11,2,2023-11-11T00:00:00+08:00,262,137
,,,,,,,,,651,11,11,3,2023-11-11T01:00:00+08:00,250,130
,,,,,,,,,652,11,11,4,2023-11-11T02:00:00+08:00,241,126
,,,,,,,,,653,11,11,5,2023-11-11T03:00:00+08:00,234,122
,,,,,,,,,654,11,11,6,2023-11-11T04:00:00+08:00,228,119
,,,,,,,,,655,11,11,7,2023-11-11T05:00:00+08:00,225,118
,,,,,,,,,656,11,11,8,2023-11-11T06:00:00+08:00,228,119
,,,,,,,,,657,11,11,9,2023-11-11T07:00:00+08:00,228,119
,,,,,,,,,658,11,11,10,2023-11-11T08:00:00+08:00,225,118
,,,,,,,,,659,11,11,11,2023-11-11T09:00:00+08:00,243,126
,,,,,,,,,660,11,11,12,2023-11-11T10:00:00+08:00,254,133
,,,,,,,,,661,11,11,13,2023-11-11T11:00:00+08:00,260,136
,,,,,,,,,662,11,11,14,2023-11-11T12:00:00+08:00,257,135
,,,,,,,,,663,11,11,15,2023-11-11T13:00:00+08:00,251,131
,,,,,,,,,664,11,11,16,2023-11-11T14:00:00+08:00,255,134
,,,,,,,,,665,11,11,17,2023-11-11T15:00:00+08:00,256,134
,,,,,,,,,666,11,11,18,2023-11-11T16:00:00+08:00,258,135
,,,,,,,,,667,11,11,19,2023-11-11T17:00:00+08:00,258,135
,,,,,,,,,668,11,11,20,2023-11-11T18:00:00+08:00,255,134
,,,,,,,,,669,11,11,21,2023-11-11T19:00:00+08:00,262,137
,,,,,,,,,670,11,11,22,2023-11-11T20:00:00+08:00,279,145
,,,,,,,,,671,11,11,23,2023-11-11T21:00:00+08:00,274,143
,,,,,,,,,672,11,11,24,2023-11-11T22:00:00+08:00,267,139
,,,,,,,,,673,2,19,1,2023-02-18T23:50:00+08:00,260,136
,,,,,,,,,674,2,19,2,2023-02-19T00:50:00+08:00,249,130
,,,,,,,,,675,2,19,3,2023-02-19T01:50:00+08:00,239,125
,,,,,,,,,676,2,19,4,2023-02-19T02:50:00+08:00,230,120
,,,,,,,,,677,2,19,5,2023-02-19T03:50:00+08:00,225,117
,,,,,,,,,678,2,19,6,2023-02-19T04:50:00+08:00,218,114
,,,,,,,,,679,2,19,7,2023-02-19T05:50:00+08:00,215,112
,,,,,,,,,680,2,19,8,2023-02-19T06:50:00+08:00,216,113
,,,,,,,,,681,2,19,9,2023-02-19T07:50:00+08:00,216,112
,,,,,,,,,682,2,19,10,2023-02-19T08:50:00+08:00,209,109
,,,,,,,,,683,2,19,11,2023-02-19T09:50:00+08:00,216,113
,,,,,,,,,684,2,19,12,2023-02-19T10:50:00+08:00,225,118
,,,,,,,,,685,2,19,13,2023-02-19T11:50:00+08:00,231,121
,,,,,,,,,686,2,19,14,2023-02-19T12:50:00+08:00,229,120
,,,,,,,,,687,2,19,15,2023-02-19T13:50:00+08:00,230,120
,,,,,,,,,688,2,19,16,2023-02-19T14:50:00+08:00,235,123
,,,,,,,,,689,2,19,17,2023-02-19T15:50:00+08:00,238,125
,,,,,,,,,690,2,19,18,2023-02-19T16:50:00+08:00,239,125
,,,,,,,,,691,2,19,19,2023-02-19T17:50:00+08:00,238,124
,,,,,,,,,692,2,19,20,2023-02-19T18:50:00+08:00,239,125
,,,,,,,,,693,2,19,21,2023-02-19T19:50:00+08:00,248,129
,,,,,,,,,694,2,19,22,2023-02-19T20:50:00+08:00,272,142
,,,,,,,,,695,2,19,23,2023-02-19T21:50:00+08:00,271,141
,,,,,,,,,696,2,19,24,2023-02-19T22:50:00+08:00,263,137
,,,,,,,,,697,2,20,1,2023-02-19T23:50:00+08:00,257,135
,,,,,,,,,698,2,20,2,2023-02-20T00:50:00+08:00,244,127
,,,,,,,,,699,2,20,3,2023-02-20T01:50:00+08:00,235,123
,,,,,,,,,700,2,20,4,2023-02-20T02:50:00+08:00,230,120
,,,,,,,,,701,2,20,5,2023-02-20T03:50:00+08:00,224,117
,,,,,,,,,702,2,20,6,2023-02-20T04:50:00+08:00,217,113
,,,,,,,,,703,2,20,7,2023-02-20T05:50:00+08:00,216,113
,,,,,,,,,704,2,20,8,2023-02-20T06:50:00+08:00,224,117
,,,,,,,,,705,2,20,9,2023-02-20T07:50:00+08:00,231,121
,,,,,,,,,706,2,20,10,2023-02-20T08:50:00+08:00,243,127
,,,,,,,,,707,2,20,11,2023-02-20T09:50:00+08:00,273,142
,,,,,,,,,708,2,20,12,2023-02-20T10:50:00+08:00,286,149
,,,,,,,,,709,2,20,13,2023-02-20T11:50:00+08:00,294,154
,,,,,,,,,710,2,20,14,2023-02-20T12:50:00+08:00,292,153
,,,,,,,,,711,2,20,15,2023-02-20T13:50:00+08:00,287,149
,,,,,,,,,712,2,20,16,2023-02-20T14:50:00+08:00,296,155
,,,,,,,,,713,2,20,17,2023-02-20T15:50:00+08:00,301,157
,,,,,,,,,714,2,20,18,2023-02-20T16:50:00+08:00,300,157
,,,,,,,,,715,2,20,19,2023-02-20T17:50:00+08:00,295,154
,,,,,,,,,716,2,20,20,2023-02-20T18:50:00+08:00,280,146
,,,,,,,,,717,2,20,21,2023-02-20T19:50:00+08:00,281,146
,,,,,,,,,718,2,20,22,2023-02-20T20:50:00+08:00,296,155
,,,,,,,,,719,2,20,23,2023-02-20T21:50:00+08:00,292,153
,,,,,,,,,720,2,20,24,2023-02-20T22:50:00+08:00,284,148
,,,,,,,,,721,2,21,1,2023-02-20T23:50:00+08:00,275,143
,,,,,,,,,722,2,21,2,2023-02-21T00:50:00+08:00,260,136
,,,,,,,,,723,2,21,3,2023-02-21T01:50:00+08:00,249,130
,,,,,,,,,724,2,21,4,2023-02-21T02:50:00+08:00,241,125
,,,,,,,,,725,2,21,5,2023-02-21T03:50:00+08:00,233,122
,,,,,,,,,726,2,21,6,2023-02-21T04:50:00+08:00,230,120
,,,,,,,,,727,2,21,7,2023-02-21T05:50:00+08:00,227,119
,,,,,,,,,728,2,21,8,2023-02-21T06:50:00+08:00,236,123
,,,,,,,,,729,2,21,9,2023-02-21T07:50:00+08:00,242,126
,,,,,,,,,730,2,21,10,2023-02-21T08:50:00+08:00,248,129
,,,,,,,,,731,2,21,11,2023-02-21T09:50:00+08:00,274,143
,,,,,,,,,732,2,21,12,2023-02-21T10:50:00+08:00,287,149
,,,,,,,,,733,2,21,13,2023-02-21T11:50:00+08:00,294,154
,,,,,,,,,734,2,21,14,2023-02-21T12:50:00+08:00,293,153
,,,,,,,,,735,2,21,15,2023-02-21T13:50:00+08:00,287,149
,,,,,,,,,736,2,21,16,2023-02-21T14:50:00+08:00,300,156
,,,,,,,,,737,2,21,17,2023-02-21T15:50:00+08:00,305,159
,,,,,,,,,738,2,21,18,2023-02-21T16:50:00+08:00,307,160
,,,,,,,,,739,2,21,19,2023-02-21T17:50:00+08:00,301,157
,,,,,,,,,740,2,21,20,2023-02-21T18:50:00+08:00,284,148
,,,,,,,,,741,2,21,21,2023-02-21T19:50:00+08:00,287,149
,,,,,,,,,742,2,21,22,2023-02-21T20:50:00+08:00,301,157
,,,,,,,,,743,2,21,23,2023-02-21T21:50:00+08:00,296,155
,,,,,,,,,744,2,21,24,2023-02-21T22:50:00+08:00,284,148
,,,,,,,,,745,2,22,1,2023-02-21T23:50:00+08:00,277,144
,,,,,,,,,746,2,22,2,2023-02-22T00:50:00+08:00,255,134
,,,,,,,,,747,2,22,3,2023-02-22T01:50:00+08:00,248,129
,,,,,,,,,748,2,22,4,2023-02-22T02:50:00+08:00,239,125
,,,,,,,,,749,2,22,5,2023-02-22T03:50:00+08:00,232,121
,,,,,,,,,750,2,22,6,2023-02-22T04:50:00+08:00,230,120
,,,,,,,,,751,2,22,7,2023-02-22T05:50:00+08:00,230,120
,,,,,,,,,752,2,22,8,2023-02-22T06:50:00+08:00,242,126
,,,,,,,,,753,2,22,9,2023-02-22T07:50:00+08:00,241,125
,,,,,,,,,754,2,22,10,2023-02-22T08:50:00+08:00,257,135
,,,,,,,,,755,2,22,11,2023-02-22T09:50:00+08:00,275,144
,,,,,,,,,756,2,22,12,2023-02-22T10:50:00+08:00,285,148
,,,,,,,,,757,2,22,13,2023-02-22T11:50:00+08:00,290,152
,,,,,,,,,758,2,22,14,2023-02-22T12:50:00+08:00,282,147
,,,,,,,,,759,2,22,15,2023-02-22T13:50:00+08:00,288,151
,,,,,,,,,760,2,22,16,2023-02-22T14:50:00+08:00,304,158
,,,,,,,,,761,2,22,17,2023-02-22T15:50:00+08:00,306,159
,,,,,,,,,762,2,22,18,2023-02-22T16:50:00+08:00,307,160
,,,,,,,,,763,2,22,19,2023-02-22T17:50:00+08:00,295,154
,,,,,,,,,764,2,22,20,2023-02-22T18:50:00+08:00,285,148
,,,,,,,,,765,2,22,21,2023-02-22T19:50:00+08:00,299,156
,,,,,,,,,766,2,22,22,2023-02-22T20:50:00+08:00,301,157
,,,,,,,,,767,2,22,23,2023-02-22T21:50:00+08:00,295,155
,,,,,,,,,768,2,22,24,2023-02-22T22:50:00+08:00,286,149
,,,,,,,,,769,2,23,1,2023-02-22T23:50:00+08:00,275,144
,,,,,,,,,770,2,23,2,2023-02-23T00:50:00+08:00,261,136
,,,,,,,,,771,2,23,3,2023-02-23T01:50:00+08:00,250,130
,,,,,,,,,772,2,23,4,2023-02-23T02:50:00+08:00,243,126
,,,,,,,,,773,2,23,5,2023-02-23T03:50:00+08:00,235,123
,,,,,,,,,774,2,23,6,2023-02-23T04:50:00+08:00,231,121
,,,,,,,,,775,2,23,7,2023-02-23T05:50:00+08:00,234,123
,,,,,,,,,776,2,23,8,2023-02-23T06:50:00+08:00,245,127
,,,,,,,,,777,2,23,9,2023-02-23T07:50:00+08:00,246,128
,,,,,,,,,778,2,23,10,2023-02-23T08:50:00+08:00,269,141
,,,,,,,,,779,2,23,11,2023-02-23T09:50:00+08:00,288,151
,,,,,,,,,780,2,23,12,2023-02-23T10:50:00+08:00,299,156
,,,,,,,,,781,2,23,13,2023-02-23T11:50:00+08:00,302,157
,,,,,,,,,782,2,23,14,2023-02-23T12:50:00+08:00,292,153
,,,,,,,,,783,2,23,15,2023-02-23T13:50:00+08:00,299,156
,,,,,,,,,784,2,23,16,2023-02-23T14:50:00+08:00,311,162
,,,,,,,,,785,2,23,17,2023-02-23T15:50:00+08:00,313,163
,,,,,,,,,786,2,23,18,2023-02-23T16:50:00+08:00,313,163
,,,,,,,,,787,2,23,19,2023-02-23T17:50:00+08:00,300,157
,,,,,,,,,788,2,23,20,2023-02-23T18:50:00+08:00,287,149
,,,,,,,,,789,2,23,21,2023-02-23T19:50:00+08:00,301,157
,,,,,,,,,790,2,23,22,2023-02-23T20:50:00+08:00,300,157
,,,,,,,,,791,2,23,23,2023-02-23T21:50:00+08:00,294,154
,,,,,,,,,792,2,23,24,2023-02-23T22:50:00+08:00,286,149
,,,,,,,,,793,2,24,1,2023-02-23T23:50:00+08:00,275,144
,,,,,,,,,794,2,24,2,2023-02-24T00:50:00+08:00,261,136
,,,,,,,,,795,2,24,3,2023-02-24T01:50:00+08:00,253,133
,,,,,,,,,796,2,24,4,2023-02-24T02:50:00+08:00,245,127
,,,,,,,,,797,2,24,5,2023-02-24T03:50:00+08:00,236,124
,,,,,,,,,798,2,24,6,2023-02-24T04:50:00+08:00,235,123
,,,,,,,,,799,2,24,7,2023-02-24T05:50:00+08:00,235,123
,,,,,,,,,800,2,24,8,2023-02-24T06:50:00+08:00,244,127
,,,,,,,,,801,2,24,9,2023-02-24T07:50:00+08:00,246,128
,,,,,,,,,802,2,24,10,2023-02-24T08:50:00+08:00,267,139
,,,,,,,,,803,2,24,11,2023-02-24T09:50:00+08:00,284,148
,,,,,,,,,804,2,24,12,2023-02-24T10:50:00+08:00,298,156
,,,,,,,,,805,2,24,13,2023-02-24T11:50:00+08:00,302,157
,,,,,,,,,806,2,24,14,2023-02-24T12:50:00+08:00,292,153
,,,,,,,,,807,2,24,15,2023-02-24T13:50:00+08:00,287,149
,,,,,,,,,808,2,24,16,2023-02-24T14:50:00+08:00,296,155
,,,,,,,,,809,2,24,17,2023-02-24T15:50:00+08:00,300,156
,,,,,,,,,810,2,24,18,2023-02-24T16:50:00+08:00,300,157
,,,,,,,,,811,2,24,19,2023-02-24T17:50:00+08:00,289,151
,,,,,,,,,812,2,24,20,2023-02-24T18:50:00+08:00,281,146
,,,,,,,,,813,2,24,21,2023-02-24T19:50:00+08:00,295,154
,,,,,,,,,814,2,24,22,2023-02-24T20:50:00+08:00,293,154
,,,,,,,,,815,2,24,23,2023-02-24T21:50:00+08:00,286,149
,,,,,,,,,816,2,24,24,2023-02-24T22:50:00+08:00,275,143
,,,,,,,,,817,2,25,1,2023-02-24T23:50:00+08:00,267,139
,,,,,,,,,818,2,25,2,2023-02-25T00:50:00+08:00,255,134
,,,,,,,,,819,2,25,3,2023-02-25T01:50:00+08:00,245,128
,,,,,,,,,820,2,25,4,2023-02-25T02:50:00+08:00,237,124
,,,,,,,,,821,2,25,5,2023-02-25T03:50:00+08:00,231,121
,,,,,,,,,822,2,25,6,2023-02-25T04:50:00+08:00,228,119
,,,,,,,,,823,2,25,7,2023-02-25T05:50:00+08:00,226,118
,,,,,,,,,824,2,25,8,2023-02-25T06:50:00+08:00,229,120
,,,,,,,,,825,2,25,9,2023-02-25T07:50:00+08:00,230,120
,,,,,,,,,826,2,25,10,2023-02-25T08:50:00+08:00,239,125
,,,,,,,,,827,2,25,11,2023-02-25T09:50:00+08:00,253,131
,,,,,,,,,828,2,25,12,2023-02-25T10:50:00+08:00,264,138
,,,,,,,,,829,2,25,13,2023-02-25T11:50:00+08:00,269,140
,,,,,,,,,830,2,25,14,2023-02-25T12:50:00+08:00,262,137
,,,,,,,,,831,2,25,15,2023-02-25T13:50:00+08:00,263,137
,,,,,,,,,832,2,25,16,2023-02-25T14:50:00+08:00,270,141
,,,,,,,,,833,2,25,17,2023-02-25T15:50:00+08:00,270,141
,,,,,,,,,834,2,25,18,2023-02-25T16:50:00+08:00,269,141
,,,,,,,,,835,2,25,19,2023-02-25T17:50:00+08:00,268,140
,,,,,,,,,836,2,25,20,2023-02-25T18:50:00+08:00,267,140
,,,,,,,,,837,2,25,21,2023-02-25T19:50:00+08:00,284,148
,,,,,,,,,838,2,25,22,2023-02-25T20:50:00+08:00,287,151
,,,,,,,,,839,2,25,23,2023-02-25T21:50:00+08:00,282,146
,,,,,,,,,840,2,25,24,2023-02-25T22:50:00+08:00,272,142
,,,,,,,,,841,11,12,1,2023-11-11T23:00:00+08:00,267,139
,,,,,,,,,842,11,12,2,2023-11-12T00:00:00+08:00,254,133
,,,,,,,,,843,11,12,3,2023-11-12T01:00:00+08:00,246,128
,,,,,,,,,844,11,12,4,2023-11-12T02:00:00+08:00,236,123
,,,,,,,,,845,11,12,5,2023-11-12T03:00:00+08:00,229,120
,,,,,,,,,846,11,12,6,2023-11-12T04:00:00+08:00,224,117
,,,,,,,,,847,11,12,7,2023-11-12T05:00:00+08:00,223,117
,,,,,,,,,848,11,12,8,2023-11-12T06:00:00+08:00,224,117
,,,,,,,,,849,11,12,9,2023-11-12T07:00:00+08:00,215,112
,,,,,,,,,850,11,12,10,2023-11-12T08:00:00+08:00,212,110
,,,,,,,,,851,11,12,11,2023-11-12T09:00:00+08:00,220,116
,,,,,,,,,852,11,12,12,2023-11-12T10:00:00+08:00,231,121
,,,,,,,,,853,11,12,13,2023-11-12T11:00:00+08:00,232,121
,,,,,,,,,854,11,12,14,2023-11-12T12:00:00+08:00,231,121
,,,,,,,,,855,11,12,15,2023-11-12T13:00:00+08:00,235,123
,,,,,,,,,856,11,12,16,2023-11-12T14:00:00+08:00,243,127
,,,,,,,,,857,11,12,17,2023-11-12T15:00:00+08:00,247,128
,,,,,,,,,858,11,12,18,2023-11-12T16:00:00+08:00,248,129
,,,,,,,,,859,11,12,19,2023-11-12T17:00:00+08:00,248,129
,,,,,,,,,860,11,12,20,2023-11-12T18:00:00+08:00,249,129
,,,,,,,,,861,11,12,21,2023-11-12T19:00:00+08:00,269,140
,,,,,,,,,862,11,12,22,2023-11-12T20:00:00+08:00,271,141
,,,,,,,,,863,11,12,23,2023-11-12T21:00:00+08:00,268,140
,,,,,,,,,864,11,12,24,2023-11-12T22:00:00+08:00,261,136
,,,,,,,,,865,11,13,1,2023-11-12T23:00:00+08:00,255,134
,,,,,,,,,866,11,13,2,2023-11-13T00:00:00+08:00,243,127
,,,,,,,,,867,11,13,3,2023-11-13T01:00:00+08:00,235,123
,,,,,,,,,868,11,13,4,2023-11-13T02:00:00+08:00,226,118
,,,,,,,,,869,11,13,5,2023-11-13T03:00:00+08:00,220,114
,,,,,,,,,870,11,13,6,2023-11-13T04:00:00+08:00,214,111
,,,,,,,,,871,11,13,7,2023-11-13T05:00:00+08:00,215,112
,,,,,,,,,872,11,13,8,2023-11-13T06:00:00+08:00,220,116
,,,,,,,,,873,11,13,9,2023-11-13T07:00:00+08:00,220,116
,,,,,,,,,874,11,13,10,2023-11-13T08:00:00+08:00,237,124
,,,,,,,,,875,11,13,11,2023-11-13T09:00:00+08:00,254,133
,,,,,,,,,876,11,13,12,2023-11-13T10:00:00+08:00,265,138
,,,,,,,,,877,11,13,13,2023-11-13T11:00:00+08:00,268,140
,,,,,,,,,878,11,13,14,2023-11-13T12:00:00+08:00,262,137
,,,,,,,,,879,11,13,15,2023-11-13T13:00:00+08:00,261,136
,,,,,,,,,880,11,13,16,2023-11-13T14:00:00+08:00,267,140
,,,,,,,,,881,11,13,17,2023-11-13T15:00:00+08:00,267,139
,,,,,,,,,882,11,13,18,2023-11-13T16:00:00+08:00,267,139
,,,,,,,,,883,11,13,19,2023-11-13T17:00:00+08:00,261,136
,,,,,,,,,884,11,13,20,2023-11-13T18:00:00+08:00,257,135
,,,,,,,,,885,11,13,21,2023-11-13T19:00:00+08:00,274,143
,,,,,,,,,886,11,13,22,2023-11-13T20:00:00+08:00,279,145
,,,,,,,,,887,11,13,23,2023-11-13T21:00:00+08:00,274,143
,,,,,,,,,888,11,13,24,2023-11-13T22:00:00+08:00,265,138
,,,,,,,,,889,11,14,1,2023-11-13T23:00:00+08:00,253,131
,,,,,,,,,890,11,14,2,2023-11-14T00:00:00+08:00,242,126
,,,,,,,,,891,11,14,3,2023-11-14T01:00:00+08:00,231,121
,,,,,,,,,892,11,14,4,2023-11-14T02:00:00+08:00,225,118
,,,,,,,,,893,11,14,5,2023-11-14T03:00:00+08:00,219,114
,,,,,,,,,894,11,14,6,2023-11-14T04:00:00+08:00,218,113
,,,,,,,,,895,11,14,7,2023-11-14T05:00:00+08:00,219,114
,,,,,,,,,896,11,14,8,2023-11-14T06:00:00+08:00,234,122
,,,,,,,,,897,11,14,9,2023-11-14T07:00:00+08:00,238,124
,,,,,,,,,898,11,14,10,2023-11-14T08:00:00+08:00,266,139
,,,,,,,,,899,11,14,11,2023-11-14T09:00:00+08:00,281,146
,,,,,,,,,900,11,14,12,2023-11-14T10:00:00+08:00,289,151
,,,,,,,,,901,11,14,13,2023-11-14T11:00:00+08:00,291,153
,,,,,,,,,902,11,14,14,2023-11-14T12:00:00+08:00,285,148
,,,,,,,,,903,11,14,15,2023-11-14T13:00:00+08:00,295,154
,,,,,,,,,904,11,14,16,2023-11-14T14:00:00+08:00,309,161
,,,,,,,,,905,11,14,17,2023-11-14T15:00:00+08:00,312,163
,,,,,,,,,906,11,14,18,2023-11-14T16:00:00+08:00,314,164
,,,,,,,,,907,11,14,19,2023-11-14T17:00:00+08:00,298,156
,,,,,,,,,908,11,14,20,2023-11-14T18:00:00+08:00,289,151
,,,,,,,,,909,11,14,21,2023-11-14T19:00:00+08:00,311,162
,,,,,,,,,910,11,14,22,2023-11-14T20:00:00+08:00,309,161
,,,,,,,,,911,11,14,23,2023-11-14T21:00:00+08:00,301,157
,,,,,,,,,912,11,14,24,2023-11-14T22:00:00+08:00,293,153
,,,,,,,,,913,11,15,1,2023-11-14T23:00:00+08:00,281,146
,,,,,,,,,914,11,15,2,2023-11-15T00:00:00+08:00,264,138
,,,,,,,,,915,11,15,3,2023-11-15T01:00:00+08:00,255,133
,,,,,,,,,916,11,15,4,2023-11-15T02:00:00+08:00,247,128
,,,,,,,,,917,11,15,5,2023-11-15T03:00:00+08:00,238,124
,,,,,,,,,918,11,15,6,2023-11-15T04:00:00+08:00,233,122
,,,,,,,,,919,11,15,7,2023-11-15T05:00:00+08:00,238,124
,,,,,,,,,920,11,15,8,2023-11-15T06:00:00+08:00,248,129
,,,,,,,,,921,11,15,9,2023-11-15T07:00:00+08:00,248,129
,,,,,,,,,922,11,15,10,2023-11-15T08:00:00+08:00,274,143
,,,,,,,,,923,11,15,11,2023-11-15T09:00:00+08:00,289,151
,,,,,,,,,924,11,15,12,2023-11-15T10:00:00+08:00,300,157
,,,,,,,,,925,11,15,13,2023-11-15T11:00:00+08:00,303,158
,,,,,,,,,926,11,15,14,2023-11-15T12:00:00+08:00,295,155
,,,,,,,,,927,11,15,15,2023-11-15T13:00:00+08:00,308,161
,,,,,,,,,928,11,15,16,2023-11-15T14:00:00+08:00,318,166
,,,,,,,,,929,11,15,17,2023-11-15T15:00:00+08:00,322,167
,,,,,,,,,930,11,15,18,2023-11-15T16:00:00+08:00,321,167
,,,,,,,,,931,11,15,19,2023-11-15T17:00:00+08:00,306,160
,,,,,,,,,932,11,15,20,2023-11-15T18:00:00+08:00,298,155
,,,,,,,,,933,11,15,21,2023-11-15T19:00:00+08:00,315,164
,,,,,,,,,934,11,15,22,2023-11-15T20:00:00+08:00,313,163
,,,,,,,,,935,11,15,23,2023-11-15T21:00:00+08:00,304,159
,,,,,,,,,936,11,15,24,2023-11-15T22:00:00+08:00,296,155
,,,,,,,,,937,11,16,1,2023-11-15T23:00:00+08:00,285,148
,,,,,,,,,938,11,16,2,2023-11-16T00:00:00+08:00,267,140
,,,,,,,,,939,11,16,3,2023-11-16T01:00:00+08:00,257,135
,,,,,,,,,940,11,16,4,2023-11-16T02:00:00+08:00,249,130
,,,,,,,,,941,11,16,5,2023-11-16T03:00:00+08:00,245,127
,,,,,,,,,942,11,16,6,2023-11-16T04:00:00+08:00,239,125
,,,,,,,,,943,11,16,7,2023-11-16T05:00:00+08:00,244,127
,,,,,,,,,944,11,16,8,2023-11-16T06:00:00+08:00,253,131
,,,,,,,,,945,11,16,9,2023-11-16T07:00:00+08:00,252,131
,,,,,,,,,946,11,16,10,2023-11-16T08:00:00+08:00,277,144
,,,,,,,,,947,11,16,11,2023-11-16T09:00:00+08:00,292,153
,,,,,,,,,948,11,16,12,2023-11-16T10:00:00+08:00,303,158
,,,,,,,,,949,11,16,13,2023-11-16T11:00:00+08:00,306,159
,,,,,,,,,950,11,16,14,2023-11-16T12:00:00+08:00,300,157
,,,,,,,,,951,11,16,15,2023-11-16T13:00:00+08:00,310,162
,,,,,,,,,952,11,16,16,2023-11-16T14:00:00+08:00,323,169
,,,,,,,,,953,11,16,17,2023-11-16T15:00:00+08:00,324,169
,,,,,,,,,954,11,16,18,2023-11-16T16:00:00+08:00,324,169
,,,,,,,,,955,11,16,19,2023-11-16T17:00:00+08:00,306,160
,,,,,,,,,956,11,16,20,2023-11-16T18:00:00+08:00,295,155
,,,,,,,,,957,11,16,21,2023-11-16T19:00:00+08:00,315,164
,,,,,,,,,958,11,16,22,2023-11-16T20:00:00+08:00,317,165
,,,,,,,,,959,11,16,23,2023-11-16T21:00:00+08:00,308,161
,,,,,,,,,960,11,16,24,2023-11-16T22:00:00+08:00,300,157
,,,,,,,,,961,11,17,1,2023-11-16T23:00:00+08:00,286,149
,,,,,,,,,962,11,17,2,2023-11-17T00:00:00+08:00,272,142
,,,,,,,,,963,11,17,3,2023-11-17T01:00:00+08:00,261,136
,,,,,,,,,964,11,17,4,2023-11-17T02:00:00+08:00,252,131
,,,,,,,,,965,11,17,5,2023-11-17T03:00:00+08:00,247,128
,,,,,,,,,966,11,17,6,2023-11-17T04:00:00+08:00,243,126
,,,,,,,,,967,11,17,7,2023-11-17T05:00:00+08:00,245,127
,,,,,,,,,968,11,17,8,2023-11-17T06:00:00+08:00,252,131
,,,,,,,,,969,11,17,9,2023-11-17T07:00:00+08:00,251,131
,,,,,,,,,970,11,17,10,2023-11-17T08:00:00+08:00,274,143
,,,,,,,,,971,11,17,11,2023-11-17T09:00:00+08:00,289,151
,,,,,,,,,972,11,17,12,2023-11-17T10:00:00+08:00,301,157
,,,,,,,,,973,11,17,13,2023-11-17T11:00:00+08:00,305,159
,,,,,,,,,974,11,17,14,2023-11-17T12:00:00+08:00,299,156
,,,,,,,,,975,11,17,15,2023-11-17T13:00:00+08:00,302,157
,,,,,,,,,976,11,17,16,2023-11-17T14:00:00+08:00,311,162
,,,,,,,,,977,11,17,17,2023-11-17T15:00:00+08:00,321,167
,,,,,,,,,978,11,17,18,2023-11-17T16:00:00+08:00,321,167
,,,,,,,,,979,11,17,19,2023-11-17T17:00:00+08:00,304,159
,,,,,,,,,980,11,17,20,2023-11-17T18:00:00+08:00,292,153
,,,,,,,,,981,11,17,21,2023-11-17T19:00:00+08:00,312,163
,,,,,,,,,982,11,17,22,2023-11-17T20:00:00+08:00,312,163
,,,,,,,,,983,11,17,23,2023-11-17T21:00:00+08:00,305,159
,,,,,,,,,984,11,17,24,2023-11-17T22:00:00+08:00,299,156
,,,,,,,,,985,11,18,1,2023-11-17T23:00:00+08:00,289,151
,,,,,,,,,986,11,18,2,2023-11-18T00:00:00+08:00,275,144
,,,,,,,,,987,11,18,3,2023-11-18T01:00:00+08:00,265,138
,,,,,,,,,988,11,18,4,2023-11-18T02:00:00+08:00,254,133
,,,,,,,,,989,11,18,5,2023-11-18T03:00:00+08:00,248,129
,,,,,,,,,990,11,18,6,2023-11-18T04:00:00+08:00,244,127
,,,,,,,,,991,11,18,7,2023-11-18T05:00:00+08:00,243,126
,,,,,,,,,992,11,18,8,2023-11-18T06:00:00+08:00,242,126
,,,,,,,,,993,11,18,9,2023-11-18T07:00:00+08:00,236,123
,,,,,,,,,994,11,18,10,2023-11-18T08:00:00+08:00,251,131
,,,,,,,,,995,11,18,11,2023-11-18T09:00:00+08:00,265,138
,,,,,,,,,996,11,18,12,2023-11-18T10:00:00+08:00,273,143
,,,,,,,,,997,11,18,13,2023-11-18T11:00:00+08:00,275,143
,,,,,,,,,998,11,18,14,2023-11-18T12:00:00+08:00,269,140
,,,,,,,,,999,11,18,15,2023-11-18T13:00:00+08:00,273,142
,,,,,,,,,1000,11,18,16,2023-11-18T14:00:00+08:00,280,146
,,,,,,,,,1001,11,18,17,2023-11-18T15:00:00+08:00,281,146
,,,,,,,,,1002,11,18,18,2023-11-18T16:00:00+08:00,281,146
,,,,,,,,,1003,11,18,19,2023-11-18T17:00:00+08:00,274,143
,,,,,,,,,1004,11,18,20,2023-11-18T18:00:00+08:00,271,141
,,,,,,,,,1005,11,18,21,2023-11-18T19:00:00+08:00,292,153
,,,,,,,,,1006,11,18,22,2023-11-18T20:00:00+08:00,292,153
,,,,,,,,,1007,11,18,23,2023-11-18T21:00:00+08:00,286,149
,,,,,,,,,1008,11,18,24,2023-11-18T22:00:00+08:00,277,145
,,,,,,,,,1009,9,24,1,2023-09-23T23:00:00+08:00,269,140
,,,,,,,,,1010,9,24,2,2023-09-24T00:00:00+08:00,256,134
,,,,,,,,,1011,9,24,3,2023-09-24T01:00:00+08:00,247,129
,,,,,,,,,1012,9,24,4,2023-09-24T02:00:00+08:00,238,124
,,,,,,,,,1013,9,24,5,2023-09-24T03:00:00+08:00,234,122
,,,,,,,,,1014,9,24,6,2023-09-24T04:00:00+08:00,228,119
,,,,,,,,,1015,9,24,7,2023-09-24T05:00:00+08:00,227,119
,,,,,,,,,1016,9,24,8,2023-09-24T06:00:00+08:00,228,119
,,,,,,,,,1017,9,24,9,2023-09-24T07:00:00+08:00,216,112
,,,,,,,,,1018,9,24,10,2023-09-24T08:00:00+08:00,222,116
,,,,,,,,,1019,9,24,11,2023-09-24T09:00:00+08:00,228,119
,,,,,,,,,1020,9,24,12,2023-09-24T10:00:00+08:00,236,123
,,,,,,,,,1021,9,24,13,2023-09-24T11:00:00+08:00,242,126
,,,,,,,,,1022,9,24,14,2023-09-24T12:00:00+08:00,242,126
,,,,,,,,,1023,9,24,15,2023-09-24T13:00:00+08:00,249,130
,,,,,,,,,1024,9,24,16,2023-09-24T14:00:00+08:00,255,134
,,,,,,,,,1025,9,24,17,2023-09-24T15:00:00+08:00,261,136
,,,,,,,,,1026,9,24,18,2023-09-24T16:00:00+08:00,262,137
,,,,,,,,,1027,9,24,19,2023-09-24T17:00:00+08:00,254,133
,,,,,,,,,1028,9,24,20,2023-09-24T18:00:00+08:00,255,134
,,,,,,,,,1029,9,24,21,2023-09-24T19:00:00+08:00,276,144
,,,,,,,,,1030,9,24,22,2023-09-24T20:00:00+08:00,280,146
,,,,,,,,,1031,9,24,23,2023-09-24T21:00:00+08:00,274,143
,,,,,,,,,1032,9,24,24,2023-09-24T22:00:00+08:00,268,140
,,,,,,,,,1033,9,25,1,2023-09-24T23:00:00+08:00,257,135
,,,,,,,,,1034,9,25,2,2023-09-25T00:00:00+08:00,246,128
,,,,,,,,,1035,9,25,3,2023-09-25T01:00:00+08:00,235,123
,,,,,,,,,1036,9,25,4,2023-09-25T02:00:00+08:00,228,119
,,,,,,,,,1037,9,25,5,2023-09-25T03:00:00+08:00,224,117
,,,,,,,,,1038,9,25,6,2023-09-25T04:00:00+08:00,219,114
,,,,,,,,,1039,9,25,7,2023-09-25T05:00:00+08:00,225,118
,,,,,,,,,1040,9,25,8,2023-09-25T06:00:00+08:00,235,123
,,,,,,,,,1041,9,25,9,2023-09-25T07:00:00+08:00,239,125
,,,,,,,,,1042,9,25,10,2023-09-25T08:00:00+08:00,270,141
,,,,,,,,,1043,9,25,11,2023-09-25T09:00:00+08:00,289,151
,,,,,,,,,1044,9,25,12,2023-09-25T10:00:00+08:00,301,157
,,,,,,,,,1045,9,25,13,2023-09-25T11:00:00+08:00,304,158
,,,,,,,,,1046,9,25,14,2023-09-25T12:00:00+08:00,295,155
,,,,,,,,,1047,9,25,15,2023-09-25T13:00:00+08:00,303,158
,,,,,,,,,1048,9,25,16,2023-09-25T14:00:00+08:00,317,165
,,,,,,,,,1049,9,25,17,2023-09-25T15:00:00+08:00,320,167
,,,,,,,,,1050,9,25,18,2023-09-25T16:00:00+08:00,322,167
,,,,,,,,,1051,9,25,19,2023-09-25T17:00:00+08:00,302,157
,,,,,,,,,1052,9,25,20,2023-09-25T18:00:00+08:00,290,152
,,,,,,,,,1053,9,25,21,2023-09-25T19:00:00+08:00,310,162
,,,,,,,,,1054,9,25,22,2023-09-25T20:00:00+08:00,310,162
,,,,,,,,,1055,9,25,23,2023-09-25T21:00:00+08:00,303,158
,,,,,,,,,1056,9,25,24,2023-09-25T22:00:00+08:00,292,153
,,,,,,,,,1057,9,26,1,2023-09-25T23:00:00+08:00,282,147
,,,,,,,,,1058,9,26,2,2023-09-26T00:00:00+08:00,266,139
,,,,,,,,,1059,9,26,3,2023-09-26T01:00:00+08:00,256,134
,,,,,,,,,1060,9,26,4,2023-09-26T02:00:00+08:00,247,128
,,,,,,,,,1061,9,26,5,2023-09-26T03:00:00+08:00,241,125
,,,,,,,,,1062,9,26,6,2023-09-26T04:00:00+08:00,237,124
,,,,,,,,,1063,9,26,7,2023-09-26T05:00:00+08:00,241,125
,,,,,,,,,1064,9,26,8,2023-09-26T06:00:00+08:00,249,130
,,,,,,,,,1065,9,26,9,2023-09-26T07:00:00+08:00,250,130
,,,,,,,,,1066,9,26,10,2023-09-26T08:00:00+08:00,276,144
,,,,,,,,,1067,9,26,11,2023-09-26T09:00:00+08:00,292,153
,,,,,,,,,1068,9,26,12,2023-09-26T10:00:00+08:00,303,158
,,,,,,,,,1069,9,26,13,2023-09-26T11:00:00+08:00,308,160
,,,,,,,,,1070,9,26,14,2023-09-26T12:00:00+08:00,302,158
,,,,,,,,,1071,9,26,15,2023-09-26T13:00:00+08:00,310,162
,,,,,,,,,1072,9,26,16,2023-09-26T14:00:00+08:00,322,167
,,,,,,,,,1073,9,26,17,2023-09-26T15:00:00+08:00,323,169
,,,,,,,,,1074,9,26,18,2023-09-26T16:00:00+08:00,322,169
,,,,,,,,,1075,9,26,19,2023-09-26T17:00:00+08:00,303,158
,,,,,,,,,1076,9,26,20,2023-09-26T18:00:00+08:00,293,154
,,,,,,,,,1077,9,26,21,2023-09-26T19:00:00+08:00,309,161
,,,,,,,,,1078,9,26,22,2023-09-26T20:00:00+08:00,307,160
,,,,,,,,,1079,9,26,23,2023-09-26T21:00:00+08:00,301,157
,,,,,,,,,1080,9,26,24,2023-09-26T22:00:00+08:00,292,153
,,,,,,,,,1081,9,27,1,2023-09-26T23:00:00+08:00,276,144
,,,,,,,,,1082,9,27,2,2023-09-27T00:00:00+08:00,264,138
,,,,,,,,,1083,9,27,3,2023-09-27T01:00:00+08:00,253,133
,,,,,,,,,1084,9,27,4,2023-09-27T02:00:00+08:00,243,126
,,,,,,,,,1085,9,27,5,2023-09-27T03:00:00+08:00,238,124
,,,,,,,,,1086,9,27,6,2023-09-27T04:00:00+08:00,235,123
,,,,,,,,,1087,9,27,7,2023-09-27T05:00:00+08:00,239,125
,,,,,,,,,1088,9,27,8,2023-09-27T06:00:00+08:00,250,130
,,,,,,,,,1089,9,27,9,2023-09-27T07:00:00+08:00,249,130
,,,,,,,,,1090,9,27,10,2023-09-27T08:00:00+08:00,275,144
,,,,,,,,,1091,9,27,11,2023-09-27T09:00:00+08:00,290,152
,,,,,,,,,1092,9,27,12,2023-09-27T10:00:00+08:00,302,157
,,,,,,,,,1093,9,27,13,2023-09-27T11:00:00+08:00,303,158
,,,,,,,,,1094,9,27,14,2023-09-27T12:00:00+08:00,293,154
,,,,,,,,,1095,9,27,15,2023-09-27T13:00:00+08:00,303,158
,,,,,,,,,1096,9,27,16,2023-09-27T14:00:00+08:00,312,163
,,,,,,,,,1097,9,27,17,2023-09-27T15:00:00+08:00,314,164
,,,,,,,,,1098,9,27,18,2023-09-27T16:00:00+08:00,315,164
,,,,,,,,,1099,9,27,19,2023-09-27T17:00:00+08:00,301,157
,,,,,,,,,1100,9,27,20,2023-09-27T18:00:00+08:00,290,152
,,,,,,,,,1101,9,27,21,2023-09-27T19:00:00+08:00,312,163
,,,,,,,,,1102,9,27,22,2023-09-27T20:00:00+08:00,312,163
,,,,,,,,,1103,9,27,23,2023-09-27T21:00:00+08:00,305,159
,,,,,,,,,1104,9,27,24,2023-09-27T22:00:00+08:00,295,154
,,,,,,,,,1105,9,28,1,2023-09-27T23:00:00+08:00,283,147
,,,,,,,,,1106,9,28,2,2023-09-28T00:00:00+08:00,267,140
,,,,,,,,,1107,9,28,3,2023-09-28T01:00:00+08:00,257,135
,,,,,,,,,1108,9,28,4,2023-09-28T02:00:00+08:00,248,129
,,,,,,,,,1109,9,28,5,2023-09-28T03:00:00+08:00,239,125
,,,,,,,,,1110,9,28,6,2023-09-28T04:00:00+08:00,236,123
,,,,,,,,,1111,9,28,7,2023-09-28T05:00:00+08:00,237,124
,,,,,,,,,1112,9,28,8,2023-09-28T06:00:00+08:00,248,129
,,,,,,,,,1113,9,28,9,2023-09-28T07:00:00+08:00,244,127
,,,,,,,,,1114,9,28,10,2023-09-28T08:00:00+08:00,269,140
,,,,,,,,,1115,9,28,11,2023-09-28T09:00:00+08:00,284,148
,,,,,,,,,1116,9,28,12,2023-09-28T10:00:00+08:00,295,154
,,,,,,,,,1117,9,28,13,2023-09-28T11:00:00+08:00,298,156
,,,,,,,,,1118,9,28,14,2023-09-28T12:00:00+08:00,290,152
,,,,,,,,,1119,9,28,15,2023-09-28T13:00:00+08:00,300,156
,,,,,,,,,1120,9,28,16,2023-09-28T14:00:00+08:00,312,163
,,,,,,,,,1121,9,28,17,2023-09-28T15:00:00+08:00,313,163
,,,,,,,,,1122,9,28,18,2023-09-28T16:00:00+08:00,313,163
,,,,,,,,,1123,9,28,19,2023-09-28T17:00:00+08:00,298,156
,,,,,,,,,1124,9,28,20,2023-09-28T18:00:00+08:00,291,152
,,,,,,,,,1125,9,28,21,2023-09-28T19:00:00+08:00,312,163
,,,,,,,,,1126,9,28,22,2023-09-28T20:00:00+08:00,311,162
,,,,,,,,,1127,9,28,23,2023-09-28T21:00:00+08:00,303,158
,,,,,,,,,1128,9,28,24,2023-09-28T22:00:00+08:00,296,155
,,,,,,,,,1129,9,29,1,2023-09-28T23:00:00+08:00,284,148
,,,,,,,,,1130,9,29,2,2023-09-29T00:00:00+08:00,269,140
,,,,,,,,,1131,9,29,3,2023-09-29T01:00:00+08:00,261,136
,,,,,,,,,1132,9,29,4,2023-09-29T02:00:00+08:00,249,130
,,,,,,,,,1133,9,29,5,2023-09-29T03:00:00+08:00,244,127
,,,,,,,,,1134,9,29,6,2023-09-29T04:00:00+08:00,238,124
,,,,,,,,,1135,9,29,7,2023-09-29T05:00:00+08:00,242,126
,,,,,,,,,1136,9,29,8,2023-09-29T06:00:00+08:00,248,129
,,,,,,,,,1137,9,29,9,2023-09-29T07:00:00+08:00,250,130
,,,,,,,,,1138,9,29,10,2023-09-29T08:00:00+08:00,272,142
,,,,,,,,,1139,9,29,11,2023-09-29T09:00:00+08:00,287,149
,,,,,,,,,1140,9,29,12,2023-09-29T10:00:00+08:00,295,155
,,,,,,,,,1141,9,29,13,2023-09-29T11:00:00+08:00,300,157
,,,,,,,,,1142,9,29,14,2023-09-29T12:00:00+08:00,292,153
,,,,,,,,,1143,9,29,15,2023-09-29T13:00:00+08:00,298,155
,,,,,,,,,1144,9,29,16,2023-09-29T14:00:00+08:00,310,162
,,,,,,,,,1145,9,29,17,2023-09-29T15:00:00+08:00,313,163
,,,,,,,,,1146,9,29,18,2023-09-29T16:00:00+08:00,314,164
,,,,,,,,,1147,9,29,19,2023-09-29T17:00:00+08:00,298,156
,,,,,,,,,1148,9,29,20,2023-09-29T18:00:00+08:00,291,153
,,,,,,,,,1149,9,29,21,2023-09-29T19:00:00+08:00,314,164
,,,,,,,,,1150,9,29,22,2023-09-29T20:00:00+08:00,313,163
,,,,,,,,,1151,9,29,23,2023-09-29T21:00:00+08:00,302,158
,,,,,,,,,1152,9,29,24,2023-09-29T22:00:00+08:00,299,156
,,,,,,,,,1153,9,30,1,2023-09-29T23:00:00+08:00,287,149
,,,,,,,,,1154,9,30,2,2023-09-30T00:00:00+08:00,274,143
,,,,,,,,,1155,9,30,3,2023-09-30T01:00:00+08:00,262,137
,,,,,,,,,1156,9,30,4,2023-09-30T02:00:00+08:00,256,134
,,,,,,,,,1157,9,30,5,2023-09-30T03:00:00+08:00,249,130
,,,,,,,,,1158,9,30,6,2023-09-30T04:00:00+08:00,244,127
,,,,,,,,,1159,9,30,7,2023-09-30T05:00:00+08:00,239,125
,,,,,,,,,1160,9,30,8,2023-09-30T06:00:00+08:00,239,125
,,,,,,,,,1161,9,30,9,2023-09-30T07:00:00+08:00,233,122
,,,,,,,,,1162,9,30,10,2023-09-30T08:00:00+08:00,249,130
,,,,,,,,,1163,9,30,11,2023-09-30T09:00:00+08:00,262,137
,,,,,,,,,1164,9,30,12,2023-09-30T10:00:00+08:00,272,142
,,,,,,,,,1165,9,30,13,2023-09-30T11:00:00+08:00,272,142
,,,,,,,,,1166,9,30,14,2023-09-30T12:00:00+08:00,268,140
,,,,,,,,,1167,9,30,15,2023-09-30T13:00:00+08:00,274,143
,,,,,,,,,1168,9,30,16,2023-09-30T14:00:00+08:00,283,147
,,,,,,,,,1169,9,30,17,2023-09-30T15:00:00+08:00,288,151
,,,,,,,,,1170,9,30,18,2023-09-30T16:00:00+08:00,287,149
,,,,,,,,,1171,9,30,19,2023-09-30T17:00:00+08:00,281,146
,,,,,,,,,1172,9,30,20,2023-09-30T18:00:00+08:00,280,146
,,,,,,,,,1173,9,30,21,2023-09-30T19:00:00+08:00,300,156
,,,,,,,,,1174,9,30,22,2023-09-30T20:00:00+08:00,299,156
,,,,,,,,,1175,9,30,23,2023-09-30T21:00:00+08:00,289,151
,,,,,,,,,1176,9,30,24,2023-09-30T22:00:00+08:00,284,148
,,,,,,,,,1177,1,29,1,2023-01-28T23:00:00+08:00,276,144
,,,,,,,,,1178,1,29,2,2023-01-29T00:00:00+08:00,265,139
,,,,,,,,,1179,1,29,3,2023-01-29T01:00:00+08:00,256,134
,,,,,,,,,1180,1,29,4,2023-01-29T02:00:00+08:00,245,128
,,,,,,,,,1181,1,29,5,2023-01-29T03:00:00+08:00,237,124
,,,,,,,,,1182,1,29,6,2023-01-29T04:00:00+08:00,235,123
,,,,,,,,,1183,1,29,7,2023-01-29T05:00:00+08:00,233,122
,,,,,,,,,1184,1,29,8,2023-01-29T06:00:00+08:00,230,120
,,,,,,,,,1185,1,29,9,2023-01-29T07:00:00+08:00,216,113
,,,,,,,,,1186,1,29,10,2023-01-29T08:00:00+08:00,224,117
,,,,,,,,,1187,1,29,11,2023-01-29T09:00:00+08:00,232,121
,,,,,,,,,1188,1,29,12,2023-01-29T10:00:00+08:00,241,126
,,,,,,,,,1189,1,29,13,2023-01-29T11:00:00+08:00,243,126
,,,,,,,,,1190,1,29,14,2023-01-29T12:00:00+08:00,243,127
,,,,,,,,,1191,1,29,15,2023-01-29T13:00:00+08:00,252,131
,,,,,,,,,1192,1,29,16,2023-01-29T14:00:00+08:00,258,135
,,,,,,,,,1193,1,29,17,2023-01-29T15:00:00+08:00,260,136
,,,,,,,,,1194,1,29,18,2023-01-29T16:00:00+08:00,262,137
,,,,,,,,,1195,1,29,19,2023-01-29T17:00:00+08:00,255,134
,,,,,,,,,1196,1,29,20,2023-01-29T18:00:00+08:00,257,135
,,,,,,,,,1197,1,29,21,2023-01-29T19:00:00+08:00,285,148
,,,,,,,,,1198,1,29,22,2023-01-29T20:00:00+08:00,286,149
,,,,,,,,,1199,1,29,23,2023-01-29T21:00:00+08:00,283,147
,,,,,,,,,1200,1,29,24,2023-01-29T22:00:00+08:00,279,145
,,,,,,,,,1201,1,30,1,2023-01-29T23:00:00+08:00,268,140
,,,,,,,,,1202,1,30,2,2023-01-30T00:00:00+08:00,253,133
,,,,,,,,,1203,1,30,3,2023-01-30T01:00:00+08:00,243,127
,,,,,,,,,1204,1,30,4,2023-01-30T02:00:00+08:00,236,123
,,,,,,,,,1205,1,30,5,2023-01-30T03:00:00+08:00,231,121
,,,,,,,,,1206,1,30,6,2023-01-30T04:00:00+08:00,228,119
,,,,,,,,,1207,1,30,7,2023-01-30T05:00:00+08:00,230,120
,,,,,,,,,1208,1,30,8,2023-01-30T06:00:00+08:00,237,124
,,,,,,,,,1209,1,30,9,2023-01-30T07:00:00+08:00,247,129
,,,,,,,,,1210,1,30,10,2023-01-30T08:00:00+08:00,279,145
,,,,,,,,,1211,1,30,11,2023-01-30T09:00:00+08:00,295,154
,,,,,,,,,1212,1,30,12,2023-01-30T10:00:00+08:00,305,159
,,,,,,,,,1213,1,30,13,2023-01-30T11:00:00+08:00,307,160
,,,,,,,,,1214,1,30,14,2023-01-30T12:00:00+08:00,303,158
,,,,,,,,,1215,1,30,15,2023-01-30T13:00:00+08:00,313,163
,,,,,,,,,1216,1,30,16,2023-01-30T14:00:00+08:00,324,169
,,,,,,,,,1217,1,30,17,2023-01-30T15:00:00+08:00,324,169
,,,,,,,,,1218,1,30,18,2023-01-30T16:00:00+08:00,322,167
,,,,,,,,,1219,1,30,19,2023-01-30T17:00:00+08:00,302,158
,,,,,,,,,1220,1,30,20,2023-01-30T18:00:00+08:00,294,154
,,,,,,,,,1221,1,30,21,2023-01-30T19:00:00+08:00,313,163
,,,,,,,,,1222,1,30,22,2023-01-30T20:00:00+08:00,313,163
,,,,,,,,,1223,1,30,23,2023-01-30T21:00:00+08:00,304,158
,,,,,,,,,1224,1,30,24,2023-01-30T22:00:00+08:00,294,154
,,,,,,,,,1225,1,31,1,2023-01-30T23:00:00+08:00,283,147
,,,,,,,,,1226,1,31,2,2023-01-31T00:00:00+08:00,268,140
,,,,,,,,,1227,1,31,3,2023-01-31T01:00:00+08:00,257,135
,,,,,,,,,1228,1,31,4,2023-01-31T02:00:00+08:00,251,130
,,,,,,,,,1229,1,31,5,2023-01-31T03:00:00+08:00,243,126
,,,,,,,,,1230,1,31,6,2023-01-31T04:00:00+08:00,239,125
,,,,,,,,,1231,1,31,7,2023-01-31T05:00:00+08:00,241,126
,,,,,,,,,1232,1,31,8,2023-01-31T06:00:00+08:00,247,129
,,,,,,,,,1233,1,31,9,2023-01-31T07:00:00+08:00,251,131
,,,,,,,,,1234,1,31,10,2023-01-31T08:00:00+08:00,281,146
,,,,,,,,,1235,1,31,11,2023-01-31T09:00:00+08:00,295,154
,,,,,,,,,1236,1,31,12,2023-01-31T10:00:00+08:00,304,159
,,,,,,,,,1237,1,31,13,2023-01-31T11:00:00+08:00,304,159
,,,,,,,,,1238,1,31,14,2023-01-31T12:00:00+08:00,301,157
,,,,,,,,,1239,1,31,15,2023-01-31T13:00:00+08:00,311,162
,,,,,,,,,1240,1,31,16,2023-01-31T14:00:00+08:00,323,169
,,,,,,,,,1241,1,31,17,2023-01-31T15:00:00+08:00,326,171
,,,,,,,,,1242,1,31,18,2023-01-31T16:00:00+08:00,323,169
,,,,,,,,,1243,1,31,19,2023-01-31T17:00:00+08:00,303,158
,,,,,,,,,1244,1,31,20,2023-01-31T18:00:00+08:00,295,154
,,,,,,,,,1245,1,31,21,2023-01-31T19:00:00+08:00,315,165
,,,,,,,,,1246,1,31,22,2023-01-31T20:00:00+08:00,314,164
,,,,,,,,,1247,1,31,23,2023-01-31T21:00:00+08:00,305,159
,,,,,,,,,1248,1,31,24,2023-01-31T22:00:00+08:00,300,156
,,,,,,,,,1249,2,1,1,2023-01-31T23:00:00+08:00,286,149
,,,,,,,,,1250,2,1,2,2023-02-01T00:30:00+08:00,270,141
,,,,,,,,,1251,2,1,3,2023-02-01T01:30:00+08:00,260,136
,,,,,,,,,1252,2,1,4,2023-02-01T02:30:00+08:00,250,130
,,,,,,,,,1253,2,1,5,2023-02-01T03:30:00+08:00,246,128
,,,,,,,,,1254,2,1,6,2023-02-01T04:30:00+08:00,243,126
,,,,,,,,,1255,2,1,7,2023-02-01T05:30:00+08:00,244,127
,,,,,,,,,1256,2,1,8,2023-02-01T06:30:00+08:00,249,130
,,,,,,,,,1257,2,1,9,2023-02-01T07:30:00+08:00,252,131
,,,,,,,,,1258,2,1,10,2023-02-01T08:30:00+08:00,280,146
,,,,,,,,,1259,2,1,11,2023-02-01T09:30:00+08:00,295,154
,,,,,,,,,1260,2,1,12,2023-02-01T10:30:00+08:00,302,158
,,,,,,,,,1261,2,1,13,2023-02-01T11:30:00+08:00,305,159
,,,,,,,,,1262,2,1,14,2023-02-01T12:30:00+08:00,298,155
,,,,,,,,,1263,2,1,15,2023-02-01T13:30:00+08:00,307,160
,,,,,,,,,1264,2,1,16,2023-02-01T14:30:00+08:00,319,166
,,,,,,,,,1265,2,1,17,2023-02-01T15:30:00+08:00,322,167
,,,,,,,,,1266,2,1,18,2023-02-01T16:30:00+08:00,321,167
,,,,,,,,,1267,2,1,19,2023-02-01T17:30:00+08:00,302,158
,,,,,,,,,1268,2,1,20,2023-02-01T18:30:00+08:00,298,155
,,,,,,,,,1269,2,1,21,2023-02-01T19:30:00+08:00,318,165
,,,,,,,,,1270,2,1,22,2023-02-01T20:30:00+08:00,314,164
,,,,,,,,,1271,2,1,23,2023-02-01T21:30:00+08:00,306,160
,,,,,,,,,1272,2,1,24,2023-02-01T22:30:00+08:00,301,157
,,,,,,,,,1273,2,2,1,2023-02-01T23:30:00+08:00,288,151
,,,,,,,,,1274,2,2,2,2023-02-02T00:30:00+08:00,273,142
,,,,,,,,,1275,2,2,3,2023-02-02T01:30:00+08:00,261,136
,,,,,,,,,1276,2,2,4,2023-02-02T02:30:00+08:00,253,133
,,,,,,,,,1277,2,2,5,2023-02-02T03:30:00+08:00,246,128
,,,,,,,,,1278,2,2,6,2023-02-02T04:30:00+08:00,242,126
,,,,,,,,,1279,2,2,7,2023-02-02T05:30:00+08:00,243,126
,,,,,,,,,1280,2,2,8,2023-02-02T06:30:00+08:00,248,129
,,,,,,,,,1281,2,2,9,2023-02-02T07:30:00+08:00,252,131
,,,,,,,,,1282,2,2,10,2023-02-02T08:30:00+08:00,280,146
,,,,,,,,,1283,2,2,11,2023-02-02T09:30:00+08:00,295,155
,,,,,,,,,1284,2,2,12,2023-02-02T10:30:00+08:00,305,159
,,,,,,,,,1285,2,2,13,2023-02-02T11:30:00+08:00,305,159
,,,,,,,,,1286,2,2,14,2023-02-02T12:30:00+08:00,301,157
,,,,,,,,,1287,2,2,15,2023-02-02T13:30:00+08:00,312,163
,,,,,,,,,1288,2,2,16,2023-02-02T14:30:00+08:00,318,165
,,,,,,,,,1289,2,2,17,2023-02-02T15:30:00+08:00,321,167
,,,,,,,,,1290,2,2,18,2023-02-02T16:30:00+08:00,319,166
,,,,,,,,,1291,2,2,19,2023-02-02T17:30:00+08:00,303,158
,,,,,,,,,1292,2,2,20,2023-02-02T18:30:00+08:00,295,154
,,,,,,,,,1293,2,2,21,2023-02-02T19:30:00+08:00,318,166
,,,,,,,,,1294,2,2,22,2023-02-02T20:30:00+08:00,314,164
,,,,,,,,,1295,2,2,23,2023-02-02T21:30:00+08:00,305,159
,,,,,,,,,1296,2,2,24,2023-02-02T22:30:00+08:00,300,157
,,,,,,,,,1297,2,3,1,2023-02-02T23:30:00+08:00,288,151
,,,,,,,,,1298,2,3,2,2023-02-03T00:30:00+08:00,274,143
,,,,,,,,,1299,2,3,3,2023-02-03T01:30:00+08:00,263,137
,,,,,,,,,1300,2,3,4,2023-02-03T02:30:00+08:00,254,133
,,,,,,,,,1301,2,3,5,2023-02-03T03:30:00+08:00,246,128
,,,,,,,,,1302,2,3,6,2023-02-03T04:30:00+08:00,242,126
,,,,,,,,,1303,2,3,7,2023-02-03T05:30:00+08:00,245,128
,,,,,,,,,1304,2,3,8,2023-02-03T06:30:00+08:00,247,129
,,,,,,,,,1305,2,3,9,2023-02-03T07:30:00+08:00,249,130
,,,,,,,,,1306,2,3,10,2023-02-03T08:30:00+08:00,274,143
,,,,,,,,,1307,2,3,11,2023-02-03T09:30:00+08:00,288,151
,,,,,,,,,1308,2,3,12,2023-02-03T10:30:00+08:00,294,154
,,,,,,,,,1309,2,3,13,2023-02-03T11:30:00+08:00,299,156
,,,,,,,,,1310,2,3,14,2023-02-03T12:30:00+08:00,292,153
,,,,,,,,,1311,2,3,15,2023-02-03T13:30:00+08:00,295,155
,,,,,,,,,1312,2,3,16,2023-02-03T14:30:00+08:00,308,161
,,,,,,,,,1313,2,3,17,2023-02-03T15:30:00+08:00,317,165
,,,,,,,,,1314,2,3,18,2023-02-03T16:30:00+08:00,318,166
,,,,,,,,,1315,2,3,19,2023-02-03T17:30:00+08:00,302,158
,,,,,,,,,1316,2,3,20,2023-02-03T18:30:00+08:00,294,154
,,,,,,,,,1317,2,3,21,2023-02-03T19:30:00+08:00,314,164
,,,,,,,,,1318,2,3,22,2023-02-03T20:30:00+08:00,311,162
,,,,,,,,,1319,2,3,23,2023-02-03T21:30:00+08:00,304,158
,,,,,,,,,1320,2,3,24,2023-02-03T22:30:00+08:00,300,156
,,,,,,,,,1321,2,4,1,2023-02-03T23:30:00+08:00,289,151
,,,,,,,,,1322,2,4,2,2023-02-04T00:30:00+08:00,273,143
,,,,,,,,,1323,2,4,3,2023-02-04T01:30:00+08:00,264,138
,,,,,,,,,1324,2,4,4,2023-02-04T02:30:00+08:00,254,133
,,,,,,,,,1325,2,4,5,2023-02-04T03:30:00+08:00,246,128
,,,,,,,,,1326,2,4,6,2023-02-04T04:30:00+08:00,241,125
,,,,,,,,,1327,2,4,7,2023-02-04T05:30:00+08:00,239,125
,,,,,,,,,1328,2,4,8,2023-02-04T06:30:00+08:00,238,125
,,,,,,,,,1329,2,4,9,2023-02-04T07:30:00+08:00,231,121
,,,,,,,,,1330,2,4,10,2023-02-04T08:30:00+08:00,249,129
,,,,,,,,,1331,2,4,11,2023-02-04T09:30:00+08:00,261,136
,,,,,,,,,1332,2,4,12,2023-02-04T10:30:00+08:00,270,141
,,,,,,,,,1333,2,4,13,2023-02-04T11:30:00+08:00,270,141
,,,,,,,,,1334,2,4,14,2023-02-04T12:30:00+08:00,264,138
,,,,,,,,,1335,2,4,15,2023-02-04T13:30:00+08:00,269,140
,,,,,,,,,1336,2,4,16,2023-02-04T14:30:00+08:00,273,143
,,,,,,,,,1337,2,4,17,2023-02-04T15:30:00+08:00,277,145
,,,,,,,,,1338,2,4,18,2023-02-04T16:30:00+08:00,279,145
,,,,,,,,,1339,2,4,19,2023-02-04T17:30:00+08:00,271,142
,,,,,,,,,1340,2,4,20,2023-02-04T18:30:00+08:00,272,142
,,,,,,,,,1341,2,4,21,2023-02-04T19:30:00+08:00,295,154
,,,,,,,,,1342,2,4,22,2023-02-04T20:30:00+08:00,294,154
,,,,,,,,,1343,2,4,23,2023-02-04T21:30:00+08:00,287,149
,,,,,,,,,1344,2,4,24,2023-02-04T22:30:00+08:00,282,147