r_id,amamapare_port_power_station_unit_1,amamapare_port_power_station_unit_2,amamapare_port_power_station_unit_3,amamapare_port_power_station_solar,amamapare_port_power_station_solar,amamapare_port_power_station_solar,amamapare_port_power_station_solar,amamapare_port_power_station_solar,bp_berau_ltd,bp_berau_ltd_solar,bp_berau_ltd_solar,bp_berau_ltd_solar,bp_berau_ltd_solar,bp_berau_ltd_solar,bp_berau_ltd_wind,amamapare_port_power_station_battery,bp_berau_ltd_battery
1,1,1,1,0,0,0,0,0,1,0,0,0,0,0,0.005,1,1
2,1,1,1,0,0,0,0,0,1,0,0,0,0,0,0.003,1,1
3,1,1,1,0,0,0,0,0,1,0,0,0,0,0,0.005,1,1
4,1,1,1,0,0,0,0,0,1,0,0,0,0,0,0.008,1,1
5,1,1,1,0,0,0,0,0,1,0,0,0,0,0,0.012,1,1
6,1,1,1,0.028,0.028,0.028,0.028,0.028,1,0.002,0.002,0.002,0.002,0.002,0.04,1,1
7,1,1,1,0.141,0.141,0.141,0.141,0.141,1,0.033,0.033,0.033,0.033,0.033,0.05,1,1
8,1,1,1,0.303,0.303,0.303,0.303,0.303,1,0.112,0.112,0.112,0.112,0.112,0.016,1,1
9,1,1,1,0.468,0.468,0.468,0.468,0.468,1,0.233,0.233,0.233,0.233,0.233,0.004,1,1
10,1,1,1,0.619,0.619,0.619,0.619,0.619,1,0.353,0.353,0.353,0.353,0.353,0.002,1,1
11,1,1,1,0.647,0.647,0.647,0.647,0.647,1,0.452,0.452,0.452,0.452,0.452,0.001,1,1
12,1,1,1,0.568,0.568,0.568,0.568,0.568,1,0.487,0.487,0.487,0.487,0.487,0.001,1,1
13,1,1,1,0.509,0.509,0.509,0.509,0.509,1,0.435,0.435,0.435,0.435,0.435,0,1,1
14,1,1,1,0.429,0.429,0.429,0.429,0.429,1,0.346,0.346,0.346,0.346,0.346,0,1,1
15,1,1,1,0.203,0.203,0.203,0.203,0.203,1,0.216,0.216,0.216,0.216,0.216,0,1,1
16,1,1,1,0.073,0.073,0.073,0.073,0.073,1,0.105,0.105,0.105,0.105,0.105,0,1,1
17,1,1,1,0.001,0.001,0.001,0.001,0.001,1,0.022,0.022,0.022,0.022,0.022,0.001,1,1
18,1,1,1,0,0,0,0,0,1,0,0,0,0,0,0.003,1,1
19,1,1,1,0,0,0,0,0,1,0,0,0,0,0,0.002,1,1
20,1,1,1,0,0,0,0,0,1,0,0,0,0,0,0.001,1,1
21,1,1,1,0,0,0,0,0,1,0,0,0,0,0,0,1,1
22,1,1,1,0,0,0,0,0,1,0,0,0,0,0,0,1,1
23,1,1,1,0,0,0,0,0,1,0,0,0,0,0,0,1,1
24,1,1,1,0,0,0,0,0,1,0,0,0,0,0,0.001,1,1
25,1,1,1,0,0,0,0,0,1,0,0,0,0,0,0.001,1,1
26,1,1,1,0,0,0,0,0,1,0,0,0,0,0,0.001,1,1
27,1,1,1,0,0,0,0,0,1,0,0,0,0,0,0.001,1,1
28,1,1,1,0,0,0,0,0,1,0,0,0,0,0,0.002,1,1
29,1,1,1,0,0,0,0,0,1,0,0,0,0,0,0.001,1,1
30,1,1,1,0.047,0.047,0.047,0.047,0.047,1,0.004,0.004,0.004,0.004,0.004,0,1,1
31,1,1,1,0.175,0.175,0.175,0.175,0.175,1,0.064,0.064,0.064,0.064,0.064,0.001,1,1
32,1,1,1,0.298,0.298,0.298,0.298,0.298,1,0.154,0.154,0.154,0.154,0.154,0.001,1,1
33,1,1,1,0.393,0.393,0.393,0.393,0.393,1,0.226,0.226,0.226,0.226,0.226,0.001,1,1
34,1,1,1,0.483,0.483,0.483,0.483,0.483,1,0.262,0.262,0.262,0.262,0.262,0.003,1,1
35,1,1,1,0.491,0.491,0.491,0.491,0.491,1,0.301,0.301,0.301,0.301,0.301,0.006,1,1
36,1,1,1,0.398,0.398,0.398,0.398,0.398,1,0.332,0.332,0.332,0.332,0.332,0.004,1,1
37,1,1,1,0.314,0.314,0.314,0.314,0.314,1,0.343,0.343,0.343,0.343,0.343,0.003,1,1
38,1,1,1,0.203,0.203,0.203,0.203,0.203,1,0.253,0.253,0.253,0.253,0.253,0.001,1,1
39,1,1,1,0.11,0.11,0.11,0.11,0.11,1,0.14,0.14,0.14,0.14,0.14,0,1,1
40,1,1,1,0.035,0.035,0.035,0.035,0.035,1,0.062,0.062,0.062,0.062,0.062,0,1,1
41,1,1,1,0,0,0,0,0,1,0.01,0.01,0.01,0.01,0.01,0,1,1
42,1,1,1,0,0,0,0,0,1,0,0,0,0,0,0.002,1,1
43,1,1,1,0,0,0,0,0,1,0,0,0,0,0,0.015,1,1
44,1,1,1,0,0,0,0,0,1,0,0,0,0,0,0.027,1,1
45,1,1,1,0,0,0,0,0,1,0,0,0,0,0,0.021,1,1
46,1,1,1,0,0,0,0,0,1,0,0,0,0,0,0.012,1,1
47,1,1,1,0,0,0,0,0,1,0,0,0,0,0,0.009,1,1
48,1,1,1,0,0,0,0,0,1,0,0,0,0,0,0.006,1,1
49,1,1,1,0,0,0,0,0,1,0,0,0,0,0,0.004,1,1
50,1,1,1,0,0,0,0,0,1,0,0,0,0,0,0.004,1,1
51,1,1,1,0,0,0,0,0,1,0,0,0,0,0,0.004,1,1
52,1,1,1,0,0,0,0,0,1,0,0,0,0,0,0.003,1,1
53,1,1,1,0,0,0,0,0,1,0,0,0,0,0,0.001,1,1
54,1,1,1,0.021,0.021,0.021,0.021,0.021,1,0.013,0.013,0.013,0.013,0.013,0.001,1,1
55,1,1,1,0.092,0.092,0.092,0.092,0.092,1,0.099,0.099,0.099,0.099,0.099,0,1,1
56,1,1,1,0.181,0.181,0.181,0.181,0.181,1,0.206,0.206,0.206,0.206,0.206,0,1,1
57,1,1,1,0.243,0.243,0.243,0.243,0.243,1,0.293,0.293,0.293,0.293,0.293,0.002,1,1
58,1,1,1,0.301,0.301,0.301,0.301,0.301,1,0.354,0.354,0.354,0.354,0.354,0.003,1,1
59,1,1,1,0.378,0.378,0.378,0.378,0.378,1,0.348,0.348,0.348,0.348,0.348,0.003,1,1
60,1,1,1,0.39,0.39,0.39,0.39,0.39,1,0.293,0.293,0.293,0.293,0.293,0.001,1,1
61,1,1,1,0.344,0.344,0.344,0.344,0.344,1,0.271,0.271,0.271,0.271,0.271,0,1,1
62,1,1,1,0.214,0.214,0.214,0.214,0.214,1,0.23,0.23,0.23,0.23,0.23,0,1,1
63,1,1,1,0.097,0.097,0.097,0.097,0.097,1,0.168,0.168,0.168,0.168,0.168,0,1,1
64,1,1,1,0.032,0.032,0.032,0.032,0.032,1,0.083,0.083,0.083,0.083,0.083,0,1,1
65,1,1,1,0.001,0.001,0.001,0.001,0.001,1,0.016,0.016,0.016,0.016,0.016,0,1,1
66,1,1,1,0,0,0,0,0,1,0,0,0,0,0,0.002,1,1
67,1,1,1,0,0,0,0,0,1,0,0,0,0,0,0.007,1,1
68,1,1,1,0,0,0,0,0,1,0,0,0,0,0,0.011,1,1
69,1,1,1,0,0,0,0,0,1,0,0,0,0,0,0.019,1,1
70,1,1,1,0,0,0,0,0,1,0,0,0,0,0,0.026,1,1
71,1,1,1,0,0,0,0,0,1,0,0,0,0,0,0.022,1,1
72,1,1,1,0,0,0,0,0,1,0,0,0,0,0,0.024,1,1
73,1,1,1,0,0,0,0,0,1,0,0,0,0,0,0.031,1,1
74,1,1,1,0,0,0,0,0,1,0,0,0,0,0,0.031,1,1
75,1,1,1,0,0,0,0,0,1,0,0,0,0,0,0.033,1,1
76,1,1,1,0,0,0,0,0,1,0,0,0,0,0,0.032,1,1
77,1,1,1,0,0,0,0,0,1,0,0,0,0,0,0.034,1,1
78,1,1,1,0.047,0.047,0.047,0.047,0.047,1,0.002,0.002,0.002,0.002,0.002,0.04,1,1
79,1,1,1,0.173,0.173,0.173,0.173,0.173,1,0.036,0.036,0.036,0.036,0.036,0.036,1,1
80,1,1,1,0.295,0.295,0.295,0.295,0.295,1,0.102,0.102,0.102,0.102,0.102,0.022,1,1
81,1,1,1,0.441,0.441,0.441,0.441,0.441,1,0.155,0.155,0.155,0.155,0.155,0.016,1,1
82,1,1,1,0.605,0.605,0.605,0.605,0.605,1,0.177,0.177,0.177,0.177,0.177,0.011,1,1
83,1,1,1,0.669,0.669,0.669,0.669,0.669,1,0.171,0.171,0.171,0.171,0.171,0.008,1,1
84,1,1,1,0.63,0.63,0.63,0.63,0.63,1,0.161,0.161,0.161,0.161,0.161,0.003,1,1
85,1,1,1,0.532,0.532,0.532,0.532,0.532,1,0.148,0.148,0.148,0.148,0.148,0.001,1,1
86,1,1,1,0.401,0.401,0.401,0.401,0.401,1,0.138,0.138,0.138,0.138,0.138,0.001,1,1
87,1,1,1,0.216,0.216,0.216,0.216,0.216,1,0.107,0.107,0.107,0.107,0.107,0.001,1,1
88,1,1,1,0.083,0.083,0.083,0.083,0.083,1,0.057,0.057,0.057,0.057,0.057,0.001,1,1
89,1,1,1,0.004,0.004,0.004,0.004,0.004,1,0.008,0.008,0.008,0.008,0.008,0.007,1,1
90,1,1,1,0,0,0,0,0,1,0,0,0,0,0,0.025,1,1
91,1,1,1,0,0,0,0,0,1,0,0,0,0,0,0.041,1,1
92,1,1,1,0,0,0,0,0,1,0,0,0,0,0,0.05,1,1
93,1,1,1,0,0,0,0,0,1,0,0,0,0,0,0.05,1,1
94,1,1,1,0,0,0,0,0,1,0,0,0,0,0,0.045,1,1
95,1,1,1,0,0,0,0,0,1,0,0,0,0,0,0.044,1,1
96,1,1,1,0,0,0,0,0,1,0,0,0,0,0,0.038,1,1
97,1,1,1,0,0,0,0,0,1,0,0,0,0,0,0.035,1,1
98,1,1,1,0,0,0,0,0,1,0,0,0,0,0,0.034,1,1
99,1,1,1,0,0,0,0,0,1,0,0,0,0,0,0.033,1,1
100,1,1,1,0,0,0,0,0,1,0,0,0,0,0,0.041,1,1
101,1,1,1,0,0,0,0,0,1,0,0,0,0,0,0.049,1,1
102,1,1,1,0.018,0.018,0.018,0.018,0.018,1,0.011,0.011,0.011,0.011,0.011,0.049,1,1
103,1,1,1,0.076,0.076,0.076,0.076,0.076,1,0.097,0.097,0.097,0.097,0.097,0.014,1,1
104,1,1,1,0.148,0.148,0.148,0.148,0.148,1,0.206,0.206,0.206,0.206,0.206,0.001,1,1
105,1,1,1,0.216,0.216,0.216,0.216,0.216,1,0.296,0.296,0.296,0.296,0.296,0.001,1,1
106,1,1,1,0.281,0.281,0.281,0.281,0.281,1,0.335,0.335,0.335,0.335,0.335,0,1,1
107,1,1,1,0.3,0.3,0.3,0.3,0.3,1,0.349,0.349,0.349,0.349,0.349,0,1,1
108,1,1,1,0.262,0.262,0.262,0.262,0.262,1,0.336,0.336,0.336,0.336,0.336,0,1,1
109,1,1,1,0.218,0.218,0.218,0.218,0.218,1,0.3,0.3,0.3,0.3,0.3,0,1,1
110,1,1,1,0.148,0.148,0.148,0.148,0.148,1,0.242,0.242,0.242,0.242,0.242,0,1,1
111,1,1,1,0.084,0.084,0.084,0.084,0.084,1,0.165,0.165,0.165,0.165,0.165,0,1,1
112,1,1,1,0.028,0.028,0.028,0.028,0.028,1,0.078,0.078,0.078,0.078,0.078,0,1,1
113,1,1,1,0,0,0,0,0,1,0.012,0.012,0.012,0.012,0.012,0,1,1
114,1,1,1,0,0,0,0,0,1,0,0,0,0,0,0.001,1,1
115,1,1,1,0,0,0,0,0,1,0,0,0,0,0,0,1,1
116,1,1,1,0,0,0,0,0,1,0,0,0,0,0,0,1,1
117,1,1,1,0,0,0,0,0,1,0,0,0,0,0,0.003,1,1
118,1,1,1,0,0,0,0,0,1,0,0,0,0,0,0.029,1,1
119,1,1,1,0,0,0,0,0,1,0,0,0,0,0,0.05,1,1
120,1,1,1,0,0,0,0,0,1,0,0,0,0,0,0.049,1,1
121,1,1,1,0,0,0,0,0,1,0,0,0,0,0,0.049,1,1
122,1,1,1,0,0,0,0,0,1,0,0,0,0,0,0.048,1,1
123,1,1,1,0,0,0,0,0,1,0,0,0,0,0,0.044,1,1
124,1,1,1,0,0,0,0,0,1,0,0,0,0,0,0.043,1,1
125,1,1,1,0,0,0,0,0,1,0,0,0,0,0,0.043,1,1
126,1,1,1,0.011,0.011,0.011,0.011,0.011,1,0.021,0.021,0.021,0.021,0.021,0.038,1,1
127,1,1,1,0.062,0.062,0.062,0.062,0.062,1,0.129,0.129,0.129,0.129,0.129,0.005,1,1
128,1,1,1,0.19,0.19,0.19,0.19,0.19,1,0.252,0.252,0.252,0.252,0.252,0,1,1
129,1,1,1,0.305,0.305,0.305,0.305,0.305,1,0.345,0.345,0.345,0.345,0.345,0,1,1
130,1,1,1,0.393,0.393,0.393,0.393,0.393,1,0.387,0.387,0.387,0.387,0.387,0,1,1
131,1,1,1,0.395,0.395,0.395,0.395,0.395,1,0.393,0.393,0.393,0.393,0.393,0,1,1
132,1,1,1,0.288,0.288,0.288,0.288,0.288,1,0.384,0.384,0.384,0.384,0.384,0,1,1
133,1,1,1,0.219,0.219,0.219,0.219,0.219,1,0.345,0.345,0.345,0.345,0.345,0,1,1
134,1,1,1,0.148,0.148,0.148,0.148,0.148,1,0.258,0.258,0.258,0.258,0.258,0,1,1
135,1,1,1,0.079,0.079,0.079,0.079,0.079,1,0.168,0.168,0.168,0.168,0.168,0,1,1
136,1,1,1,0.028,0.028,0.028,0.028,0.028,1,0.075,0.075,0.075,0.075,0.075,0,1,1
137,1,1,1,0,0,0,0,0,1,0.014,0.014,0.014,0.014,0.014,0,1,1
138,1,1,1,0,0,0,0,0,1,0,0,0,0,0,0.001,1,1
139,1,1,1,0,0,0,0,0,1,0,0,0,0,0,0.005,1,1
140,1,1,1,0,0,0,0,0,1,0,0,0,0,0,0.006,1,1
141,1,1,1,0,0,0,0,0,1,0,0,0,0,0,0.009,1,1
142,1,1,1,0,0,0,0,0,1,0,0,0,0,0,0.015,1,1
143,1,1,1,0,0,0,0,0,1,0,0,0,0,0,0.025,1,1
144,1,1,1,0,0,0,0,0,1,0,0,0,0,0,0.021,1,1
145,1,1,1,0,0,0,0,0,1,0,0,0,0,0,0.015,1,1
146,1,1,1,0,0,0,0,0,1,0,0,0,0,0,0.016,1,1
147,1,1,1,0,0,0,0,0,1,0,0,0,0,0,0.017,1,1
148,1,1,1,0,0,0,0,0,1,0,0,0,0,0,0.019,1,1
149,1,1,1,0,0,0,0,0,1,0,0,0,0,0,0.018,1,1
150,1,1,1,0.07,0.07,0.07,0.07,0.07,1,0.005,0.005,0.005,0.005,0.005,0.017,1,1
151,1,1,1,0.259,0.259,0.259,0.259,0.259,1,0.06,0.06,0.06,0.06,0.06,0.01,1,1
152,1,1,1,0.476,0.476,0.476,0.476,0.476,1,0.135,0.135,0.135,0.135,0.135,0.005,1,1
153,1,1,1,0.6,0.6,0.6,0.6,0.6,1,0.208,0.208,0.208,0.208,0.208,0.005,1,1
154,1,1,1,0.687,0.687,0.687,0.687,0.687,1,0.266,0.266,0.266,0.266,0.266,0.01,1,1
155,1,1,1,0.693,0.693,0.693,0.693,0.693,1,0.305,0.305,0.305,0.305,0.305,0.011,1,1
156,1,1,1,0.615,0.615,0.615,0.615,0.615,1,0.318,0.318,0.318,0.318,0.318,0.019,1,1
157,1,1,1,0.513,0.513,0.513,0.513,0.513,1,0.299,0.299,0.299,0.299,0.299,0.024,1,1
158,1,1,1,0.354,0.354,0.354,0.354,0.354,1,0.249,0.249,0.249,0.249,0.249,0.026,1,1
159,1,1,1,0.147,0.147,0.147,0.147,0.147,1,0.16,0.16,0.16,0.16,0.16,0.023,1,1
160,1,1,1,0.051,0.051,0.051,0.051,0.051,1,0.081,0.081,0.081,0.081,0.081,0.018,1,1
161,1,1,1,0.002,0.002,0.002,0.002,0.002,1,0.015,0.015,0.015,0.015,0.015,0.026,1,1
162,1,1,1,0,0,0,0,0,1,0,0,0,0,0,0.047,1,1
163,1,1,1,0,0,0,0,0,1,0,0,0,0,0,0.053,1,1
164,1,1,1,0,0,0,0,0,1,0,0,0,0,0,0.054,1,1
165,1,1,1,0,0,0,0,0,1,0,0,0,0,0,0.058,1,1
166,1,1,1,0,0,0,0,0,1,0,0,0,0,0,0.059,1,1
167,1,1,1,0,0,0,0,0,1,0,0,0,0,0,0.059,1,1
168,1,1,1,0,0,0,0,0,1,0,0,0,0,0,0.055,1,1
169,1,1,1,0,0,0,0,0,1,0,0,0,0,0,0.015,1,1
170,1,1,1,0,0,0,0,0,1,0,0,0,0,0,0.017,1,1
171,1,1,1,0,0,0,0,0,1,0,0,0,0,0,0.003,1,1
172,1,1,1,0,0,0,0,0,1,0,0,0,0,0,0,1,1
173,1,1,1,0,0,0,0,0,1,0,0,0,0,0,0,1,1
174,1,1,1,0.033,0.033,0.033,0.033,0.033,1,0.01,0.01,0.01,0.01,0.01,0,1,1
175,1,1,1,0.102,0.102,0.102,0.102,0.102,1,0.066,0.066,0.066,0.066,0.066,0,1,1
176,1,1,1,0.188,0.188,0.188,0.188,0.188,1,0.158,0.158,0.158,0.158,0.158,0,1,1
177,1,1,1,0.265,0.265,0.265,0.265,0.265,1,0.26,0.26,0.26,0.26,0.26,0,1,1
178,1,1,1,0.325,0.325,0.325,0.325,0.325,1,0.305,0.305,0.305,0.305,0.305,0,1,1
179,1,1,1,0.335,0.335,0.335,0.335,0.335,1,0.31,0.31,0.31,0.31,0.31,0,1,1
180,1,1,1,0.339,0.339,0.339,0.339,0.339,1,0.306,0.306,0.306,0.306,0.306,0,1,1
181,1,1,1,0.272,0.272,0.272,0.272,0.272,1,0.289,0.289,0.289,0.289,0.289,0,1,1
182,1,1,1,0.208,0.208,0.208,0.208,0.208,1,0.258,0.258,0.258,0.258,0.258,0,1,1
183,1,1,1,0.123,0.123,0.123,0.123,0.123,1,0.193,0.193,0.193,0.193,0.193,0,1,1
184,1,1,1,0.051,0.051,0.051,0.051,0.051,1,0.107,0.107,0.107,0.107,0.107,0,1,1
185,1,1,1,0.006,0.006,0.006,0.006,0.006,1,0.024,0.024,0.024,0.024,0.024,0,1,1
186,1,1,1,0,0,0,0,0,1,0,0,0,0,0,0,1,1
187,1,1,1,0,0,0,0,0,1,0,0,0,0,0,0.001,1,1
188,1,1,1,0,0,0,0,0,1,0,0,0,0,0,0.014,1,1
189,1,1,1,0,0,0,0,0,1,0,0,0,0,0,0.038,1,1
190,1,1,1,0,0,0,0,0,1,0,0,0,0,0,0.048,1,1
191,1,1,1,0,0,0,0,0,1,0,0,0,0,0,0.051,1,1
192,1,1,1,0,0,0,0,0,1,0,0,0,0,0,0.057,1,1
193,1,1,1,0,0,0,0,0,1,0,0,0,0,0,0.061,1,1
194,1,1,1,0,0,0,0,0,1,0,0,0,0,0,0.055,1,1
195,1,1,1,0,0,0,0,0,1,0,0,0,0,0,0.058,1,1
196,1,1,1,0,0,0,0,0,1,0,0,0,0,0,0.063,1,1
197,1,1,1,0,0,0,0,0,1,0,0,0,0,0,0.059,1,1
198,1,1,1,0.04,0.04,0.04,0.04,0.04,1,0.011,0.011,0.011,0.011,0.011,0.045,1,1
199,1,1,1,0.164,0.164,0.164,0.164,0.164,1,0.085,0.085,0.085,0.085,0.085,0.011,1,1
200,1,1,1,0.349,0.349,0.349,0.349,0.349,1,0.196,0.196,0.196,0.196,0.196,0.002,1,1
201,1,1,1,0.467,0.467,0.467,0.467,0.467,1,0.3,0.3,0.3,0.3,0.3,0,1,1
202,1,1,1,0.518,0.518,0.518,0.518,0.518,1,0.396,0.396,0.396,0.396,0.396,0,1,1
203,1,1,1,0.532,0.532,0.532,0.532,0.532,1,0.469,0.469,0.469,0.469,0.469,0,1,1
204,1,1,1,0.503,0.503,0.503,0.503,0.503,1,0.478,0.478,0.478,0.478,0.478,0,1,1
205,1,1,1,0.437,0.437,0.437,0.437,0.437,1,0.454,0.454,0.454,0.454,0.454,0,1,1
206,1,1,1,0.328,0.328,0.328,0.328,0.328,1,0.399,0.399,0.399,0.399,0.399,0,1,1
207,1,1,1,0.186,0.186,0.186,0.186,0.186,1,0.298,0.298,0.298,0.298,0.298,0,1,1
208,1,1,1,0.068,0.068,0.068,0.068,0.068,1,0.172,0.172,0.172,0.172,0.172,0,1,1
209,1,1,1,0.006,0.006,0.006,0.006,0.006,1,0.047,0.047,0.047,0.047,0.047,0,1,1
210,1,1,1,0,0,0,0,0,1,0,0,0,0,0,0,1,1
211,1,1,1,0,0,0,0,0,1,0,0,0,0,0,0.001,1,1
212,1,1,1,0,0,0,0,0,1,0,0,0,0,0,0.002,1,1
213,1,1,1,0,0,0,0,0,1,0,0,0,0,0,0.002,1,1
214,1,1,1,0,0,0,0,0,1,0,0,0,0,0,0.002,1,1
215,1,1,1,0,0,0,0,0,1,0,0,0,0,0,0.002,1,1
216,1,1,1,0,0,0,0,0,1,0,0,0,0,0,0.002,1,1
217,1,1,1,0,0,0,0,0,1,0,0,0,0,0,0.001,1,1
218,1,1,1,0,0,0,0,0,1,0,0,0,0,0,0,1,1
219,1,1,1,0,0,0,0,0,1,0,0,0,0,0,0.001,1,1
220,1,1,1,0,0,0,0,0,1,0,0,0,0,0,0.002,1,1
221,1,1,1,0,0,0,0,0,1,0,0,0,0,0,0.004,1,1
222,1,1,1,0.077,0.077,0.077,0.077,0.077,1,0.013,0.013,0.013,0.013,0.013,0.005,1,1
223,1,1,1,0.218,0.218,0.218,0.218,0.218,1,0.09,0.09,0.09,0.09,0.09,0.003,1,1
224,1,1,1,0.366,0.366,0.366,0.366,0.366,1,0.218,0.218,0.218,0.218,0.218,0,1,1
225,1,1,1,0.482,0.482,0.482,0.482,0.482,1,0.339,0.339,0.339,0.339,0.339,0,1,1
226,1,1,1,0.542,0.542,0.542,0.542,0.542,1,0.418,0.418,0.418,0.418,0.418,0,1,1
227,1,1,1,0.539,0.539,0.539,0.539,0.539,1,0.457,0.457,0.457,0.457,0.457,0,1,1
228,1,1,1,0.481,0.481,0.481,0.481,0.481,1,0.466,0.466,0.466,0.466,0.466,0,1,1
229,1,1,1,0.369,0.369,0.369,0.369,0.369,1,0.428,0.428,0.428,0.428,0.428,0,1,1
230,1,1,1,0.243,0.243,0.243,0.243,0.243,1,0.367,0.367,0.367,0.367,0.367,0,1,1
231,1,1,1,0.156,0.156,0.156,0.156,0.156,1,0.259,0.259,0.259,0.259,0.259,0,1,1
232,1,1,1,0.057,0.057,0.057,0.057,0.057,1,0.136,0.136,0.136,0.136,0.136,0,1,1
233,1,1,1,0.003,0.003,0.003,0.003,0.003,1,0.03,0.03,0.03,0.03,0.03,0,1,1
234,1,1,1,0,0,0,0,0,1,0,0,0,0,0,0,1,1
235,1,1,1,0,0,0,0,0,1,0,0,0,0,0,0.002,1,1
236,1,1,1,0,0,0,0,0,1,0,0,0,0,0,0.004,1,1
237,1,1,1,0,0,0,0,0,1,0,0,0,0,0,0,1,1
238,1,1,1,0,0,0,0,0,1,0,0,0,0,0,0.001,1,1
239,1,1,1,0,0,0,0,0,1,0,0,0,0,0,0.001,1,1
240,1,1,1,0,0,0,0,0,1,0,0,0,0,0,0.006,1,1
241,1,1,1,0,0,0,0,0,1,0,0,0,0,0,0.019,1,1
242,1,1,1,0,0,0,0,0,1,0,0,0,0,0,0.033,1,1
243,1,1,1,0,0,0,0,0,1,0,0,0,0,0,0.049,1,1
244,1,1,1,0,0,0,0,0,1,0,0,0,0,0,0.058,1,1
245,1,1,1,0,0,0,0,0,1,0,0,0,0,0,0.059,1,1
246,1,1,1,0.044,0.044,0.044,0.044,0.044,1,0.008,0.008,0.008,0.008,0.008,0.039,1,1
247,1,1,1,0.141,0.141,0.141,0.141,0.141,1,0.071,0.071,0.071,0.071,0.071,0.009,1,1
248,1,1,1,0.303,0.303,0.303,0.303,0.303,1,0.2,0.2,0.2,0.2,0.2,0,1,1
249,1,1,1,0.427,0.427,0.427,0.427,0.427,1,0.314,0.314,0.314,0.314,0.314,0,1,1
250,1,1,1,0.505,0.505,0.505,0.505,0.505,1,0.378,0.378,0.378,0.378,0.378,0.001,1,1
251,1,1,1,0.516,0.516,0.516,0.516,0.516,1,0.415,0.415,0.415,0.415,0.415,0.002,1,1
252,1,1,1,0.469,0.469,0.469,0.469,0.469,1,0.415,0.415,0.415,0.415,0.415,0.006,1,1
253,1,1,1,0.375,0.375,0.375,0.375,0.375,1,0.381,0.381,0.381,0.381,0.381,0.014,1,1
254,1,1,1,0.249,0.249,0.249,0.249,0.249,1,0.312,0.312,0.312,0.312,0.312,0.021,1,1
255,1,1,1,0.157,0.157,0.157,0.157,0.157,1,0.2,0.2,0.2,0.2,0.2,0.019,1,1
256,1,1,1,0.065,0.065,0.065,0.065,0.065,1,0.086,0.086,0.086,0.086,0.086,0.016,1,1
257,1,1,1,0.005,0.005,0.005,0.005,0.005,1,0.017,0.017,0.017,0.017,0.017,0.017,1,1
258,1,1,1,0,0,0,0,0,1,0,0,0,0,0,0.022,1,1
259,1,1,1,0,0,0,0,0,1,0,0,0,0,0,0.027,1,1
260,1,1,1,0,0,0,0,0,1,0,0,0,0,0,0.032,1,1
261,1,1,1,0,0,0,0,0,1,0,0,0,0,0,0.03,1,1
262,1,1,1,0,0,0,0,0,1,0,0,0,0,0,0.019,1,1
263,1,1,1,0,0,0,0,0,1,0,0,0,0,0,0.011,1,1
264,1,1,1,0,0,0,0,0,1,0,0,0,0,0,0.015,1,1
265,1,1,1,0,0,0,0,0,1,0,0,0,0,0,0.028,1,1
266,1,1,1,0,0,0,0,0,1,0,0,0,0,0,0.037,1,1
267,1,1,1,0,0,0,0,0,1,0,0,0,0,0,0.03,1,1
268,1,1,1,0,0,0,0,0,1,0,0,0,0,0,0.017,1,1
269,1,1,1,0,0,0,0,0,1,0,0,0,0,0,0.011,1,1
270,1,1,1,0.033,0.033,0.033,0.033,0.033,1,0.024,0.024,0.024,0.024,0.024,0.004,1,1
271,1,1,1,0.15,0.15,0.15,0.15,0.15,1,0.142,0.142,0.142,0.142,0.142,0,1,1
272,1,1,1,0.282,0.282,0.282,0.282,0.282,1,0.284,0.284,0.284,0.284,0.284,0.001,1,1
273,1,1,1,0.423,0.423,0.423,0.423,0.423,1,0.394,0.394,0.394,0.394,0.394,0.004,1,1
274,1,1,1,0.483,0.483,0.483,0.483,0.483,1,0.482,0.482,0.482,0.482,0.482,0.008,1,1
275,1,1,1,0.502,0.502,0.502,0.502,0.502,1,0.526,0.526,0.526,0.526,0.526,0.013,1,1
276,1,1,1,0.354,0.354,0.354,0.354,0.354,1,0.529,0.529,0.529,0.529,0.529,0.024,1,1
277,1,1,1,0.266,0.266,0.266,0.266,0.266,1,0.497,0.497,0.497,0.497,0.497,0.032,1,1
278,1,1,1,0.185,0.185,0.185,0.185,0.185,1,0.424,0.424,0.424,0.424,0.424,0.029,1,1
279,1,1,1,0.112,0.112,0.112,0.112,0.112,1,0.303,0.303,0.303,0.303,0.303,0.012,1,1
280,1,1,1,0.051,0.051,0.051,0.051,0.051,1,0.153,0.153,0.153,0.153,0.153,0.001,1,1
281,1,1,1,0.006,0.006,0.006,0.006,0.006,1,0.034,0.034,0.034,0.034,0.034,0.001,1,1
282,1,1,1,0,0,0,0,0,1,0,0,0,0,0,0.014,1,1
283,1,1,1,0,0,0,0,0,1,0,0,0,0,0,0.051,1,1
284,1,1,1,0,0,0,0,0,1,0,0,0,0,0,0.063,1,1
285,1,1,1,0,0,0,0,0,1,0,0,0,0,0,0.064,1,1
286,1,1,1,0,0,0,0,0,1,0,0,0,0,0,0.062,1,1
287,1,1,1,0,0,0,0,0,1,0,0,0,0,0,0.051,1,1
288,1,1,1,0,0,0,0,0,1,0,0,0,0,0,0.054,1,1
289,1,1,1,0,0,0,0,0,1,0,0,0,0,0,0.074,1,1
290,1,1,1,0,0,0,0,0,1,0,0,0,0,0,0.081,1,1
291,1,1,1,0,0,0,0,0,1,0,0,0,0,0,0.058,1,1
292,1,1,1,0,0,0,0,0,1,0,0,0,0,0,0.037,1,1
293,1,1,1,0,0,0,0,0,1,0,0,0,0,0,0.024,1,1
294,1,1,1,0.024,0.024,0.024,0.024,0.024,1,0.014,0.014,0.014,0.014,0.014,0.021,1,1
295,1,1,1,0.092,0.092,0.092,0.092,0.092,1,0.087,0.087,0.087,0.087,0.087,0.006,1,1
296,1,1,1,0.196,0.196,0.196,0.196,0.196,1,0.189,0.189,0.189,0.189,0.189,0.001,1,1
297,1,1,1,0.277,0.277,0.277,0.277,0.277,1,0.285,0.285,0.285,0.285,0.285,0.005,1,1
298,1,1,1,0.345,0.345,0.345,0.345,0.345,1,0.346,0.346,0.346,0.346,0.346,0.014,1,1
299,1,1,1,0.334,0.334,0.334,0.334,0.334,1,0.381,0.381,0.381,0.381,0.381,0.026,1,1
300,1,1,1,0.301,0.301,0.301,0.301,0.301,1,0.38,0.38,0.38,0.38,0.38,0.037,1,1
301,1,1,1,0.258,0.258,0.258,0.258,0.258,1,0.344,0.344,0.344,0.344,0.344,0.04,1,1
302,1,1,1,0.205,0.205,0.205,0.205,0.205,1,0.275,0.275,0.275,0.275,0.275,0.028,1,1
303,1,1,1,0.133,0.133,0.133,0.133,0.133,1,0.163,0.163,0.163,0.163,0.163,0.009,1,1
304,1,1,1,0.061,0.061,0.061,0.061,0.061,1,0.071,0.071,0.071,0.071,0.071,0.004,1,1
305,1,1,1,0.006,0.006,0.006,0.006,0.006,1,0.014,0.014,0.014,0.014,0.014,0.014,1,1
306,1,1,1,0,0,0,0,0,1,0,0,0,0,0,0.055,1,1
307,1,1,1,0,0,0,0,0,1,0,0,0,0,0,0.071,1,1
308,1,1,1,0,0,0,0,0,1,0,0,0,0,0,0.07,1,1
309,1,1,1,0,0,0,0,0,1,0,0,0,0,0,0.068,1,1
310,1,1,1,0,0,0,0,0,1,0,0,0,0,0,0.072,1,1
311,1,1,1,0,0,0,0,0,1,0,0,0,0,0,0.073,1,1
312,1,1,1,0,0,0,0,0,1,0,0,0,0,0,0.07,1,1
313,1,1,1,0,0,0,0,0,1,0,0,0,0,0,0.067,1,1
314,1,1,1,0,0,0,0,0,1,0,0,0,0,0,0.054,1,1
315,1,1,1,0,0,0,0,0,1,0,0,0,0,0,0.029,1,1
316,1,1,1,0,0,0,0,0,1,0,0,0,0,0,0.014,1,1
317,1,1,1,0,0,0,0,0,1,0,0,0,0,0,0.021,1,1
318,1,1,1,0.033,0.033,0.033,0.033,0.033,1,0.011,0.011,0.011,0.011,0.011,0.035,1,1
319,1,1,1,0.106,0.106,0.106,0.106,0.106,1,0.069,0.069,0.069,0.069,0.069,0.02,1,1
320,1,1,1,0.244,0.244,0.244,0.244,0.244,1,0.163,0.163,0.163,0.163,0.163,0.002,1,1
321,1,1,1,0.398,0.398,0.398,0.398,0.398,1,0.268,0.268,0.268,0.268,0.268,0.004,1,1
322,1,1,1,0.452,0.452,0.452,0.452,0.452,1,0.34,0.34,0.34,0.34,0.34,0.015,1,1
323,1,1,1,0.387,0.387,0.387,0.387,0.387,1,0.371,0.371,0.371,0.371,0.371,0.031,1,1
324,1,1,1,0.272,0.272,0.272,0.272,0.272,1,0.373,0.373,0.373,0.373,0.373,0.045,1,1
325,1,1,1,0.174,0.174,0.174,0.174,0.174,1,0.348,0.348,0.348,0.348,0.348,0.047,1,1
326,1,1,1,0.118,0.118,0.118,0.118,0.118,1,0.298,0.298,0.298,0.298,0.298,0.04,1,1
327,1,1,1,0.069,0.069,0.069,0.069,0.069,1,0.2,0.2,0.2,0.2,0.2,0.017,1,1
328,1,1,1,0.027,0.027,0.027,0.027,0.027,1,0.087,0.087,0.087,0.087,0.087,0.007,1,1
329,1,1,1,0.002,0.002,0.002,0.002,0.002,1,0.017,0.017,0.017,0.017,0.017,0.013,1,1
330,1,1,1,0,0,0,0,0,1,0,0,0,0,0,0.053,1,1
331,1,1,1,0,0,0,0,0,1,0,0,0,0,0,0.079,1,1
332,1,1,1,0,0,0,0,0,1,0,0,0,0,0,0.079,1,1
333,1,1,1,0,0,0,0,0,1,0,0,0,0,0,0.078,1,1
334,1,1,1,0,0,0,0,0,1,0,0,0,0,0,0.076,1,1
335,1,1,1,0,0,0,0,0,1,0,0,0,0,0,0.077,1,1
336,1,1,1,0,0,0,0,0,1,0,0,0,0,0,0.082,1,1
337,1,1,1,0,0,0,0,0,1,0,0,0,0,0,0.079,1,1
338,1,1,1,0,0,0,0,0,1,0,0,0,0,0,0.066,1,1
339,1,1,1,0,0,0,0,0,1,0,0,0,0,0,0.088,1,1
340,1,1,1,0,0,0,0,0,1,0,0,0,0,0,0.077,1,1
341,1,1,1,0,0,0,0,0,1,0,0,0,0,0,0.047,1,1
342,1,1,1,0.02,0.02,0.02,0.02,0.02,1,0.01,0.01,0.01,0.01,0.01,0.044,1,1
343,1,1,1,0.081,0.081,0.081,0.081,0.081,1,0.061,0.061,0.061,0.061,0.061,0.037,1,1
344,1,1,1,0.168,0.168,0.168,0.168,0.168,1,0.117,0.117,0.117,0.117,0.117,0.028,1,1
345,1,1,1,0.255,0.255,0.255,0.255,0.255,1,0.203,0.203,0.203,0.203,0.203,0.022,1,1
346,1,1,1,0.298,0.298,0.298,0.298,0.298,1,0.291,0.291,0.291,0.291,0.291,0.044,1,1
347,1,1,1,0.32,0.32,0.32,0.32,0.32,1,0.315,0.315,0.315,0.315,0.315,0.062,1,1
348,1,1,1,0.314,0.314,0.314,0.314,0.314,1,0.295,0.295,0.295,0.295,0.295,0.072,1,1
349,1,1,1,0.29,0.29,0.29,0.29,0.29,1,0.247,0.247,0.247,0.247,0.247,0.061,1,1
350,1,1,1,0.217,0.217,0.217,0.217,0.217,1,0.195,0.195,0.195,0.195,0.195,0.049,1,1
351,1,1,1,0.152,0.152,0.152,0.152,0.152,1,0.166,0.166,0.166,0.166,0.166,0.031,1,1
352,1,1,1,0.067,0.067,0.067,0.067,0.067,1,0.113,0.113,0.113,0.113,0.113,0.016,1,1
353,1,1,1,0.004,0.004,0.004,0.004,0.004,1,0.035,0.035,0.035,0.035,0.035,0.01,1,1
354,1,1,1,0,0,0,0,0,1,0,0,0,0,0,0.022,1,1
355,1,1,1,0,0,0,0,0,1,0,0,0,0,0,0.043,1,1
356,1,1,1,0,0,0,0,0,1,0,0,0,0,0,0.081,1,1
357,1,1,1,0,0,0,0,0,1,0,0,0,0,0,0.077,1,1
358,1,1,1,0,0,0,0,0,1,0,0,0,0,0,0.047,1,1
359,1,1,1,0,0,0,0,0,1,0,0,0,0,0,0.027,1,1
360,1,1,1,0,0,0,0,0,1,0,0,0,0,0,0.052,1,1
361,1,1,1,0,0,0,0,0,1,0,0,0,0,0,0.079,1,1
362,1,1,1,0,0,0,0,0,1,0,0,0,0,0,0.086,1,1
363,1,1,1,0,0,0,0,0,1,0,0,0,0,0,0.087,1,1
364,1,1,1,0,0,0,0,0,1,0,0,0,0,0,0.062,1,1
365,1,1,1,0,0,0,0,0,1,0,0,0,0,0,0.063,1,1
366,1,1,1,0.071,0.071,0.071,0.071,0.071,1,0.026,0.026,0.026,0.026,0.026,0.065,1,1
367,1,1,1,0.204,0.204,0.204,0.204,0.204,1,0.142,0.142,0.142,0.142,0.142,0.009,1,1
368,1,1,1,0.319,0.319,0.319,0.319,0.319,1,0.275,0.275,0.275,0.275,0.275,0.018,1,1
369,1,1,1,0.448,0.448,0.448,0.448,0.448,1,0.37,0.37,0.37,0.37,0.37,0.046,1,1
370,1,1,1,0.492,0.492,0.492,0.492,0.492,1,0.441,0.441,0.441,0.441,0.441,0.054,1,1
371,1,1,1,0.494,0.494,0.494,0.494,0.494,1,0.486,0.486,0.486,0.486,0.486,0.061,1,1
372,1,1,1,0.434,0.434,0.434,0.434,0.434,1,0.493,0.493,0.493,0.493,0.493,0.082,1,1
373,1,1,1,0.35,0.35,0.35,0.35,0.35,1,0.461,0.461,0.461,0.461,0.461,0.108,1,1
374,1,1,1,0.26,0.26,0.26,0.26,0.26,1,0.395,0.395,0.395,0.395,0.395,0.099,1,1
375,1,1,1,0.171,0.171,0.171,0.171,0.171,1,0.289,0.289,0.289,0.289,0.289,0.058,1,1
376,1,1,1,0.079,0.079,0.079,0.079,0.079,1,0.157,0.157,0.157,0.157,0.157,0.016,1,1
377,1,1,1,0.008,0.008,0.008,0.008,0.008,1,0.037,0.037,0.037,0.037,0.037,0.008,1,1
378,1,1,1,0,0,0,0,0,1,0,0,0,0,0,0.025,1,1
379,1,1,1,0,0,0,0,0,1,0,0,0,0,0,0.052,1,1
380,1,1,1,0,0,0,0,0,1,0,0,0,0,0,0.054,1,1
381,1,1,1,0,0,0,0,0,1,0,0,0,0,0,0.042,1,1
382,1,1,1,0,0,0,0,0,1,0,0,0,0,0,0.025,1,1
383,1,1,1,0,0,0,0,0,1,0,0,0,0,0,0.017,1,1
384,1,1,1,0,0,0,0,0,1,0,0,0,0,0,0.032,1,1
385,1,1,1,0,0,0,0,0,1,0,0,0,0,0,0.059,1,1
386,1,1,1,0,0,0,0,0,1,0,0,0,0,0,0.072,1,1
387,1,1,1,0,0,0,0,0,1,0,0,0,0,0,0.056,1,1
388,1,1,1,0,0,0,0,0,1,0,0,0,0,0,0.038,1,1
389,1,1,1,0,0,0,0,0,1,0,0,0,0,0,0.028,1,1
390,1,1,1,0.038,0.038,0.038,0.038,0.038,1,0.019,0.019,0.019,0.019,0.019,0.026,1,1
391,1,1,1,0.135,0.135,0.135,0.135,0.135,1,0.126,0.126,0.126,0.126,0.126,0.004,1,1
392,1,1,1,0.275,0.275,0.275,0.275,0.275,1,0.274,0.274,0.274,0.274,0.274,0,1,1
393,1,1,1,0.357,0.357,0.357,0.357,0.357,1,0.404,0.404,0.404,0.404,0.404,0.001,1,1
394,1,1,1,0.453,0.453,0.453,0.453,0.453,1,0.5,0.5,0.5,0.5,0.5,0,1,1
395,1,1,1,0.451,0.451,0.451,0.451,0.451,1,0.554,0.554,0.554,0.554,0.554,0.001,1,1
396,1,1,1,0.369,0.369,0.369,0.369,0.369,1,0.56,0.56,0.56,0.56,0.56,0.001,1,1
397,1,1,1,0.288,0.288,0.288,0.288,0.288,1,0.516,0.516,0.516,0.516,0.516,0.003,1,1
398,1,1,1,0.215,0.215,0.215,0.215,0.215,1,0.429,0.429,0.429,0.429,0.429,0.005,1,1
399,1,1,1,0.13,0.13,0.13,0.13,0.13,1,0.294,0.294,0.294,0.294,0.294,0.002,1,1
400,1,1,1,0.056,0.056,0.056,0.056,0.056,1,0.155,0.155,0.155,0.155,0.155,0,1,1
401,1,1,1,0.004,0.004,0.004,0.004,0.004,1,0.032,0.032,0.032,0.032,0.032,0,1,1
402,1,1,1,0,0,0,0,0,1,0,0,0,0,0,0,1,1
403,1,1,1,0,0,0,0,0,1,0,0,0,0,0,0.002,1,1
404,1,1,1,0,0,0,0,0,1,0,0,0,0,0,0.006,1,1
405,1,1,1,0,0,0,0,0,1,0,0,0,0,0,0.006,1,1
406,1,1,1,0,0,0,0,0,1,0,0,0,0,0,0.004,1,1
407,1,1,1,0,0,0,0,0,1,0,0,0,0,0,0.002,1,1
408,1,1,1,0,0,0,0,0,1,0,0,0,0,0,0.001,1,1
409,1,1,1,0,0,0,0,0,1,0,0,0,0,0,0.002,1,1
410,1,1,1,0,0,0,0,0,1,0,0,0,0,0,0.002,1,1
411,1,1,1,0,0,0,0,0,1,0,0,0,0,0,0.003,1,1
412,1,1,1,0,0,0,0,0,1,0,0,0,0,0,0.004,1,1
413,1,1,1,0,0,0,0,0,1,0,0,0,0,0,0.008,1,1
414,1,1,1,0.049,0.049,0.049,0.049,0.049,1,0.008,0.008,0.008,0.008,0.008,0.016,1,1
415,1,1,1,0.156,0.156,0.156,0.156,0.156,1,0.066,0.066,0.066,0.066,0.066,0.011,1,1
416,1,1,1,0.319,0.319,0.319,0.319,0.319,1,0.157,0.157,0.157,0.157,0.157,0,1,1
417,1,1,1,0.43,0.43,0.43,0.43,0.43,1,0.258,0.258,0.258,0.258,0.258,0,1,1
418,1,1,1,0.534,0.534,0.534,0.534,0.534,1,0.357,0.357,0.357,0.357,0.357,0,1,1
419,1,1,1,0.573,0.573,0.573,0.573,0.573,1,0.451,0.451,0.451,0.451,0.451,0,1,1
420,1,1,1,0.561,0.561,0.561,0.561,0.561,1,0.507,0.507,0.507,0.507,0.507,0,1,1
421,1,1,1,0.492,0.492,0.492,0.492,0.492,1,0.51,0.51,0.51,0.51,0.51,0,1,1
422,1,1,1,0.385,0.385,0.385,0.385,0.385,1,0.45,0.45,0.45,0.45,0.45,0,1,1
423,1,1,1,0.262,0.262,0.262,0.262,0.262,1,0.338,0.338,0.338,0.338,0.338,0,1,1
424,1,1,1,0.106,0.106,0.106,0.106,0.106,1,0.189,0.189,0.189,0.189,0.189,0,1,1
425,1,1,1,0.015,0.015,0.015,0.015,0.015,1,0.05,0.05,0.05,0.05,0.05,0,1,1
426,1,1,1,0,0,0,0,0,1,0,0,0,0,0,0,1,1
427,1,1,1,0,0,0,0,0,1,0,0,0,0,0,0,1,1
428,1,1,1,0,0,0,0,0,1,0,0,0,0,0,0,1,1
429,1,1,1,0,0,0,0,0,1,0,0,0,0,0,0.001,1,1
430,1,1,1,0,0,0,0,0,1,0,0,0,0,0,0.008,1,1
431,1,1,1,0,0,0,0,0,1,0,0,0,0,0,0.035,1,1
432,1,1,1,0,0,0,0,0,1,0,0,0,0,0,0.061,1,1
433,1,1,1,0,0,0,0,0,1,0,0,0,0,0,0.051,1,1
434,1,1,1,0,0,0,0,0,1,0,0,0,0,0,0.036,1,1
435,1,1,1,0,0,0,0,0,1,0,0,0,0,0,0.031,1,1
436,1,1,1,0,0,0,0,0,1,0,0,0,0,0,0.031,1,1
437,1,1,1,0,0,0,0,0,1,0,0,0,0,0,0.03,1,1
438,1,1,1,0.033,0.033,0.033,0.033,0.033,1,0.009,0.009,0.009,0.009,0.009,0.025,1,1
439,1,1,1,0.118,0.118,0.118,0.118,0.118,1,0.073,0.073,0.073,0.073,0.073,0.008,1,1
440,1,1,1,0.239,0.239,0.239,0.239,0.239,1,0.193,0.193,0.193,0.193,0.193,0,1,1
441,1,1,1,0.365,0.365,0.365,0.365,0.365,1,0.348,0.348,0.348,0.348,0.348,0.001,1,1
442,1,1,1,0.503,0.503,0.503,0.503,0.503,1,0.458,0.458,0.458,0.458,0.458,0,1,1
443,1,1,1,0.562,0.562,0.562,0.562,0.562,1,0.531,0.531,0.531,0.531,0.531,0,1,1
444,1,1,1,0.548,0.548,0.548,0.548,0.548,1,0.556,0.556,0.556,0.556,0.556,0,1,1
445,1,1,1,0.495,0.495,0.495,0.495,0.495,1,0.526,0.526,0.526,0.526,0.526,0,1,1
446,1,1,1,0.375,0.375,0.375,0.375,0.375,1,0.444,0.444,0.444,0.444,0.444,0,1,1
447,1,1,1,0.251,0.251,0.251,0.251,0.251,1,0.3,0.3,0.3,0.3,0.3,0,1,1
448,1,1,1,0.116,0.116,0.116,0.116,0.116,1,0.161,0.161,0.161,0.161,0.161,0,1,1
449,1,1,1,0.011,0.011,0.011,0.011,0.011,1,0.041,0.041,0.041,0.041,0.041,0,1,1
450,1,1,1,0,0,0,0,0,1,0,0,0,0,0,0,1,1
451,1,1,1,0,0,0,0,0,1,0,0,0,0,0,0.003,1,1
452,1,1,1,0,0,0,0,0,1,0,0,0,0,0,0.01,1,1
453,1,1,1,0,0,0,0,0,1,0,0,0,0,0,0.01,1,1
454,1,1,1,0,0,0,0,0,1,0,0,0,0,0,0.004,1,1
455,1,1,1,0,0,0,0,0,1,0,0,0,0,0,0.004,1,1
456,1,1,1,0,0,0,0,0,1,0,0,0,0,0,0.011,1,1
457,1,1,1,0,0,0,0,0,1,0,0,0,0,0,0.011,1,1
458,1,1,1,0,0,0,0,0,1,0,0,0,0,0,0.008,1,1
459,1,1,1,0,0,0,0,0,1,0,0,0,0,0,0.006,1,1
460,1,1,1,0,0,0,0,0,1,0,0,0,0,0,0.005,1,1
461,1,1,1,0,0,0,0,0,1,0,0,0,0,0,0.005,1,1
462,1,1,1,0.018,0.018,0.018,0.018,0.018,1,0.007,0.007,0.007,0.007,0.007,0.003,1,1
463,1,1,1,0.089,0.089,0.089,0.089,0.089,1,0.049,0.049,0.049,0.049,0.049,0.003,1,1
464,1,1,1,0.183,0.183,0.183,0.183,0.183,1,0.088,0.088,0.088,0.088,0.088,0.003,1,1
465,1,1,1,0.26,0.26,0.26,0.26,0.26,1,0.118,0.118,0.118,0.118,0.118,0.003,1,1
466,1,1,1,0.307,0.307,0.307,0.307,0.307,1,0.135,0.135,0.135,0.135,0.135,0.004,1,1
467,1,1,1,0.352,0.352,0.352,0.352,0.352,1,0.152,0.152,0.152,0.152,0.152,0.008,1,1
468,1,1,1,0.314,0.314,0.314,0.314,0.314,1,0.164,0.164,0.164,0.164,0.164,0.011,1,1
469,1,1,1,0.255,0.255,0.255,0.255,0.255,1,0.162,0.162,0.162,0.162,0.162,0.012,1,1
470,1,1,1,0.168,0.168,0.168,0.168,0.168,1,0.145,0.145,0.145,0.145,0.145,0.012,1,1
471,1,1,1,0.102,0.102,0.102,0.102,0.102,1,0.115,0.115,0.115,0.115,0.115,0.008,1,1
472,1,1,1,0.045,0.045,0.045,0.045,0.045,1,0.061,0.061,0.061,0.061,0.061,0.007,1,1
473,1,1,1,0.004,0.004,0.004,0.004,0.004,1,0.015,0.015,0.015,0.015,0.015,0.014,1,1
474,1,1,1,0,0,0,0,0,1,0,0,0,0,0,0.043,1,1
475,1,1,1,0,0,0,0,0,1,0,0,0,0,0,0.065,1,1
476,1,1,1,0,0,0,0,0,1,0,0,0,0,0,0.074,1,1
477,1,1,1,0,0,0,0,0,1,0,0,0,0,0,0.06,1,1
478,1,1,1,0,0,0,0,0,1,0,0,0,0,0,0.042,1,1
479,1,1,1,0,0,0,0,0,1,0,0,0,0,0,0.024,1,1
480,1,1,1,0,0,0,0,0,1,0,0,0,0,0,0.017,1,1
481,1,1,1,0,0,0,0,0,1,0,0,0,0,0,0.018,1,1
482,1,1,1,0,0,0,0,0,1,0,0,0,0,0,0.016,1,1
483,1,1,1,0,0,0,0,0,1,0,0,0,0,0,0.011,1,1
484,1,1,1,0,0,0,0,0,1,0,0,0,0,0,0.008,1,1
485,1,1,1,0,0,0,0,0,1,0,0,0,0,0,0.008,1,1
486,1,1,1,0.031,0.031,0.031,0.031,0.031,1,0.012,0.012,0.012,0.012,0.012,0.009,1,1
487,1,1,1,0.115,0.115,0.115,0.115,0.115,1,0.081,0.081,0.081,0.081,0.081,0.005,1,1
488,1,1,1,0.257,0.257,0.257,0.257,0.257,1,0.184,0.184,0.184,0.184,0.184,0,1,1
489,1,1,1,0.393,0.393,0.393,0.393,0.393,1,0.303,0.303,0.303,0.303,0.303,0.001,1,1
490,1,1,1,0.472,0.472,0.472,0.472,0.472,1,0.412,0.412,0.412,0.412,0.412,0.001,1,1
491,1,1,1,0.51,0.51,0.51,0.51,0.51,1,0.465,0.465,0.465,0.465,0.465,0.001,1,1
492,1,1,1,0.482,0.482,0.482,0.482,0.482,1,0.479,0.479,0.479,0.479,0.479,0.004,1,1
493,1,1,1,0.428,0.428,0.428,0.428,0.428,1,0.407,0.407,0.407,0.407,0.407,0.006,1,1
494,1,1,1,0.334,0.334,0.334,0.334,0.334,1,0.245,0.245,0.245,0.245,0.245,0.004,1,1
495,1,1,1,0.213,0.213,0.213,0.213,0.213,1,0.129,0.129,0.129,0.129,0.129,0.001,1,1
496,1,1,1,0.104,0.104,0.104,0.104,0.104,1,0.056,0.056,0.056,0.056,0.056,0,1,1
497,1,1,1,0.014,0.014,0.014,0.014,0.014,1,0.01,0.01,0.01,0.01,0.01,0.005,1,1
498,1,1,1,0,0,0,0,0,1,0,0,0,0,0,0.021,1,1
499,1,1,1,0,0,0,0,0,1,0,0,0,0,0,0.042,1,1
500,1,1,1,0,0,0,0,0,1,0,0,0,0,0,0.046,1,1
501,1,1,1,0,0,0,0,0,1,0,0,0,0,0,0.045,1,1
502,1,1,1,0,0,0,0,0,1,0,0,0,0,0,0.037,1,1
503,1,1,1,0,0,0,0,0,1,0,0,0,0,0,0.032,1,1
504,1,1,1,0,0,0,0,0,1,0,0,0,0,0,0.02,1,1
505,1,1,1,0,0,0,0,0,1,0,0,0,0,0,0.014,1,1
506,1,1,1,0,0,0,0,0,1,0,0,0,0,0,0.016,1,1
507,1,1,1,0,0,0,0,0,1,0,0,0,0,0,0.017,1,1
508,1,1,1,0,0,0,0,0,1,0,0,0,0,0,0.015,1,1
509,1,1,1,0,0,0,0,0,1,0,0,0,0,0,0.012,1,1
510,1,1,1,0.029,0.029,0.029,0.029,0.029,1,0.011,0.011,0.011,0.011,0.011,0.013,1,1
511,1,1,1,0.106,0.106,0.106,0.106,0.106,1,0.065,0.065,0.065,0.065,0.065,0.004,1,1
512,1,1,1,0.188,0.188,0.188,0.188,0.188,1,0.141,0.141,0.141,0.141,0.141,0.001,1,1
513,1,1,1,0.238,0.238,0.238,0.238,0.238,1,0.227,0.227,0.227,0.227,0.227,0.002,1,1
514,1,1,1,0.312,0.312,0.312,0.312,0.312,1,0.277,0.277,0.277,0.277,0.277,0.006,1,1
515,1,1,1,0.342,0.342,0.342,0.342,0.342,1,0.299,0.299,0.299,0.299,0.299,0.011,1,1
516,1,1,1,0.35,0.35,0.35,0.35,0.35,1,0.283,0.283,0.283,0.283,0.283,0.012,1,1
517,1,1,1,0.327,0.327,0.327,0.327,0.327,1,0.215,0.215,0.215,0.215,0.215,0.005,1,1
518,1,1,1,0.223,0.223,0.223,0.223,0.223,1,0.169,0.169,0.169,0.169,0.169,0.002,1,1
519,1,1,1,0.115,0.115,0.115,0.115,0.115,1,0.13,0.13,0.13,0.13,0.13,0.001,1,1
520,1,1,1,0.044,0.044,0.044,0.044,0.044,1,0.087,0.087,0.087,0.087,0.087,0,1,1
521,1,1,1,0.004,0.004,0.004,0.004,0.004,1,0.025,0.025,0.025,0.025,0.025,0,1,1
522,1,1,1,0,0,0,0,0,1,0,0,0,0,0,0.004,1,1
523,1,1,1,0,0,0,0,0,1,0,0,0,0,0,0.019,1,1
524,1,1,1,0,0,0,0,0,1,0,0,0,0,0,0.029,1,1
525,1,1,1,0,0,0,0,0,1,0,0,0,0,0,0.02,1,1
526,1,1,1,0,0,0,0,0,1,0,0,0,0,0,0.017,1,1
527,1,1,1,0,0,0,0,0,1,0,0,0,0,0,0.02,1,1
528,1,1,1,0,0,0,0,0,1,0,0,0,0,0,0.032,1,1
529,1,1,1,0,0,0,0,0,1,0,0,0,0,0,0.037,1,1
530,1,1,1,0,0,0,0,0,1,0,0,0,0,0,0.031,1,1
531,1,1,1,0,0,0,0,0,1,0,0,0,0,0,0.012,1,1
532,1,1,1,0,0,0,0,0,1,0,0,0,0,0,0.003,1,1
533,1,1,1,0,0,0,0,0,1,0,0,0,0,0,0.001,1,1
534,1,1,1,0.018,0.018,0.018,0.018,0.018,1,0.027,0.027,0.027,0.027,0.027,0.001,1,1
535,1,1,1,0.06,0.06,0.06,0.06,0.06,1,0.147,0.147,0.147,0.147,0.147,0,1,1
536,1,1,1,0.121,0.121,0.121,0.121,0.121,1,0.273,0.273,0.273,0.273,0.273,0.001,1,1
537,1,1,1,0.199,0.199,0.199,0.199,0.199,1,0.362,0.362,0.362,0.362,0.362,0.001,1,1
538,1,1,1,0.265,0.265,0.265,0.265,0.265,1,0.423,0.423,0.423,0.423,0.423,0,1,1
539,1,1,1,0.317,0.317,0.317,0.317,0.317,1,0.452,0.452,0.452,0.452,0.452,0,1,1
540,1,1,1,0.324,0.324,0.324,0.324,0.324,1,0.456,0.456,0.456,0.456,0.456,0,1,1
541,1,1,1,0.295,0.295,0.295,0.295,0.295,1,0.438,0.438,0.438,0.438,0.438,0,1,1
542,1,1,1,0.208,0.208,0.208,0.208,0.208,1,0.362,0.362,0.362,0.362,0.362,0,1,1
543,1,1,1,0.136,0.136,0.136,0.136,0.136,1,0.266,0.266,0.266,0.266,0.266,0.002,1,1
544,1,1,1,0.064,0.064,0.064,0.064,0.064,1,0.14,0.14,0.14,0.14,0.14,0.002,1,1
545,1,1,1,0.008,0.008,0.008,0.008,0.008,1,0.03,0.03,0.03,0.03,0.03,0.004,1,1
546,1,1,1,0,0,0,0,0,1,0,0,0,0,0,0.03,1,1
547,1,1,1,0,0,0,0,0,1,0,0,0,0,0,0.039,1,1
548,1,1,1,0,0,0,0,0,1,0,0,0,0,0,0.006,1,1
549,1,1,1,0,0,0,0,0,1,0,0,0,0,0,0.003,1,1
550,1,1,1,0,0,0,0,0,1,0,0,0,0,0,0.01,1,1
551,1,1,1,0,0,0,0,0,1,0,0,0,0,0,0.021,1,1
552,1,1,1,0,0,0,0,0,1,0,0,0,0,0,0.021,1,1
553,1,1,1,0,0,0,0,0,1,0,0,0,0,0,0.017,1,1
554,1,1,1,0,0,0,0,0,1,0,0,0,0,0,0.017,1,1
555,1,1,1,0,0,0,0,0,1,0,0,0,0,0,0.022,1,1
556,1,1,1,0,0,0,0,0,1,0,0,0,0,0,0.03,1,1
557,1,1,1,0,0,0,0,0,1,0,0,0,0,0,0.041,1,1
558,1,1,1,0.026,0.026,0.026,0.026,0.026,1,0.012,0.012,0.012,0.012,0.012,0.046,1,1
559,1,1,1,0.098,0.098,0.098,0.098,0.098,1,0.096,0.096,0.096,0.096,0.096,0.019,1,1
560,1,1,1,0.184,0.184,0.184,0.184,0.184,1,0.202,0.202,0.202,0.202,0.202,0.005,1,1
561,1,1,1,0.276,0.276,0.276,0.276,0.276,1,0.3,0.3,0.3,0.3,0.3,0.004,1,1
562,1,1,1,0.405,0.405,0.405,0.405,0.405,1,0.326,0.326,0.326,0.326,0.326,0.004,1,1
563,1,1,1,0.494,0.494,0.494,0.494,0.494,1,0.361,0.361,0.361,0.361,0.361,0.003,1,1
564,1,1,1,0.479,0.479,0.479,0.479,0.479,1,0.383,0.383,0.383,0.383,0.383,0.002,1,1
565,1,1,1,0.406,0.406,0.406,0.406,0.406,1,0.382,0.382,0.382,0.382,0.382,0,1,1
566,1,1,1,0.302,0.302,0.302,0.302,0.302,1,0.34,0.34,0.34,0.34,0.34,0,1,1
567,1,1,1,0.202,0.202,0.202,0.202,0.202,1,0.26,0.26,0.26,0.26,0.26,0,1,1
568,1,1,1,0.089,0.089,0.089,0.089,0.089,1,0.144,0.144,0.144,0.144,0.144,0,1,1
569,1,1,1,0.011,0.011,0.011,0.011,0.011,1,0.036,0.036,0.036,0.036,0.036,0,1,1
570,1,1,1,0,0,0,0,0,1,0,0,0,0,0,0,1,1
571,1,1,1,0,0,0,0,0,1,0,0,0,0,0,0,1,1
572,1,1,1,0,0,0,0,0,1,0,0,0,0,0,0,1,1
573,1,1,1,0,0,0,0,0,1,0,0,0,0,0,0.005,1,1
574,1,1,1,0,0,0,0,0,1,0,0,0,0,0,0.018,1,1
575,1,1,1,0,0,0,0,0,1,0,0,0,0,0,0.031,1,1
576,1,1,1,0,0,0,0,0,1,0,0,0,0,0,0.038,1,1
577,1,1,1,0,0,0,0,0,1,0,0,0,0,0,0.032,1,1
578,1,1,1,0,0,0,0,0,1,0,0,0,0,0,0.022,1,1
579,1,1,1,0,0,0,0,0,1,0,0,0,0,0,0.013,1,1
580,1,1,1,0,0,0,0,0,1,0,0,0,0,0,0.012,1,1
581,1,1,1,0,0,0,0,0,1,0,0,0,0,0,0.015,1,1
582,1,1,1,0.046,0.046,0.046,0.046,0.046,1,0.027,0.027,0.027,0.027,0.027,0.012,1,1
583,1,1,1,0.151,0.151,0.151,0.151,0.151,1,0.149,0.149,0.149,0.149,0.149,0.001,1,1
584,1,1,1,0.277,0.277,0.277,0.277,0.277,1,0.285,0.285,0.285,0.285,0.285,0.001,1,1
585,1,1,1,0.372,0.372,0.372,0.372,0.372,1,0.401,0.401,0.401,0.401,0.401,0.002,1,1
586,1,1,1,0.422,0.422,0.422,0.422,0.422,1,0.468,0.468,0.468,0.468,0.468,0.002,1,1
587,1,1,1,0.439,0.439,0.439,0.439,0.439,1,0.502,0.502,0.502,0.502,0.502,0.002,1,1
588,1,1,1,0.415,0.415,0.415,0.415,0.415,1,0.501,0.501,0.501,0.501,0.501,0.004,1,1
589,1,1,1,0.372,0.372,0.372,0.372,0.372,1,0.467,0.467,0.467,0.467,0.467,0.006,1,1
590,1,1,1,0.285,0.285,0.285,0.285,0.285,1,0.372,0.372,0.372,0.372,0.372,0.005,1,1
591,1,1,1,0.187,0.187,0.187,0.187,0.187,1,0.248,0.248,0.248,0.248,0.248,0.002,1,1
592,1,1,1,0.088,0.088,0.088,0.088,0.088,1,0.106,0.106,0.106,0.106,0.106,0.001,1,1
593,1,1,1,0.009,0.009,0.009,0.009,0.009,1,0.02,0.02,0.02,0.02,0.02,0.006,1,1
594,1,1,1,0,0,0,0,0,1,0,0,0,0,0,0.031,1,1
595,1,1,1,0,0,0,0,0,1,0,0,0,0,0,0.059,1,1
596,1,1,1,0,0,0,0,0,1,0,0,0,0,0,0.058,1,1
597,1,1,1,0,0,0,0,0,1,0,0,0,0,0,0.041,1,1
598,1,1,1,0,0,0,0,0,1,0,0,0,0,0,0.036,1,1
599,1,1,1,0,0,0,0,0,1,0,0,0,0,0,0.045,1,1
600,1,1,1,0,0,0,0,0,1,0,0,0,0,0,0.053,1,1
601,1,1,1,0,0,0,0,0,1,0,0,0,0,0,0.063,1,1
602,1,1,1,0,0,0,0,0,1,0,0,0,0,0,0.051,1,1
603,1,1,1,0,0,0,0,0,1,0,0,0,0,0,0.049,1,1
604,1,1,1,0,0,0,0,0,1,0,0,0,0,0,0.047,1,1
605,1,1,1,0,0,0,0,0,1,0,0,0,0,0,0.048,1,1
606,1,1,1,0.031,0.031,0.031,0.031,0.031,1,0.017,0.017,0.017,0.017,0.017,0.045,1,1
607,1,1,1,0.081,0.081,0.081,0.081,0.081,1,0.11,0.11,0.11,0.11,0.11,0.004,1,1
608,1,1,1,0.13,0.13,0.13,0.13,0.13,1,0.217,0.217,0.217,0.217,0.217,0,1,1
609,1,1,1,0.164,0.164,0.164,0.164,0.164,1,0.3,0.3,0.3,0.3,0.3,0.001,1,1
610,1,1,1,0.181,0.181,0.181,0.181,0.181,1,0.365,0.365,0.365,0.365,0.365,0,1,1
611,1,1,1,0.2,0.2,0.2,0.2,0.2,1,0.397,0.397,0.397,0.397,0.397,0,1,1
612,1,1,1,0.215,0.215,0.215,0.215,0.215,1,0.396,0.396,0.396,0.396,0.396,0.001,1,1
613,1,1,1,0.193,0.193,0.193,0.193,0.193,1,0.36,0.36,0.36,0.36,0.36,0.001,1,1
614,1,1,1,0.161,0.161,0.161,0.161,0.161,1,0.289,0.289,0.289,0.289,0.289,0.002,1,1
615,1,1,1,0.107,0.107,0.107,0.107,0.107,1,0.208,0.208,0.208,0.208,0.208,0.001,1,1
616,1,1,1,0.049,0.049,0.049,0.049,0.049,1,0.108,0.108,0.108,0.108,0.108,0,1,1
617,1,1,1,0.004,0.004,0.004,0.004,0.004,1,0.026,0.026,0.026,0.026,0.026,0,1,1
618,1,1,1,0,0,0,0,0,1,0,0,0,0,0,0.002,1,1
619,1,1,1,0,0,0,0,0,1,0,0,0,0,0,0.008,1,1
620,1,1,1,0,0,0,0,0,1,0,0,0,0,0,0.019,1,1
621,1,1,1,0,0,0,0,0,1,0,0,0,0,0,0.035,1,1
622,1,1,1,0,0,0,0,0,1,0,0,0,0,0,0.054,1,1
623,1,1,1,0,0,0,0,0,1,0,0,0,0,0,0.064,1,1
624,1,1,1,0,0,0,0,0,1,0,0,0,0,0,0.057,1,1
625,1,1,1,0,0,0,0,0,1,0,0,0,0,0,0.048,1,1
626,1,1,1,0,0,0,0,0,1,0,0,0,0,0,0.04,1,1
627,1,1,1,0,0,0,0,0,1,0,0,0,0,0,0.033,1,1
628,1,1,1,0,0,0,0,0,1,0,0,0,0,0,0.03,1,1
629,1,1,1,0,0,0,0,0,1,0,0,0,0,0,0.031,1,1
630,1,1,1,0.059,0.059,0.059,0.059,0.059,1,0.024,0.024,0.024,0.024,0.024,0.032,1,1
631,1,1,1,0.178,0.178,0.178,0.178,0.178,1,0.14,0.14,0.14,0.14,0.14,0.003,1,1
632,1,1,1,0.324,0.324,0.324,0.324,0.324,1,0.273,0.273,0.273,0.273,0.273,0.001,1,1
633,1,1,1,0.427,0.427,0.427,0.427,0.427,1,0.388,0.388,0.388,0.388,0.388,0.003,1,1
634,1,1,1,0.45,0.45,0.45,0.45,0.45,1,0.47,0.47,0.47,0.47,0.47,0.006,1,1
635,1,1,1,0.404,0.404,0.404,0.404,0.404,1,0.52,0.52,0.52,0.52,0.52,0.012,1,1
636,1,1,1,0.362,0.362,0.362,0.362,0.362,1,0.527,0.527,0.527,0.527,0.527,0.017,1,1
637,1,1,1,0.295,0.295,0.295,0.295,0.295,1,0.482,0.482,0.482,0.482,0.482,0.02,1,1
638,1,1,1,0.231,0.231,0.231,0.231,0.231,1,0.387,0.387,0.387,0.387,0.387,0.013,1,1
639,1,1,1,0.135,0.135,0.135,0.135,0.135,1,0.281,0.281,0.281,0.281,0.281,0.004,1,1
640,1,1,1,0.063,0.063,0.063,0.063,0.063,1,0.14,0.14,0.14,0.14,0.14,0,1,1
641,1,1,1,0.006,0.006,0.006,0.006,0.006,1,0.029,0.029,0.029,0.029,0.029,0,1,1
642,1,1,1,0,0,0,0,0,1,0,0,0,0,0,0.004,1,1
643,1,1,1,0,0,0,0,0,1,0,0,0,0,0,0.016,1,1
644,1,1,1,0,0,0,0,0,1,0,0,0,0,0,0.029,1,1
645,1,1,1,0,0,0,0,0,1,0,0,0,0,0,0.035,1,1
646,1,1,1,0,0,0,0,0,1,0,0,0,0,0,0.041,1,1
647,1,1,1,0,0,0,0,0,1,0,0,0,0,0,0.045,1,1
648,1,1,1,0,0,0,0,0,1,0,0,0,0,0,0.049,1,1
649,1,1,1,0,0,0,0,0,1,0,0,0,0,0,0.051,1,1
650,1,1,1,0,0,0,0,0,1,0,0,0,0,0,0.051,1,1
651,1,1,1,0,0,0,0,0,1,0,0,0,0,0,0.041,1,1
652,1,1,1,0,0,0,0,0,1,0,0,0,0,0,0.031,1,1
653,1,1,1,0,0,0,0,0,1,0,0,0,0,0,0.03,1,1
654,1,1,1,0.078,0.078,0.078,0.078,0.078,1,0.016,0.016,0.016,0.016,0.016,0.034,1,1
655,1,1,1,0.223,0.223,0.223,0.223,0.223,1,0.102,0.102,0.102,0.102,0.102,0.004,1,1
656,1,1,1,0.368,0.368,0.368,0.368,0.368,1,0.226,0.226,0.226,0.226,0.226,0.003,1,1
657,1,1,1,0.49,0.49,0.49,0.49,0.49,1,0.331,0.331,0.331,0.331,0.331,0.009,1,1
658,1,1,1,0.57,0.57,0.57,0.57,0.57,1,0.425,0.425,0.425,0.425,0.425,0.014,1,1
659,1,1,1,0.601,0.601,0.601,0.601,0.601,1,0.487,0.487,0.487,0.487,0.487,0.016,1,1
660,1,1,1,0.568,0.568,0.568,0.568,0.568,1,0.491,0.491,0.491,0.491,0.491,0.017,1,1
661,1,1,1,0.482,0.482,0.482,0.482,0.482,1,0.456,0.456,0.456,0.456,0.456,0.018,1,1
662,1,1,1,0.382,0.382,0.382,0.382,0.382,1,0.379,0.379,0.379,0.379,0.379,0.011,1,1
663,1,1,1,0.255,0.255,0.255,0.255,0.255,1,0.269,0.269,0.269,0.269,0.269,0.002,1,1
664,1,1,1,0.116,0.116,0.116,0.116,0.116,1,0.147,0.147,0.147,0.147,0.147,0.001,1,1
665,1,1,1,0.013,0.013,0.013,0.013,0.013,1,0.037,0.037,0.037,0.037,0.037,0.002,1,1
666,1,1,1,0,0,0,0,0,1,0,0,0,0,0,0.006,1,1
667,1,1,1,0,0,0,0,0,1,0,0,0,0,0,0.012,1,1
668,1,1,1,0,0,0,0,0,1,0,0,0,0,0,0.014,1,1
669,1,1,1,0,0,0,0,0,1,0,0,0,0,0,0.019,1,1
670,1,1,1,0,0,0,0,0,1,0,0,0,0,0,0.034,1,1
671,1,1,1,0,0,0,0,0,1,0,0,0,0,0,0.054,1,1
672,1,1,1,0,0,0,0,0,1,0,0,0,0,0,0.058,1,1
673,1,1,1,0,0,0,0,0,1,0,0,0,0,0,0.047,1,1
674,1,1,1,0,0,0,0,0,1,0,0,0,0,0,0.048,1,1
675,1,1,1,0,0,0,0,0,1,0,0,0,0,0,0.038,1,1
676,1,1,1,0,0,0,0,0,1,0,0,0,0,0,0.025,1,1
677,1,1,1,0,0,0,0,0,1,0,0,0,0,0,0.022,1,1
678,1,1,1,0.038,0.038,0.038,0.038,0.038,1,0.008,0.008,0.008,0.008,0.008,0.011,1,1
679,1,1,1,0.145,0.145,0.145,0.145,0.145,1,0.064,0.064,0.064,0.064,0.064,0.002,1,1
680,1,1,1,0.288,0.288,0.288,0.288,0.288,1,0.135,0.135,0.135,0.135,0.135,0,1,1
681,1,1,1,0.42,0.42,0.42,0.42,0.42,1,0.198,0.198,0.198,0.198,0.198,0.001,1,1
682,1,1,1,0.46,0.46,0.46,0.46,0.46,1,0.269,0.269,0.269,0.269,0.269,0.004,1,1
683,1,1,1,0.475,0.475,0.475,0.475,0.475,1,0.332,0.332,0.332,0.332,0.332,0.006,1,1
684,1,1,1,0.454,0.454,0.454,0.454,0.454,1,0.395,0.395,0.395,0.395,0.395,0.013,1,1
685,1,1,1,0.397,0.397,0.397,0.397,0.397,1,0.417,0.417,0.417,0.417,0.417,0.018,1,1
686,1,1,1,0.26,0.26,0.26,0.26,0.26,1,0.38,0.38,0.38,0.38,0.38,0.018,1,1
687,1,1,1,0.161,0.161,0.161,0.161,0.161,1,0.277,0.277,0.277,0.277,0.277,0.012,1,1
688,1,1,1,0.074,0.074,0.074,0.074,0.074,1,0.148,0.148,0.148,0.148,0.148,0.003,1,1
689,1,1,1,0.007,0.007,0.007,0.007,0.007,1,0.032,0.032,0.032,0.032,0.032,0.002,1,1
690,1,1,1,0,0,0,0,0,1,0,0,0,0,0,0.018,1,1
691,1,1,1,0,0,0,0,0,1,0,0,0,0,0,0.036,1,1
692,1,1,1,0,0,0,0,0,1,0,0,0,0,0,0.041,1,1
693,1,1,1,0,0,0,0,0,1,0,0,0,0,0,0.047,1,1
694,1,1,1,0,0,0,0,0,1,0,0,0,0,0,0.046,1,1
695,1,1,1,0,0,0,0,0,1,0,0,0,0,0,0.044,1,1
696,1,1,1,0,0,0,0,0,1,0,0,0,0,0,0.031,1,1
697,1,1,1,0,0,0,0,0,1,0,0,0,0,0,0.023,1,1
698,1,1,1,0,0,0,0,0,1,0,0,0,0,0,0.02,1,1
699,1,1,1,0,0,0,0,0,1,0,0,0,0,0,0.02,1,1
700,1,1,1,0,0,0,0,0,1,0,0,0,0,0,0.017,1,1
701,1,1,1,0,0,0,0,0,1,0,0,0,0,0,0.011,1,1
702,1,1,1,0.035,0.035,0.035,0.035,0.035,1,0.013,0.013,0.013,0.013,0.013,0.009,1,1
703,1,1,1,0.12,0.12,0.12,0.12,0.12,1,0.097,0.097,0.097,0.097,0.097,0.002,1,1
704,1,1,1,0.211,0.211,0.211,0.211,0.211,1,0.219,0.219,0.219,0.219,0.219,0,1,1
705,1,1,1,0.287,0.287,0.287,0.287,0.287,1,0.332,0.332,0.332,0.332,0.332,0.001,1,1
706,1,1,1,0.349,0.349,0.349,0.349,0.349,1,0.418,0.418,0.418,0.418,0.418,0.003,1,1
707,1,1,1,0.349,0.349,0.349,0.349,0.349,1,0.48,0.48,0.48,0.48,0.48,0.003,1,1
708,1,1,1,0.331,0.331,0.331,0.331,0.331,1,0.498,0.498,0.498,0.498,0.498,0.005,1,1
709,1,1,1,0.271,0.271,0.271,0.271,0.271,1,0.45,0.45,0.45,0.45,0.45,0.008,1,1
710,1,1,1,0.185,0.185,0.185,0.185,0.185,1,0.344,0.344,0.344,0.344,0.344,0.007,1,1
711,1,1,1,0.112,0.112,0.112,0.112,0.112,1,0.214,0.214,0.214,0.214,0.214,0.001,1,1
712,1,1,1,0.048,0.048,0.048,0.048,0.048,1,0.098,0.098,0.098,0.098,0.098,0,1,1
713,1,1,1,0.003,0.003,0.003,0.003,0.003,1,0.02,0.02,0.02,0.02,0.02,0,1,1
714,1,1,1,0,0,0,0,0,1,0,0,0,0,0,0,1,1
715,1,1,1,0,0,0,0,0,1,0,0,0,0,0,0,1,1
716,1,1,1,0,0,0,0,0,1,0,0,0,0,0,0,1,1
717,1,1,1,0,0,0,0,0,1,0,0,0,0,0,0,1,1
718,1,1,1,0,0,0,0,0,1,0,0,0,0,0,0,1,1
719,1,1,1,0,0,0,0,0,1,0,0,0,0,0,0,1,1
720,1,1,1,0,0,0,0,0,1,0,0,0,0,0,0,1,1
721,1,1,1,0,0,0,0,0,1,0,0,0,0,0,0,1,1
722,1,1,1,0,0,0,0,0,1,0,0,0,0,0,0,1,1
723,1,1,1,0,0,0,0,0,1,0,0,0,0,0,0,1,1
724,1,1,1,0,0,0,0,0,1,0,0,0,0,0,0,1,1
725,1,1,1,0,0,0,0,0,1,0,0,0,0,0,0,1,1
726,1,1,1,0.037,0.037,0.037,0.037,0.037,1,0.021,0.021,0.021,0.021,0.021,0,1,1
727,1,1,1,0.109,0.109,0.109,0.109,0.109,1,0.15,0.15,0.15,0.15,0.15,0,1,1
728,1,1,1,0.165,0.165,0.165,0.165,0.165,1,0.321,0.321,0.321,0.321,0.321,0,1,1
729,1,1,1,0.222,0.222,0.222,0.222,0.222,1,0.465,0.465,0.465,0.465,0.465,0.001,1,1
730,1,1,1,0.299,0.299,0.299,0.299,0.299,1,0.56,0.56,0.56,0.56,0.56,0.002,1,1
731,1,1,1,0.398,0.398,0.398,0.398,0.398,1,0.586,0.586,0.586,0.586,0.586,0.005,1,1
732,1,1,1,0.47,0.47,0.47,0.47,0.47,1,0.571,0.571,0.571,0.571,0.571,0.01,1,1
733,1,1,1,0.43,0.43,0.43,0.43,0.43,1,0.527,0.527,0.527,0.527,0.527,0.015,1,1
734,1,1,1,0.324,0.324,0.324,0.324,0.324,1,0.449,0.449,0.449,0.449,0.449,0.017,1,1
735,1,1,1,0.194,0.194,0.194,0.194,0.194,1,0.337,0.337,0.337,0.337,0.337,0.008,1,1
736,1,1,1,0.079,0.079,0.079,0.079,0.079,1,0.196,0.196,0.196,0.196,0.196,0.001,1,1
737,1,1,1,0.006,0.006,0.006,0.006,0.006,1,0.05,0.05,0.05,0.05,0.05,0,1,1
738,1,1,1,0,0,0,0,0,1,0,0,0,0,0,0.001,1,1
739,1,1,1,0,0,0,0,0,1,0,0,0,0,0,0.002,1,1
740,1,1,1,0,0,0,0,0,1,0,0,0,0,0,0.003,1,1
741,1,1,1,0,0,0,0,0,1,0,0,0,0,0,0.003,1,1
742,1,1,1,0,0,0,0,0,1,0,0,0,0,0,0.004,1,1
743,1,1,1,0,0,0,0,0,1,0,0,0,0,0,0.007,1,1
744,1,1,1,0,0,0,0,0,1,0,0,0,0,0,0.008,1,1
745,1,1,1,0,0,0,0,0,1,0,0,0,0,0,0.007,1,1
746,1,1,1,0,0,0,0,0,1,0,0,0,0,0,0.008,1,1
747,1,1,1,0,0,0,0,0,1,0,0,0,0,0,0.013,1,1
748,1,1,1,0,0,0,0,0,1,0,0,0,0,0,0.017,1,1
749,1,1,1,0,0,0,0,0,1,0,0,0,0,0,0.022,1,1
750,1,1,1,0.076,0.076,0.076,0.076,0.076,1,0.012,0.012,0.012,0.012,0.012,0.027,1,1
751,1,1,1,0.252,0.252,0.252,0.252,0.252,1,0.097,0.097,0.097,0.097,0.097,0.014,1,1
752,1,1,1,0.421,0.421,0.421,0.421,0.421,1,0.222,0.222,0.222,0.222,0.222,0.002,1,1
753,1,1,1,0.549,0.549,0.549,0.549,0.549,1,0.348,0.348,0.348,0.348,0.348,0.013,1,1
754,1,1,1,0.613,0.613,0.613,0.613,0.613,1,0.428,0.428,0.428,0.428,0.428,0.041,1,1
755,1,1,1,0.602,0.602,0.602,0.602,0.602,1,0.474,0.474,0.474,0.474,0.474,0.072,1,1
756,1,1,1,0.525,0.525,0.525,0.525,0.525,1,0.47,0.47,0.47,0.47,0.47,0.084,1,1
757,1,1,1,0.361,0.361,0.361,0.361,0.361,1,0.45,0.45,0.45,0.45,0.45,0.084,1,1
758,1,1,1,0.29,0.29,0.29,0.29,0.29,1,0.393,0.393,0.393,0.393,0.393,0.073,1,1
759,1,1,1,0.201,0.201,0.201,0.201,0.201,1,0.297,0.297,0.297,0.297,0.297,0.043,1,1
760,1,1,1,0.101,0.101,0.101,0.101,0.101,1,0.172,0.172,0.172,0.172,0.172,0.015,1,1
761,1,1,1,0.011,0.011,0.011,0.011,0.011,1,0.047,0.047,0.047,0.047,0.047,0.005,1,1
762,1,1,1,0,0,0,0,0,1,0,0,0,0,0,0.006,1,1
763,1,1,1,0,0,0,0,0,1,0,0,0,0,0,0.01,1,1
764,1,1,1,0,0,0,0,0,1,0,0,0,0,0,0.008,1,1
765,1,1,1,0,0,0,0,0,1,0,0,0,0,0,0.005,1,1
766,1,1,1,0,0,0,0,0,1,0,0,0,0,0,0.004,1,1
767,1,1,1,0,0,0,0,0,1,0,0,0,0,0,0.003,1,1
768,1,1,1,0,0,0,0,0,1,0,0,0,0,0,0.001,1,1
769,1,1,1,0,0,0,0,0,1,0,0,0,0,0,0,1,1
770,1,1,1,0,0,0,0,0,1,0,0,0,0,0,0,1,1
771,1,1,1,0,0,0,0,0,1,0,0,0,0,0,0,1,1
772,1,1,1,0,0,0,0,0,1,0,0,0,0,0,0,1,1
773,1,1,1,0,0,0,0,0,1,0,0,0,0,0,0,1,1
774,1,1,1,0.036,0.036,0.036,0.036,0.036,1,0.012,0.012,0.012,0.012,0.012,0.001,1,1
775,1,1,1,0.141,0.141,0.141,0.141,0.141,1,0.098,0.098,0.098,0.098,0.098,0.001,1,1
776,1,1,1,0.282,0.282,0.282,0.282,0.282,1,0.216,0.216,0.216,0.216,0.216,0,1,1
777,1,1,1,0.386,0.386,0.386,0.386,0.386,1,0.336,0.336,0.336,0.336,0.336,0.003,1,1
778,1,1,1,0.46,0.46,0.46,0.46,0.46,1,0.443,0.443,0.443,0.443,0.443,0.013,1,1
779,1,1,1,0.41,0.41,0.41,0.41,0.41,1,0.504,0.504,0.504,0.504,0.504,0.029,1,1
780,1,1,1,0.379,0.379,0.379,0.379,0.379,1,0.52,0.52,0.52,0.52,0.52,0.037,1,1
781,1,1,1,0.316,0.316,0.316,0.316,0.316,1,0.498,0.498,0.498,0.498,0.498,0.034,1,1
782,1,1,1,0.23,0.23,0.23,0.23,0.23,1,0.43,0.43,0.43,0.43,0.43,0.027,1,1
783,1,1,1,0.144,0.144,0.144,0.144,0.144,1,0.321,0.321,0.321,0.321,0.321,0.013,1,1
784,1,1,1,0.07,0.07,0.07,0.07,0.07,1,0.188,0.188,0.188,0.188,0.188,0.001,1,1
785,1,1,1,0.007,0.007,0.007,0.007,0.007,1,0.047,0.047,0.047,0.047,0.047,0,1,1
786,1,1,1,0,0,0,0,0,1,0,0,0,0,0,0.003,1,1
787,1,1,1,0,0,0,0,0,1,0,0,0,0,0,0.018,1,1
788,1,1,1,0,0,0,0,0,1,0,0,0,0,0,0.045,1,1
789,1,1,1,0,0,0,0,0,1,0,0,0,0,0,0.066,1,1
790,1,1,1,0,0,0,0,0,1,0,0,0,0,0,0.063,1,1
791,1,1,1,0,0,0,0,0,1,0,0,0,0,0,0.054,1,1
792,1,1,1,0,0,0,0,0,1,0,0,0,0,0,0.044,1,1
793,1,1,1,0,0,0,0,0,1,0,0,0,0,0,0.042,1,1
794,1,1,1,0,0,0,0,0,1,0,0,0,0,0,0.047,1,1
795,1,1,1,0,0,0,0,0,1,0,0,0,0,0,0.047,1,1
796,1,1,1,0,0,0,0,0,1,0,0,0,0,0,0.041,1,1
797,1,1,1,0,0,0,0,0,1,0,0,0,0,0,0.03,1,1
798,1,1,1,0.039,0.039,0.039,0.039,0.039,1,0.016,0.016,0.016,0.016,0.016,0.021,1,1
799,1,1,1,0.171,0.171,0.171,0.171,0.171,1,0.107,0.107,0.107,0.107,0.107,0.005,1,1
800,1,1,1,0.341,0.341,0.341,0.341,0.341,1,0.215,0.215,0.215,0.215,0.215,0,1,1
801,1,1,1,0.431,0.431,0.431,0.431,0.431,1,0.304,0.304,0.304,0.304,0.304,0.002,1,1
802,1,1,1,0.521,0.521,0.521,0.521,0.521,1,0.379,0.379,0.379,0.379,0.379,0.008,1,1
803,1,1,1,0.497,0.497,0.497,0.497,0.497,1,0.433,0.433,0.433,0.433,0.433,0.016,1,1
804,1,1,1,0.44,0.44,0.44,0.44,0.44,1,0.452,0.452,0.452,0.452,0.452,0.027,1,1
805,1,1,1,0.367,0.367,0.367,0.367,0.367,1,0.416,0.416,0.416,0.416,0.416,0.038,1,1
806,1,1,1,0.286,0.286,0.286,0.286,0.286,1,0.346,0.346,0.346,0.346,0.346,0.036,1,1
807,1,1,1,0.174,0.174,0.174,0.174,0.174,1,0.231,0.231,0.231,0.231,0.231,0.016,1,1
808,1,1,1,0.075,0.075,0.075,0.075,0.075,1,0.12,0.12,0.12,0.12,0.12,0.008,1,1
809,1,1,1,0.007,0.007,0.007,0.007,0.007,1,0.025,0.025,0.025,0.025,0.025,0.009,1,1
810,1,1,1,0,0,0,0,0,1,0,0,0,0,0,0.035,1,1
811,1,1,1,0,0,0,0,0,1,0,0,0,0,0,0.045,1,1
812,1,1,1,0,0,0,0,0,1,0,0,0,0,0,0.043,1,1
813,1,1,1,0,0,0,0,0,1,0,0,0,0,0,0.025,1,1
814,1,1,1,0,0,0,0,0,1,0,0,0,0,0,0.01,1,1
815,1,1,1,0,0,0,0,0,1,0,0,0,0,0,0.011,1,1
816,1,1,1,0,0,0,0,0,1,0,0,0,0,0,0.018,1,1
817,1,1,1,0,0,0,0,0,1,0,0,0,0,0,0.018,1,1
818,1,1,1,0,0,0,0,0,1,0,0,0,0,0,0.019,1,1
819,1,1,1,0,0,0,0,0,1,0,0,0,0,0,0.014,1,1
820,1,1,1,0,0,0,0,0,1,0,0,0,0,0,0.008,1,1
821,1,1,1,0,0,0,0,0,1,0,0,0,0,0,0.006,1,1
822,1,1,1,0.021,0.021,0.021,0.021,0.021,1,0.021,0.021,0.021,0.021,0.021,0.006,1,1
823,1,1,1,0.09,0.09,0.09,0.09,0.09,1,0.149,0.149,0.149,0.149,0.149,0,1,1
824,1,1,1,0.203,0.203,0.203,0.203,0.203,1,0.308,0.308,0.308,0.308,0.308,0,1,1
825,1,1,1,0.302,0.302,0.302,0.302,0.302,1,0.435,0.435,0.435,0.435,0.435,0,1,1
826,1,1,1,0.361,0.361,0.361,0.361,0.361,1,0.537,0.537,0.537,0.537,0.537,0.001,1,1
827,1,1,1,0.347,0.347,0.347,0.347,0.347,1,0.597,0.597,0.597,0.597,0.597,0.002,1,1
828,1,1,1,0.295,0.295,0.295,0.295,0.295,1,0.61,0.61,0.61,0.61,0.61,0.003,1,1
829,1,1,1,0.229,0.229,0.229,0.229,0.229,1,0.571,0.571,0.571,0.571,0.571,0.008,1,1
830,1,1,1,0.164,0.164,0.164,0.164,0.164,1,0.481,0.481,0.481,0.481,0.481,0.011,1,1
831,1,1,1,0.097,0.097,0.097,0.097,0.097,1,0.351,0.351,0.351,0.351,0.351,0.006,1,1
832,1,1,1,0.038,0.038,0.038,0.038,0.038,1,0.194,0.194,0.194,0.194,0.194,0,1,1
833,1,1,1,0.002,0.002,0.002,0.002,0.002,1,0.046,0.046,0.046,0.046,0.046,0,1,1
834,1,1,1,0,0,0,0,0,1,0,0,0,0,0,0.001,1,1
835,1,1,1,0,0,0,0,0,1,0,0,0,0,0,0.007,1,1
836,1,1,1,0,0,0,0,0,1,0,0,0,0,0,0.016,1,1
837,1,1,1,0,0,0,0,0,1,0,0,0,0,0,0.02,1,1
838,1,1,1,0,0,0,0,0,1,0,0,0,0,0,0.021,1,1
839,1,1,1,0,0,0,0,0,1,0,0,0,0,0,0.025,1,1
840,1,1,1,0,0,0,0,0,1,0,0,0,0,0,0.022,1,1
841,1,1,1,0,0,0,0,0,1,0,0,0,0,0,0.048,1,1
842,1,1,1,0,0,0,0,0,1,0,0,0,0,0,0.047,1,1
843,1,1,1,0,0,0,0,0,1,0,0,0,0,0,0.046,1,1
844,1,1,1,0,0,0,0,0,1,0,0,0,0,0,0.05,1,1
845,1,1,1,0,0,0,0,0,1,0,0,0,0,0,0.057,1,1
846,1,1,1,0.083,0.083,0.083,0.083,0.083,1,0.026,0.026,0.026,0.026,0.026,0.052,1,1
847,1,1,1,0.243,0.243,0.243,0.243,0.243,1,0.149,0.149,0.149,0.149,0.149,0.007,1,1
848,1,1,1,0.403,0.403,0.403,0.403,0.403,1,0.281,0.281,0.281,0.281,0.281,0.008,1,1
849,1,1,1,0.53,0.53,0.53,0.53,0.53,1,0.394,0.394,0.394,0.394,0.394,0.01,1,1
850,1,1,1,0.612,0.612,0.612,0.612,0.612,1,0.482,0.482,0.482,0.482,0.482,0.016,1,1
851,1,1,1,0.643,0.643,0.643,0.643,0.643,1,0.529,0.529,0.529,0.529,0.529,0.026,1,1
852,1,1,1,0.626,0.626,0.626,0.626,0.626,1,0.532,0.532,0.532,0.532,0.532,0.033,1,1
853,1,1,1,0.559,0.559,0.559,0.559,0.559,1,0.477,0.477,0.477,0.477,0.477,0.037,1,1
854,1,1,1,0.444,0.444,0.444,0.444,0.444,1,0.395,0.395,0.395,0.395,0.395,0.028,1,1
855,1,1,1,0.289,0.289,0.289,0.289,0.289,1,0.29,0.29,0.29,0.29,0.29,0.01,1,1
856,1,1,1,0.131,0.131,0.131,0.131,0.131,1,0.166,0.166,0.166,0.166,0.166,0.001,1,1
857,1,1,1,0.017,0.017,0.017,0.017,0.017,1,0.038,0.038,0.038,0.038,0.038,0.002,1,1
858,1,1,1,0,0,0,0,0,1,0,0,0,0,0,0.017,1,1
859,1,1,1,0,0,0,0,0,1,0,0,0,0,0,0.038,1,1
860,1,1,1,0,0,0,0,0,1,0,0,0,0,0,0.054,1,1
861,1,1,1,0,0,0,0,0,1,0,0,0,0,0,0.063,1,1
862,1,1,1,0,0,0,0,0,1,0,0,0,0,0,0.054,1,1
863,1,1,1,0,0,0,0,0,1,0,0,0,0,0,0.049,1,1
864,1,1,1,0,0,0,0,0,1,0,0,0,0,0,0.053,1,1
865,1,1,1,0,0,0,0,0,1,0,0,0,0,0,0.06,1,1
866,1,1,1,0,0,0,0,0,1,0,0,0,0,0,0.055,1,1
867,1,1,1,0,0,0,0,0,1,0,0,0,0,0,0.048,1,1
868,1,1,1,0,0,0,0,0,1,0,0,0,0,0,0.045,1,1
869,1,1,1,0,0,0,0,0,1,0,0,0,0,0,0.045,1,1
870,1,1,1,0.048,0.048,0.048,0.048,0.048,1,0.029,0.029,0.029,0.029,0.029,0.051,1,1
871,1,1,1,0.168,0.168,0.168,0.168,0.168,1,0.157,0.157,0.157,0.157,0.157,0.012,1,1
872,1,1,1,0.346,0.346,0.346,0.346,0.346,1,0.303,0.303,0.303,0.303,0.303,0.026,1,1
873,1,1,1,0.465,0.465,0.465,0.465,0.465,1,0.43,0.43,0.43,0.43,0.43,0.036,1,1
874,1,1,1,0.534,0.534,0.534,0.534,0.534,1,0.524,0.524,0.524,0.524,0.524,0.048,1,1
875,1,1,1,0.548,0.548,0.548,0.548,0.548,1,0.573,0.573,0.573,0.573,0.573,0.066,1,1
876,1,1,1,0.505,0.505,0.505,0.505,0.505,1,0.57,0.57,0.57,0.57,0.57,0.086,1,1
877,1,1,1,0.34,0.34,0.34,0.34,0.34,1,0.526,0.526,0.526,0.526,0.526,0.094,1,1
878,1,1,1,0.241,0.241,0.241,0.241,0.241,1,0.436,0.436,0.436,0.436,0.436,0.076,1,1
879,1,1,1,0.15,0.15,0.15,0.15,0.15,1,0.307,0.307,0.307,0.307,0.307,0.042,1,1
880,1,1,1,0.066,0.066,0.066,0.066,0.066,1,0.161,0.161,0.161,0.161,0.161,0.017,1,1
881,1,1,1,0.006,0.006,0.006,0.006,0.006,1,0.036,0.036,0.036,0.036,0.036,0.021,1,1
882,1,1,1,0,0,0,0,0,1,0,0,0,0,0,0.056,1,1
883,1,1,1,0,0,0,0,0,1,0,0,0,0,0,0.082,1,1
884,1,1,1,0,0,0,0,0,1,0,0,0,0,0,0.073,1,1
885,1,1,1,0,0,0,0,0,1,0,0,0,0,0,0.045,1,1
886,1,1,1,0,0,0,0,0,1,0,0,0,0,0,0.039,1,1
887,1,1,1,0,0,0,0,0,1,0,0,0,0,0,0.037,1,1
888,1,1,1,0,0,0,0,0,1,0,0,0,0,0,0.04,1,1
889,1,1,1,0,0,0,0,0,1,0,0,0,0,0,0.047,1,1
890,1,1,1,0,0,0,0,0,1,0,0,0,0,0,0.061,1,1
891,1,1,1,0,0,0,0,0,1,0,0,0,0,0,0.062,1,1
892,1,1,1,0,0,0,0,0,1,0,0,0,0,0,0.049,1,1
893,1,1,1,0,0,0,0,0,1,0,0,0,0,0,0.041,1,1
894,1,1,1,0.043,0.043,0.043,0.043,0.043,1,0.027,0.027,0.027,0.027,0.027,0.03,1,1
895,1,1,1,0.179,0.179,0.179,0.179,0.179,1,0.153,0.153,0.153,0.153,0.153,0.005,1,1
896,1,1,1,0.342,0.342,0.342,0.342,0.342,1,0.293,0.293,0.293,0.293,0.293,0.006,1,1
897,1,1,1,0.465,0.465,0.465,0.465,0.465,1,0.416,0.416,0.416,0.416,0.416,0.01,1,1
898,1,1,1,0.538,0.538,0.538,0.538,0.538,1,0.503,0.503,0.503,0.503,0.503,0.015,1,1
899,1,1,1,0.57,0.57,0.57,0.57,0.57,1,0.545,0.545,0.545,0.545,0.545,0.026,1,1
900,1,1,1,0.57,0.57,0.57,0.57,0.57,1,0.547,0.547,0.547,0.547,0.547,0.044,1,1
901,1,1,1,0.53,0.53,0.53,0.53,0.53,1,0.511,0.511,0.511,0.511,0.511,0.058,1,1
902,1,1,1,0.436,0.436,0.436,0.436,0.436,1,0.429,0.429,0.429,0.429,0.429,0.05,1,1
903,1,1,1,0.294,0.294,0.294,0.294,0.294,1,0.312,0.312,0.312,0.312,0.312,0.03,1,1
904,1,1,1,0.133,0.133,0.133,0.133,0.133,1,0.175,0.175,0.175,0.175,0.175,0.012,1,1
905,1,1,1,0.017,0.017,0.017,0.017,0.017,1,0.042,0.042,0.042,0.042,0.042,0.01,1,1
906,1,1,1,0,0,0,0,0,1,0,0,0,0,0,0.038,1,1
907,1,1,1,0,0,0,0,0,1,0,0,0,0,0,0.065,1,1
908,1,1,1,0,0,0,0,0,1,0,0,0,0,0,0.067,1,1
909,1,1,1,0,0,0,0,0,1,0,0,0,0,0,0.061,1,1
910,1,1,1,0,0,0,0,0,1,0,0,0,0,0,0.06,1,1
911,1,1,1,0,0,0,0,0,1,0,0,0,0,0,0.067,1,1
912,1,1,1,0,0,0,0,0,1,0,0,0,0,0,0.064,1,1
913,1,1,1,0,0,0,0,0,1,0,0,0,0,0,0.062,1,1
914,1,1,1,0,0,0,0,0,1,0,0,0,0,0,0.075,1,1
915,1,1,1,0,0,0,0,0,1,0,0,0,0,0,0.087,1,1
916,1,1,1,0,0,0,0,0,1,0,0,0,0,0,0.09,1,1
917,1,1,1,0,0,0,0,0,1,0,0,0,0,0,0.083,1,1
918,1,1,1,0.052,0.052,0.052,0.052,0.052,1,0.026,0.026,0.026,0.026,0.026,0.069,1,1
919,1,1,1,0.188,0.188,0.188,0.188,0.188,1,0.14,0.14,0.14,0.14,0.14,0.01,1,1
920,1,1,1,0.357,0.357,0.357,0.357,0.357,1,0.271,0.271,0.271,0.271,0.271,0.012,1,1
921,1,1,1,0.487,0.487,0.487,0.487,0.487,1,0.382,0.382,0.382,0.382,0.382,0.016,1,1
922,1,1,1,0.563,0.563,0.563,0.563,0.563,1,0.463,0.463,0.463,0.463,0.463,0.02,1,1
923,1,1,1,0.583,0.583,0.583,0.583,0.583,1,0.505,0.505,0.505,0.505,0.505,0.026,1,1
924,1,1,1,0.535,0.535,0.535,0.535,0.535,1,0.526,0.526,0.526,0.526,0.526,0.041,1,1
925,1,1,1,0.466,0.466,0.466,0.466,0.466,1,0.485,0.485,0.485,0.485,0.485,0.054,1,1
926,1,1,1,0.334,0.334,0.334,0.334,0.334,1,0.428,0.428,0.428,0.428,0.428,0.056,1,1
927,1,1,1,0.203,0.203,0.203,0.203,0.203,1,0.321,0.321,0.321,0.321,0.321,0.044,1,1
928,1,1,1,0.085,0.085,0.085,0.085,0.085,1,0.177,0.177,0.177,0.177,0.177,0.023,1,1
929,1,1,1,0.008,0.008,0.008,0.008,0.008,1,0.042,0.042,0.042,0.042,0.042,0.02,1,1
930,1,1,1,0,0,0,0,0,1,0,0,0,0,0,0.036,1,1
931,1,1,1,0,0,0,0,0,1,0,0,0,0,0,0.053,1,1
932,1,1,1,0,0,0,0,0,1,0,0,0,0,0,0.056,1,1
933,1,1,1,0,0,0,0,0,1,0,0,0,0,0,0.049,1,1
934,1,1,1,0,0,0,0,0,1,0,0,0,0,0,0.047,1,1
935,1,1,1,0,0,0,0,0,1,0,0,0,0,0,0.05,1,1
936,1,1,1,0,0,0,0,0,1,0,0,0,0,0,0.054,1,1
937,1,1,1,0,0,0,0,0,1,0,0,0,0,0,0.056,1,1
938,1,1,1,0,0,0,0,0,1,0,0,0,0,0,0.057,1,1
939,1,1,1,0,0,0,0,0,1,0,0,0,0,0,0.055,1,1
940,1,1,1,0,0,0,0,0,1,0,0,0,0,0,0.05,1,1
941,1,1,1,0,0,0,0,0,1,0,0,0,0,0,0.042,1,1
942,1,1,1,0.021,0.021,0.021,0.021,0.021,1,0.032,0.032,0.032,0.032,0.032,0.035,1,1
943,1,1,1,0.088,0.088,0.088,0.088,0.088,1,0.165,0.165,0.165,0.165,0.165,0.003,1,1
944,1,1,1,0.164,0.164,0.164,0.164,0.164,1,0.314,0.314,0.314,0.314,0.314,0.009,1,1
945,1,1,1,0.225,0.225,0.225,0.225,0.225,1,0.436,0.436,0.436,0.436,0.436,0.015,1,1
946,1,1,1,0.29,0.29,0.29,0.29,0.29,1,0.527,0.527,0.527,0.527,0.527,0.02,1,1
947,1,1,1,0.364,0.364,0.364,0.364,0.364,1,0.572,0.572,0.572,0.572,0.572,0.026,1,1
948,1,1,1,0.419,0.419,0.419,0.419,0.419,1,0.573,0.573,0.573,0.573,0.573,0.04,1,1
949,1,1,1,0.423,0.423,0.423,0.423,0.423,1,0.514,0.514,0.514,0.514,0.514,0.052,1,1
950,1,1,1,0.353,0.353,0.353,0.353,0.353,1,0.437,0.437,0.437,0.437,0.437,0.052,1,1
951,1,1,1,0.235,0.235,0.235,0.235,0.235,1,0.318,0.318,0.318,0.318,0.318,0.027,1,1
952,1,1,1,0.111,0.111,0.111,0.111,0.111,1,0.173,0.173,0.173,0.173,0.173,0.01,1,1
953,1,1,1,0.013,0.013,0.013,0.013,0.013,1,0.04,0.04,0.04,0.04,0.04,0.009,1,1
954,1,1,1,0,0,0,0,0,1,0,0,0,0,0,0.03,1,1
955,1,1,1,0,0,0,0,0,1,0,0,0,0,0,0.061,1,1
956,1,1,1,0,0,0,0,0,1,0,0,0,0,0,0.069,1,1
957,1,1,1,0,0,0,0,0,1,0,0,0,0,0,0.068,1,1
958,1,1,1,0,0,0,0,0,1,0,0,0,0,0,0.064,1,1
959,1,1,1,0,0,0,0,0,1,0,0,0,0,0,0.065,1,1
960,1,1,1,0,0,0,0,0,1,0,0,0,0,0,0.069,1,1
961,1,1,1,0,0,0,0,0,1,0,0,0,0,0,0.071,1,1
962,1,1,1,0,0,0,0,0,1,0,0,0,0,0,0.066,1,1
963,1,1,1,0,0,0,0,0,1,0,0,0,0,0,0.061,1,1
964,1,1,1,0,0,0,0,0,1,0,0,0,0,0,0.057,1,1
965,1,1,1,0,0,0,0,0,1,0,0,0,0,0,0.051,1,1
966,1,1,1,0.059,0.059,0.059,0.059,0.059,1,0.03,0.03,0.03,0.03,0.03,0.045,1,1
967,1,1,1,0.193,0.193,0.193,0.193,0.193,1,0.158,0.158,0.158,0.158,0.158,0.004,1,1
968,1,1,1,0.316,0.316,0.316,0.316,0.316,1,0.306,0.306,0.306,0.306,0.306,0.002,1,1
969,1,1,1,0.402,0.402,0.402,0.402,0.402,1,0.434,0.434,0.434,0.434,0.434,0.008,1,1
970,1,1,1,0.425,0.425,0.425,0.425,0.425,1,0.524,0.524,0.524,0.524,0.524,0.014,1,1
971,1,1,1,0.423,0.423,0.423,0.423,0.423,1,0.572,0.572,0.572,0.572,0.572,0.017,1,1
972,1,1,1,0.376,0.376,0.376,0.376,0.376,1,0.573,0.573,0.573,0.573,0.573,0.019,1,1
973,1,1,1,0.298,0.298,0.298,0.298,0.298,1,0.532,0.532,0.532,0.532,0.532,0.023,1,1
974,1,1,1,0.197,0.197,0.197,0.197,0.197,1,0.437,0.437,0.437,0.437,0.437,0.021,1,1
975,1,1,1,0.101,0.101,0.101,0.101,0.101,1,0.316,0.316,0.316,0.316,0.316,0.014,1,1
976,1,1,1,0.038,0.038,0.038,0.038,0.038,1,0.17,0.17,0.17,0.17,0.17,0.006,1,1
977,1,1,1,0.002,0.002,0.002,0.002,0.002,1,0.039,0.039,0.039,0.039,0.039,0.005,1,1
978,1,1,1,0,0,0,0,0,1,0,0,0,0,0,0.026,1,1
979,1,1,1,0,0,0,0,0,1,0,0,0,0,0,0.054,1,1
980,1,1,1,0,0,0,0,0,1,0,0,0,0,0,0.068,1,1
981,1,1,1,0,0,0,0,0,1,0,0,0,0,0,0.061,1,1
982,1,1,1,0,0,0,0,0,1,0,0,0,0,0,0.044,1,1
983,1,1,1,0,0,0,0,0,1,0,0,0,0,0,0.039,1,1
984,1,1,1,0,0,0,0,0,1,0,0,0,0,0,0.045,1,1
985,1,1,1,0,0,0,0,0,1,0,0,0,0,0,0.055,1,1
986,1,1,1,0,0,0,0,0,1,0,0,0,0,0,0.059,1,1
987,1,1,1,0,0,0,0,0,1,0,0,0,0,0,0.051,1,1
988,1,1,1,0,0,0,0,0,1,0,0,0,0,0,0.045,1,1
989,1,1,1,0,0,0,0,0,1,0,0,0,0,0,0.041,1,1
990,1,1,1,0.024,0.024,0.024,0.024,0.024,1,0.032,0.032,0.032,0.032,0.032,0.034,1,1
991,1,1,1,0.097,0.097,0.097,0.097,0.097,1,0.161,0.161,0.161,0.161,0.161,0.003,1,1
992,1,1,1,0.171,0.171,0.171,0.171,0.171,1,0.311,0.311,0.311,0.311,0.311,0.001,1,1
993,1,1,1,0.227,0.227,0.227,0.227,0.227,1,0.44,0.44,0.44,0.44,0.44,0.001,1,1
994,1,1,1,0.262,0.262,0.262,0.262,0.262,1,0.531,0.531,0.531,0.531,0.531,0.001,1,1
995,1,1,1,0.303,0.303,0.303,0.303,0.303,1,0.577,0.577,0.577,0.577,0.577,0,1,1
996,1,1,1,0.285,0.285,0.285,0.285,0.285,1,0.578,0.578,0.578,0.578,0.578,0,1,1
997,1,1,1,0.235,0.235,0.235,0.235,0.235,1,0.535,0.535,0.535,0.535,0.535,0,1,1
998,1,1,1,0.171,0.171,0.171,0.171,0.171,1,0.449,0.449,0.449,0.449,0.449,0,1,1
999,1,1,1,0.1,0.1,0.1,0.1,0.1,1,0.319,0.319,0.319,0.319,0.319,0,1,1
1000,1,1,1,0.041,0.041,0.041,0.041,0.041,1,0.172,0.172,0.172,0.172,0.172,0,1,1
1001,1,1,1,0.003,0.003,0.003,0.003,0.003,1,0.04,0.04,0.04,0.04,0.04,0,1,1
1002,1,1,1,0,0,0,0,0,1,0,0,0,0,0,0,1,1
1003,1,1,1,0,0,0,0,0,1,0,0,0,0,0,0,1,1
1004,1,1,1,0,0,0,0,0,1,0,0,0,0,0,0,1,1
1005,1,1,1,0,0,0,0,0,1,0,0,0,0,0,0,1,1
1006,1,1,1,0,0,0,0,0,1,0,0,0,0,0,0,1,1
1007,1,1,1,0,0,0,0,0,1,0,0,0,0,0,0,1,1
1008,1,1,1,0,0,0,0,0,1,0,0,0,0,0,0.001,1,1
1009,1,1,1,0,0,0,0,0,1,0,0,0,0,0,0.087,1,1
1010,1,1,1,0,0,0,0,0,1,0,0,0,0,0,0.074,1,1
1011,1,1,1,0,0,0,0,0,1,0,0,0,0,0,0.069,1,1
1012,1,1,1,0,0,0,0,0,1,0,0,0,0,0,0.063,1,1
1013,1,1,1,0,0,0,0,0,1,0,0,0,0,0,0.052,1,1
1014,1,1,1,0.016,0.016,0.016,0.016,0.016,1,0.017,0.017,0.017,0.017,0.017,0.043,1,1
1015,1,1,1,0.085,0.085,0.085,0.085,0.085,1,0.113,0.113,0.113,0.113,0.113,0.005,1,1
1016,1,1,1,0.177,0.177,0.177,0.177,0.177,1,0.224,0.224,0.224,0.224,0.224,0.001,1,1
1017,1,1,1,0.247,0.247,0.247,0.247,0.247,1,0.327,0.327,0.327,0.327,0.327,0.006,1,1
1018,1,1,1,0.324,0.324,0.324,0.324,0.324,1,0.415,0.415,0.415,0.415,0.415,0.01,1,1
1019,1,1,1,0.332,0.332,0.332,0.332,0.332,1,0.487,0.487,0.487,0.487,0.487,0.011,1,1
1020,1,1,1,0.31,0.31,0.31,0.31,0.31,1,0.526,0.526,0.526,0.526,0.526,0.008,1,1
1021,1,1,1,0.258,0.258,0.258,0.258,0.258,1,0.515,0.515,0.515,0.515,0.515,0.004,1,1
1022,1,1,1,0.196,0.196,0.196,0.196,0.196,1,0.46,0.46,0.46,0.46,0.46,0.002,1,1
1023,1,1,1,0.125,0.125,0.125,0.125,0.125,1,0.324,0.324,0.324,0.324,0.324,0.002,1,1
1024,1,1,1,0.057,0.057,0.057,0.057,0.057,1,0.184,0.184,0.184,0.184,0.184,0.001,1,1
1025,1,1,1,0.004,0.004,0.004,0.004,0.004,1,0.043,0.043,0.043,0.043,0.043,0.003,1,1
1026,1,1,1,0,0,0,0,0,1,0,0,0,0,0,0.011,1,1
1027,1,1,1,0,0,0,0,0,1,0,0,0,0,0,0.017,1,1
1028,1,1,1,0,0,0,0,0,1,0,0,0,0,0,0.021,1,1
1029,1,1,1,0,0,0,0,0,1,0,0,0,0,0,0.019,1,1
1030,1,1,1,0,0,0,0,0,1,0,0,0,0,0,0.02,1,1
1031,1,1,1,0,0,0,0,0,1,0,0,0,0,0,0.021,1,1
1032,1,1,1,0,0,0,0,0,1,0,0,0,0,0,0.021,1,1
1033,1,1,1,0,0,0,0,0,1,0,0,0,0,0,0.025,1,1
1034,1,1,1,0,0,0,0,0,1,0,0,0,0,0,0.03,1,1
1035,1,1,1,0,0,0,0,0,1,0,0,0,0,0,0.031,1,1
1036,1,1,1,0,0,0,0,0,1,0,0,0,0,0,0.035,1,1
1037,1,1,1,0,0,0,0,0,1,0,0,0,0,0,0.037,1,1
1038,1,1,1,0.035,0.035,0.035,0.035,0.035,1,0.021,0.021,0.021,0.021,0.021,0.033,1,1
1039,1,1,1,0.125,0.125,0.125,0.125,0.125,1,0.148,0.148,0.148,0.148,0.148,0.004,1,1
1040,1,1,1,0.232,0.232,0.232,0.232,0.232,1,0.304,0.304,0.304,0.304,0.304,0.018,1,1
1041,1,1,1,0.306,0.306,0.306,0.306,0.306,1,0.437,0.437,0.437,0.437,0.437,0.027,1,1
1042,1,1,1,0.355,0.355,0.355,0.355,0.355,1,0.521,0.521,0.521,0.521,0.521,0.029,1,1
1043,1,1,1,0.354,0.354,0.354,0.354,0.354,1,0.555,0.555,0.555,0.555,0.555,0.03,1,1
1044,1,1,1,0.327,0.327,0.327,0.327,0.327,1,0.549,0.549,0.549,0.549,0.549,0.031,1,1
1045,1,1,1,0.282,0.282,0.282,0.282,0.282,1,0.51,0.51,0.51,0.51,0.51,0.03,1,1
1046,1,1,1,0.23,0.23,0.23,0.23,0.23,1,0.418,0.418,0.418,0.418,0.418,0.022,1,1
1047,1,1,1,0.161,0.161,0.161,0.161,0.161,1,0.28,0.28,0.28,0.28,0.28,0.011,1,1
1048,1,1,1,0.074,0.074,0.074,0.074,0.074,1,0.146,0.146,0.146,0.146,0.146,0.005,1,1
1049,1,1,1,0.006,0.006,0.006,0.006,0.006,1,0.028,0.028,0.028,0.028,0.028,0.011,1,1
1050,1,1,1,0,0,0,0,0,1,0,0,0,0,0,0.034,1,1
1051,1,1,1,0,0,0,0,0,1,0,0,0,0,0,0.054,1,1
1052,1,1,1,0,0,0,0,0,1,0,0,0,0,0,0.049,1,1
1053,1,1,1,0,0,0,0,0,1,0,0,0,0,0,0.041,1,1
1054,1,1,1,0,0,0,0,0,1,0,0,0,0,0,0.041,1,1
1055,1,1,1,0,0,0,0,0,1,0,0,0,0,0,0.04,1,1
1056,1,1,1,0,0,0,0,0,1,0,0,0,0,0,0.038,1,1
1057,1,1,1,0,0,0,0,0,1,0,0,0,0,0,0.035,1,1
1058,1,1,1,0,0,0,0,0,1,0,0,0,0,0,0.036,1,1
1059,1,1,1,0,0,0,0,0,1,0,0,0,0,0,0.039,1,1
1060,1,1,1,0,0,0,0,0,1,0,0,0,0,0,0.042,1,1
1061,1,1,1,0,0,0,0,0,1,0,0,0,0,0,0.045,1,1
1062,1,1,1,0.042,0.042,0.042,0.042,0.042,1,0.017,0.017,0.017,0.017,0.017,0.042,1,1
1063,1,1,1,0.139,0.139,0.139,0.139,0.139,1,0.117,0.117,0.117,0.117,0.117,0.011,1,1
1064,1,1,1,0.228,0.228,0.228,0.228,0.228,1,0.247,0.247,0.247,0.247,0.247,0.043,1,1
1065,1,1,1,0.287,0.287,0.287,0.287,0.287,1,0.382,0.382,0.382,0.382,0.382,0.087,1,1
1066,1,1,1,0.343,0.343,0.343,0.343,0.343,1,0.505,0.505,0.505,0.505,0.505,0.104,1,1
1067,1,1,1,0.374,0.374,0.374,0.374,0.374,1,0.569,0.569,0.569,0.569,0.569,0.102,1,1
1068,1,1,1,0.332,0.332,0.332,0.332,0.332,1,0.598,0.598,0.598,0.598,0.598,0.085,1,1
1069,1,1,1,0.245,0.245,0.245,0.245,0.245,1,0.555,0.555,0.555,0.555,0.555,0.07,1,1
1070,1,1,1,0.164,0.164,0.164,0.164,0.164,1,0.429,0.429,0.429,0.429,0.429,0.053,1,1
1071,1,1,1,0.093,0.093,0.093,0.093,0.093,1,0.308,0.308,0.308,0.308,0.308,0.037,1,1
1072,1,1,1,0.034,0.034,0.034,0.034,0.034,1,0.178,0.178,0.178,0.178,0.178,0.017,1,1
1073,1,1,1,0.001,0.001,0.001,0.001,0.001,1,0.046,0.046,0.046,0.046,0.046,0.018,1,1
1074,1,1,1,0,0,0,0,0,1,0,0,0,0,0,0.036,1,1
1075,1,1,1,0,0,0,0,0,1,0,0,0,0,0,0.049,1,1
1076,1,1,1,0,0,0,0,0,1,0,0,0,0,0,0.057,1,1
1077,1,1,1,0,0,0,0,0,1,0,0,0,0,0,0.039,1,1
1078,1,1,1,0,0,0,0,0,1,0,0,0,0,0,0.027,1,1
1079,1,1,1,0,0,0,0,0,1,0,0,0,0,0,0.022,1,1
1080,1,1,1,0,0,0,0,0,1,0,0,0,0,0,0.019,1,1
1081,1,1,1,0,0,0,0,0,1,0,0,0,0,0,0.016,1,1
1082,1,1,1,0,0,0,0,0,1,0,0,0,0,0,0.017,1,1
1083,1,1,1,0,0,0,0,0,1,0,0,0,0,0,0.023,1,1
1084,1,1,1,0,0,0,0,0,1,0,0,0,0,0,0.028,1,1
1085,1,1,1,0,0,0,0,0,1,0,0,0,0,0,0.032,1,1
1086,1,1,1,0.023,0.023,0.023,0.023,0.023,1,0.012,0.012,0.012,0.012,0.012,0.039,1,1
1087,1,1,1,0.115,0.115,0.115,0.115,0.115,1,0.091,0.091,0.091,0.091,0.091,0.009,1,1
1088,1,1,1,0.242,0.242,0.242,0.242,0.242,1,0.193,0.193,0.193,0.193,0.193,0.025,1,1
1089,1,1,1,0.361,0.361,0.361,0.361,0.361,1,0.305,0.305,0.305,0.305,0.305,0.061,1,1
1090,1,1,1,0.432,0.432,0.432,0.432,0.432,1,0.433,0.433,0.433,0.433,0.433,0.077,1,1
1091,1,1,1,0.404,0.404,0.404,0.404,0.404,1,0.532,0.532,0.532,0.532,0.532,0.084,1,1
1092,1,1,1,0.342,0.342,0.342,0.342,0.342,1,0.537,0.537,0.537,0.537,0.537,0.073,1,1
1093,1,1,1,0.296,0.296,0.296,0.296,0.296,1,0.488,0.488,0.488,0.488,0.488,0.049,1,1
1094,1,1,1,0.207,0.207,0.207,0.207,0.207,1,0.369,0.369,0.369,0.369,0.369,0.024,1,1
1095,1,1,1,0.119,0.119,0.119,0.119,0.119,1,0.251,0.251,0.251,0.251,0.251,0.01,1,1
1096,1,1,1,0.043,0.043,0.043,0.043,0.043,1,0.123,0.123,0.123,0.123,0.123,0.01,1,1
1097,1,1,1,0.002,0.002,0.002,0.002,0.002,1,0.024,0.024,0.024,0.024,0.024,0.029,1,1
1098,1,1,1,0,0,0,0,0,1,0,0,0,0,0,0.064,1,1
1099,1,1,1,0,0,0,0,0,1,0,0,0,0,0,0.073,1,1
1100,1,1,1,0,0,0,0,0,1,0,0,0,0,0,0.07,1,1
1101,1,1,1,0,0,0,0,0,1,0,0,0,0,0,0.067,1,1
1102,1,1,1,0,0,0,0,0,1,0,0,0,0,0,0.054,1,1
1103,1,1,1,0,0,0,0,0,1,0,0,0,0,0,0.054,1,1
1104,1,1,1,0,0,0,0,0,1,0,0,0,0,0,0.051,1,1
1105,1,1,1,0,0,0,0,0,1,0,0,0,0,0,0.051,1,1
1106,1,1,1,0,0,0,0,0,1,0,0,0,0,0,0.046,1,1
1107,1,1,1,0,0,0,0,0,1,0,0,0,0,0,0.057,1,1
1108,1,1,1,0,0,0,0,0,1,0,0,0,0,0,0.046,1,1
1109,1,1,1,0,0,0,0,0,1,0,0,0,0,0,0.032,1,1
1110,1,1,1,0.024,0.024,0.024,0.024,0.024,1,0.017,0.017,0.017,0.017,0.017,0.03,1,1
1111,1,1,1,0.106,0.106,0.106,0.106,0.106,1,0.126,0.126,0.126,0.126,0.126,0.002,1,1
1112,1,1,1,0.256,0.256,0.256,0.256,0.256,1,0.284,0.284,0.284,0.284,0.284,0.003,1,1
1113,1,1,1,0.4,0.4,0.4,0.4,0.4,1,0.43,0.43,0.43,0.43,0.43,0.018,1,1
1114,1,1,1,0.471,0.471,0.471,0.471,0.471,1,0.539,0.539,0.539,0.539,0.539,0.017,1,1
1115,1,1,1,0.474,0.474,0.474,0.474,0.474,1,0.57,0.57,0.57,0.57,0.57,0.005,1,1
1116,1,1,1,0.437,0.437,0.437,0.437,0.437,1,0.563,0.563,0.563,0.563,0.563,0.002,1,1
1117,1,1,1,0.29,0.29,0.29,0.29,0.29,1,0.51,0.51,0.51,0.51,0.51,0.001,1,1
1118,1,1,1,0.228,0.228,0.228,0.228,0.228,1,0.428,0.428,0.428,0.428,0.428,0,1,1
1119,1,1,1,0.157,0.157,0.157,0.157,0.157,1,0.302,0.302,0.302,0.302,0.302,0,1,1
1120,1,1,1,0.076,0.076,0.076,0.076,0.076,1,0.158,0.158,0.158,0.158,0.158,0,1,1
1121,1,1,1,0.007,0.007,0.007,0.007,0.007,1,0.026,0.026,0.026,0.026,0.026,0.001,1,1
1122,1,1,1,0,0,0,0,0,1,0,0,0,0,0,0.013,1,1
1123,1,1,1,0,0,0,0,0,1,0,0,0,0,0,0.02,1,1
1124,1,1,1,0,0,0,0,0,1,0,0,0,0,0,0.016,1,1
1125,1,1,1,0,0,0,0,0,1,0,0,0,0,0,0.029,1,1
1126,1,1,1,0,0,0,0,0,1,0,0,0,0,0,0.032,1,1
1127,1,1,1,0,0,0,0,0,1,0,0,0,0,0,0.033,1,1
1128,1,1,1,0,0,0,0,0,1,0,0,0,0,0,0.031,1,1
1129,1,1,1,0,0,0,0,0,1,0,0,0,0,0,0.031,1,1
1130,1,1,1,0,0,0,0,0,1,0,0,0,0,0,0.03,1,1
1131,1,1,1,0,0,0,0,0,1,0,0,0,0,0,0.033,1,1
1132,1,1,1,0,0,0,0,0,1,0,0,0,0,0,0.036,1,1
1133,1,1,1,0,0,0,0,0,1,0,0,0,0,0,0.044,1,1
1134,1,1,1,0.063,0.063,0.063,0.063,0.063,1,0.021,0.021,0.021,0.021,0.021,0.045,1,1
1135,1,1,1,0.213,0.213,0.213,0.213,0.213,1,0.134,0.134,0.134,0.134,0.134,0.01,1,1
1136,1,1,1,0.373,0.373,0.373,0.373,0.373,1,0.276,0.276,0.276,0.276,0.276,0.009,1,1
1137,1,1,1,0.513,0.513,0.513,0.513,0.513,1,0.407,0.407,0.407,0.407,0.407,0.009,1,1
1138,1,1,1,0.603,0.603,0.603,0.603,0.603,1,0.49,0.49,0.49,0.49,0.49,0.004,1,1
1139,1,1,1,0.608,0.608,0.608,0.608,0.608,1,0.533,0.533,0.533,0.533,0.533,0.001,1,1
1140,1,1,1,0.527,0.527,0.527,0.527,0.527,1,0.536,0.536,0.536,0.536,0.536,0,1,1
1141,1,1,1,0.387,0.387,0.387,0.387,0.387,1,0.505,0.505,0.505,0.505,0.505,0,1,1
1142,1,1,1,0.282,0.282,0.282,0.282,0.282,1,0.417,0.417,0.417,0.417,0.417,0,1,1
1143,1,1,1,0.178,0.178,0.178,0.178,0.178,1,0.26,0.26,0.26,0.26,0.26,0,1,1
1144,1,1,1,0.067,0.067,0.067,0.067,0.067,1,0.114,0.114,0.114,0.114,0.114,0,1,1
1145,1,1,1,0.006,0.006,0.006,0.006,0.006,1,0.023,0.023,0.023,0.023,0.023,0,1,1
1146,1,1,1,0,0,0,0,0,1,0,0,0,0,0,0,1,1
1147,1,1,1,0,0,0,0,0,1,0,0,0,0,0,0,1,1
1148,1,1,1,0,0,0,0,0,1,0,0,0,0,0,0,1,1
1149,1,1,1,0,0,0,0,0,1,0,0,0,0,0,0,1,1
1150,1,1,1,0,0,0,0,0,1,0,0,0,0,0,0,1,1
1151,1,1,1,0,0,0,0,0,1,0,0,0,0,0,0.001,1,1
1152,1,1,1,0,0,0,0,0,1,0,0,0,0,0,0,1,1
1153,1,1,1,0,0,0,0,0,1,0,0,0,0,0,0,1,1
1154,1,1,1,0,0,0,0,0,1,0,0,0,0,0,0.001,1,1
1155,1,1,1,0,0,0,0,0,1,0,0,0,0,0,0.005,1,1
1156,1,1,1,0,0,0,0,0,1,0,0,0,0,0,0.017,1,1
1157,1,1,1,0,0,0,0,0,1,0,0,0,0,0,0.034,1,1
1158,1,1,1,0.052,0.052,0.052,0.052,0.052,1,0.014,0.014,0.014,0.014,0.014,0.032,1,1
1159,1,1,1,0.166,0.166,0.166,0.166,0.166,1,0.094,0.094,0.094,0.094,0.094,0.003,1,1
1160,1,1,1,0.289,0.289,0.289,0.289,0.289,1,0.189,0.189,0.189,0.189,0.189,0,1,1
1161,1,1,1,0.41,0.41,0.41,0.41,0.41,1,0.288,0.288,0.288,0.288,0.288,0.001,1,1
1162,1,1,1,0.473,0.473,0.473,0.473,0.473,1,0.349,0.349,0.349,0.349,0.349,0.001,1,1
1163,1,1,1,0.509,0.509,0.509,0.509,0.509,1,0.402,0.402,0.402,0.402,0.402,0,1,1
1164,1,1,1,0.507,0.507,0.507,0.507,0.507,1,0.452,0.452,0.452,0.452,0.452,0.001,1,1
1165,1,1,1,0.477,0.477,0.477,0.477,0.477,1,0.44,0.44,0.44,0.44,0.44,0.001,1,1
1166,1,1,1,0.357,0.357,0.357,0.357,0.357,1,0.39,0.39,0.39,0.39,0.39,0.002,1,1
1167,1,1,1,0.217,0.217,0.217,0.217,0.217,1,0.291,0.291,0.291,0.291,0.291,0.002,1,1
1168,1,1,1,0.108,0.108,0.108,0.108,0.108,1,0.16,0.16,0.16,0.16,0.16,0,1,1
1169,1,1,1,0.01,0.01,0.01,0.01,0.01,1,0.041,0.041,0.041,0.041,0.041,0.001,1,1
1170,1,1,1,0,0,0,0,0,1,0,0,0,0,0,0.011,1,1
1171,1,1,1,0,0,0,0,0,1,0,0,0,0,0,0.038,1,1
1172,1,1,1,0,0,0,0,0,1,0,0,0,0,0,0.059,1,1
1173,1,1,1,0,0,0,0,0,1,0,0,0,0,0,0.061,1,1
1174,1,1,1,0,0,0,0,0,1,0,0,0,0,0,0.051,1,1
1175,1,1,1,0,0,0,0,0,1,0,0,0,0,0,0.041,1,1
1176,1,1,1,0,0,0,0,0,1,0,0,0,0,0,0.034,1,1
1177,1,1,1,0,0,0,0,0,1,0,0,0,0,0,0.006,1,1
1178,1,1,1,0,0,0,0,0,1,0,0,0,0,0,0.001,1,1
1179,1,1,1,0,0,0,0,0,1,0,0,0,0,0,0.002,1,1
1180,1,1,1,0,0,0,0,0,1,0,0,0,0,0,0.005,1,1
1181,1,1,1,0,0,0,0,0,1,0,0,0,0,0,0.005,1,1
1182,1,1,1,0.033,0.033,0.033,0.033,0.033,1,0.007,0.007,0.007,0.007,0.007,0.005,1,1
1183,1,1,1,0.148,0.148,0.148,0.148,0.148,1,0.061,0.061,0.061,0.061,0.061,0.002,1,1
1184,1,1,1,0.313,0.313,0.313,0.313,0.313,1,0.145,0.145,0.145,0.145,0.145,0,1,1
1185,1,1,1,0.441,0.441,0.441,0.441,0.441,1,0.257,0.257,0.257,0.257,0.257,0,1,1
1186,1,1,1,0.528,0.528,0.528,0.528,0.528,1,0.382,0.382,0.382,0.382,0.382,0,1,1
1187,1,1,1,0.605,0.605,0.605,0.605,0.605,1,0.463,0.463,0.463,0.463,0.463,0,1,1
1188,1,1,1,0.576,0.576,0.576,0.576,0.576,1,0.491,0.491,0.491,0.491,0.491,0,1,1
1189,1,1,1,0.518,0.518,0.518,0.518,0.518,1,0.477,0.477,0.477,0.477,0.477,0.001,1,1
1190,1,1,1,0.383,0.383,0.383,0.383,0.383,1,0.41,0.41,0.41,0.41,0.41,0.003,1,1
1191,1,1,1,0.238,0.238,0.238,0.238,0.238,1,0.285,0.285,0.285,0.285,0.285,0.002,1,1
1192,1,1,1,0.112,0.112,0.112,0.112,0.112,1,0.123,0.123,0.123,0.123,0.123,0.001,1,1
1193,1,1,1,0.011,0.011,0.011,0.011,0.011,1,0.024,0.024,0.024,0.024,0.024,0.001,1,1
1194,1,1,1,0,0,0,0,0,1,0,0,0,0,0,0.005,1,1
1195,1,1,1,0,0,0,0,0,1,0,0,0,0,0,0.011,1,1
1196,1,1,1,0,0,0,0,0,1,0,0,0,0,0,0.017,1,1
1197,1,1,1,0,0,0,0,0,1,0,0,0,0,0,0.017,1,1
1198,1,1,1,0,0,0,0,0,1,0,0,0,0,0,0.005,1,1
1199,1,1,1,0,0,0,0,0,1,0,0,0,0,0,0.003,1,1
1200,1,1,1,0,0,0,0,0,1,0,0,0,0,0,0.008,1,1
1201,1,1,1,0,0,0,0,0,1,0,0,0,0,0,0.026,1,1
1202,1,1,1,0,0,0,0,0,1,0,0,0,0,0,0.043,1,1
1203,1,1,1,0,0,0,0,0,1,0,0,0,0,0,0.058,1,1
1204,1,1,1,0,0,0,0,0,1,0,0,0,0,0,0.07,1,1
1205,1,1,1,0,0,0,0,0,1,0,0,0,0,0,0.074,1,1
1206,1,1,1,0.033,0.033,0.033,0.033,0.033,1,0.007,0.007,0.007,0.007,0.007,0.068,1,1
1207,1,1,1,0.123,0.123,0.123,0.123,0.123,1,0.058,0.058,0.058,0.058,0.058,0.024,1,1
1208,1,1,1,0.215,0.215,0.215,0.215,0.215,1,0.137,0.137,0.137,0.137,0.137,0.002,1,1
1209,1,1,1,0.309,0.309,0.309,0.309,0.309,1,0.224,0.224,0.224,0.224,0.224,0.007,1,1
1210,1,1,1,0.302,0.302,0.302,0.302,0.302,1,0.293,0.293,0.293,0.293,0.293,0.009,1,1
1211,1,1,1,0.32,0.32,0.32,0.32,0.32,1,0.355,0.355,0.355,0.355,0.355,0.008,1,1
1212,1,1,1,0.312,0.312,0.312,0.312,0.312,1,0.379,0.379,0.379,0.379,0.379,0.004,1,1
1213,1,1,1,0.304,0.304,0.304,0.304,0.304,1,0.367,0.367,0.367,0.367,0.367,0.001,1,1
1214,1,1,1,0.222,0.222,0.222,0.222,0.222,1,0.329,0.329,0.329,0.329,0.329,0,1,1
1215,1,1,1,0.134,0.134,0.134,0.134,0.134,1,0.211,0.211,0.211,0.211,0.211,0,1,1
1216,1,1,1,0.059,0.059,0.059,0.059,0.059,1,0.095,0.095,0.095,0.095,0.095,0,1,1
1217,1,1,1,0.004,0.004,0.004,0.004,0.004,1,0.019,0.019,0.019,0.019,0.019,0.002,1,1
1218,1,1,1,0,0,0,0,0,1,0,0,0,0,0,0.013,1,1
1219,1,1,1,0,0,0,0,0,1,0,0,0,0,0,0.028,1,1
1220,1,1,1,0,0,0,0,0,1,0,0,0,0,0,0.035,1,1
1221,1,1,1,0,0,0,0,0,1,0,0,0,0,0,0.049,1,1
1222,1,1,1,0,0,0,0,0,1,0,0,0,0,0,0.058,1,1
1223,1,1,1,0,0,0,0,0,1,0,0,0,0,0,0.055,1,1
1224,1,1,1,0,0,0,0,0,1,0,0,0,0,0,0.046,1,1
1225,1,1,1,0,0,0,0,0,1,0,0,0,0,0,0.035,1,1
1226,1,1,1,0,0,0,0,0,1,0,0,0,0,0,0.027,1,1
1227,1,1,1,0,0,0,0,0,1,0,0,0,0,0,0.025,1,1
1228,1,1,1,0,0,0,0,0,1,0,0,0,0,0,0.019,1,1
1229,1,1,1,0,0,0,0,0,1,0,0,0,0,0,0.009,1,1
1230,1,1,1,0.021,0.021,0.021,0.021,0.021,1,0.017,0.017,0.017,0.017,0.017,0.003,1,1
1231,1,1,1,0.084,0.084,0.084,0.084,0.084,1,0.109,0.109,0.109,0.109,0.109,0,1,1
1232,1,1,1,0.174,0.174,0.174,0.174,0.174,1,0.245,0.245,0.245,0.245,0.245,0,1,1
1233,1,1,1,0.24,0.24,0.24,0.24,0.24,1,0.383,0.383,0.383,0.383,0.383,0.001,1,1
1234,1,1,1,0.292,0.292,0.292,0.292,0.292,1,0.487,0.487,0.487,0.487,0.487,0.001,1,1
1235,1,1,1,0.342,0.342,0.342,0.342,0.342,1,0.545,0.545,0.545,0.545,0.545,0.003,1,1
1236,1,1,1,0.357,0.357,0.357,0.357,0.357,1,0.546,0.546,0.546,0.546,0.546,0.004,1,1
1237,1,1,1,0.307,0.307,0.307,0.307,0.307,1,0.49,0.49,0.49,0.49,0.49,0.004,1,1
1238,1,1,1,0.229,0.229,0.229,0.229,0.229,1,0.384,0.384,0.384,0.384,0.384,0.002,1,1
1239,1,1,1,0.145,0.145,0.145,0.145,0.145,1,0.275,0.275,0.275,0.275,0.275,0,1,1
1240,1,1,1,0.065,0.065,0.065,0.065,0.065,1,0.15,0.15,0.15,0.15,0.15,0,1,1
1241,1,1,1,0.007,0.007,0.007,0.007,0.007,1,0.021,0.021,0.021,0.021,0.021,0,1,1
1242,1,1,1,0,0,0,0,0,1,0,0,0,0,0,0.001,1,1
1243,1,1,1,0,0,0,0,0,1,0,0,0,0,0,0.001,1,1
1244,1,1,1,0,0,0,0,0,1,0,0,0,0,0,0.002,1,1
1245,1,1,1,0,0,0,0,0,1,0,0,0,0,0,0.005,1,1
1246,1,1,1,0,0,0,0,0,1,0,0,0,0,0,0.012,1,1
1247,1,1,1,0,0,0,0,0,1,0,0,0,0,0,0.019,1,1
1248,1,1,1,0,0,0,0,0,1,0,0,0,0,0,0.014,1,1
1249,1,1,1,0,0,0,0,0,1,0,0,0,0,0,0.007,1,1
1250,1,1,1,0,0,0,0,0,1,0,0,0,0,0,0.003,1,1
1251,1,1,1,0,0,0,0,0,1,0,0,0,0,0,0.001,1,1
1252,1,1,1,0,0,0,0,0,1,0,0,0,0,0,0.001,1,1
1253,1,1,1,0,0,0,0,0,1,0,0,0,0,0,0.001,1,1
1254,1,1,1,0.05,0.05,0.05,0.05,0.05,1,0.018,0.018,0.018,0.018,0.018,0.001,1,1
1255,1,1,1,0.183,0.183,0.183,0.183,0.183,1,0.116,0.116,0.116,0.116,0.116,0.002,1,1
1256,1,1,1,0.322,0.322,0.322,0.322,0.322,1,0.246,0.246,0.246,0.246,0.246,0,1,1
1257,1,1,1,0.438,0.438,0.438,0.438,0.438,1,0.354,0.354,0.354,0.354,0.354,0.001,1,1
1258,1,1,1,0.468,0.468,0.468,0.468,0.468,1,0.424,0.424,0.424,0.424,0.424,0.002,1,1
1259,1,1,1,0.473,0.473,0.473,0.473,0.473,1,0.475,0.475,0.475,0.475,0.475,0.003,1,1
1260,1,1,1,0.397,0.397,0.397,0.397,0.397,1,0.486,0.486,0.486,0.486,0.486,0.003,1,1
1261,1,1,1,0.308,0.308,0.308,0.308,0.308,1,0.448,0.448,0.448,0.448,0.448,0.002,1,1
1262,1,1,1,0.243,0.243,0.243,0.243,0.243,1,0.377,0.377,0.377,0.377,0.377,0.001,1,1
1263,1,1,1,0.168,0.168,0.168,0.168,0.168,1,0.266,0.266,0.266,0.266,0.266,0,1,1
1264,1,1,1,0.077,0.077,0.077,0.077,0.077,1,0.149,0.149,0.149,0.149,0.149,0,1,1
1265,1,1,1,0.009,0.009,0.009,0.009,0.009,1,0.035,0.035,0.035,0.035,0.035,0,1,1
1266,1,1,1,0,0,0,0,0,1,0,0,0,0,0,0.001,1,1
1267,1,1,1,0,0,0,0,0,1,0,0,0,0,0,0.006,1,1
1268,1,1,1,0,0,0,0,0,1,0,0,0,0,0,0.009,1,1
1269,1,1,1,0,0,0,0,0,1,0,0,0,0,0,0.012,1,1
1270,1,1,1,0,0,0,0,0,1,0,0,0,0,0,0.017,1,1
1271,1,1,1,0,0,0,0,0,1,0,0,0,0,0,0.028,1,1
1272,1,1,1,0,0,0,0,0,1,0,0,0,0,0,0.033,1,1
1273,1,1,1,0,0,0,0,0,1,0,0,0,0,0,0.026,1,1
1274,1,1,1,0,0,0,0,0,1,0,0,0,0,0,0.019,1,1
1275,1,1,1,0,0,0,0,0,1,0,0,0,0,0,0.012,1,1
1276,1,1,1,0,0,0,0,0,1,0,0,0,0,0,0.006,1,1
1277,1,1,1,0,0,0,0,0,1,0,0,0,0,0,0.003,1,1
1278,1,1,1,0.042,0.042,0.042,0.042,0.042,1,0.022,0.022,0.022,0.022,0.022,0.002,1,1
1279,1,1,1,0.15,0.15,0.15,0.15,0.15,1,0.128,0.128,0.128,0.128,0.128,0.001,1,1
1280,1,1,1,0.286,0.286,0.286,0.286,0.286,1,0.265,0.265,0.265,0.265,0.265,0.001,1,1
1281,1,1,1,0.405,0.405,0.405,0.405,0.405,1,0.379,0.379,0.379,0.379,0.379,0.008,1,1
1282,1,1,1,0.499,0.499,0.499,0.499,0.499,1,0.451,0.451,0.451,0.451,0.451,0.014,1,1
1283,1,1,1,0.522,0.522,0.522,0.522,0.522,1,0.494,0.494,0.494,0.494,0.494,0.018,1,1
1284,1,1,1,0.454,0.454,0.454,0.454,0.454,1,0.512,0.512,0.512,0.512,0.512,0.011,1,1
1285,1,1,1,0.384,0.384,0.384,0.384,0.384,1,0.49,0.49,0.49,0.49,0.49,0.004,1,1
1286,1,1,1,0.265,0.265,0.265,0.265,0.265,1,0.417,0.417,0.417,0.417,0.417,0.001,1,1
1287,1,1,1,0.128,0.128,0.128,0.128,0.128,1,0.306,0.306,0.306,0.306,0.306,0,1,1
1288,1,1,1,0.051,0.051,0.051,0.051,0.051,1,0.163,0.163,0.163,0.163,0.163,0,1,1
1289,1,1,1,0.004,0.004,0.004,0.004,0.004,1,0.034,0.034,0.034,0.034,0.034,0,1,1
1290,1,1,1,0,0,0,0,0,1,0,0,0,0,0,0,1,1
1291,1,1,1,0,0,0,0,0,1,0,0,0,0,0,0.001,1,1
1292,1,1,1,0,0,0,0,0,1,0,0,0,0,0,0.002,1,1
1293,1,1,1,0,0,0,0,0,1,0,0,0,0,0,0.003,1,1
1294,1,1,1,0,0,0,0,0,1,0,0,0,0,0,0.005,1,1
1295,1,1,1,0,0,0,0,0,1,0,0,0,0,0,0.009,1,1
1296,1,1,1,0,0,0,0,0,1,0,0,0,0,0,0.018,1,1
1297,1,1,1,0,0,0,0,0,1,0,0,0,0,0,0.025,1,1
1298,1,1,1,0,0,0,0,0,1,0,0,0,0,0,0.027,1,1
1299,1,1,1,0,0,0,0,0,1,0,0,0,0,0,0.032,1,1
1300,1,1,1,0,0,0,0,0,1,0,0,0,0,0,0.041,1,1
1301,1,1,1,0,0,0,0,0,1,0,0,0,0,0,0.047,1,1
1302,1,1,1,0.04,0.04,0.04,0.04,0.04,1,0.015,0.015,0.015,0.015,0.015,0.041,1,1
1303,1,1,1,0.153,0.153,0.153,0.153,0.153,1,0.089,0.089,0.089,0.089,0.089,0.004,1,1
1304,1,1,1,0.298,0.298,0.298,0.298,0.298,1,0.186,0.186,0.186,0.186,0.186,0.001,1,1
1305,1,1,1,0.385,0.385,0.385,0.385,0.385,1,0.279,0.279,0.279,0.279,0.279,0.001,1,1
1306,1,1,1,0.464,0.464,0.464,0.464,0.464,1,0.345,0.345,0.345,0.345,0.345,0.001,1,1
1307,1,1,1,0.463,0.463,0.463,0.463,0.463,1,0.378,0.378,0.378,0.378,0.378,0.002,1,1
1308,1,1,1,0.405,0.405,0.405,0.405,0.405,1,0.388,0.388,0.388,0.388,0.388,0.006,1,1
1309,1,1,1,0.272,0.272,0.272,0.272,0.272,1,0.366,0.366,0.366,0.366,0.366,0.011,1,1
1310,1,1,1,0.169,0.169,0.169,0.169,0.169,1,0.304,0.304,0.304,0.304,0.304,0.013,1,1
1311,1,1,1,0.112,0.112,0.112,0.112,0.112,1,0.202,0.202,0.202,0.202,0.202,0.009,1,1
1312,1,1,1,0.048,0.048,0.048,0.048,0.048,1,0.1,0.1,0.1,0.1,0.1,0.007,1,1
1313,1,1,1,0.004,0.004,0.004,0.004,0.004,1,0.017,0.017,0.017,0.017,0.017,0.018,1,1
1314,1,1,1,0,0,0,0,0,1,0,0,0,0,0,0.045,1,1
1315,1,1,1,0,0,0,0,0,1,0,0,0,0,0,0.059,1,1
1316,1,1,1,0,0,0,0,0,1,0,0,0,0,0,0.063,1,1
1317,1,1,1,0,0,0,0,0,1,0,0,0,0,0,0.061,1,1
1318,1,1,1,0,0,0,0,0,1,0,0,0,0,0,0.046,1,1
1319,1,1,1,0,0,0,0,0,1,0,0,0,0,0,0.036,1,1
1320,1,1,1,0,0,0,0,0,1,0,0,0,0,0,0.035,1,1
1321,1,1,1,0,0,0,0,0,1,0,0,0,0,0,0.035,1,1
1322,1,1,1,0,0,0,0,0,1,0,0,0,0,0,0.032,1,1
1323,1,1,1,0,0,0,0,0,1,0,0,0,0,0,0.026,1,1
1324,1,1,1,0,0,0,0,0,1,0,0,0,0,0,0.019,1,1
1325,1,1,1,0,0,0,0,0,1,0,0,0,0,0,0.017,1,1
1326,1,1,1,0.018,0.018,0.018,0.018,0.018,1,0.016,0.016,0.016,0.016,0.016,0.009,1,1
1327,1,1,1,0.086,0.086,0.086,0.086,0.086,1,0.097,0.097,0.097,0.097,0.097,0.001,1,1
1328,1,1,1,0.221,0.221,0.221,0.221,0.221,1,0.204,0.204,0.204,0.204,0.204,0,1,1
1329,1,1,1,0.326,0.326,0.326,0.326,0.326,1,0.304,0.304,0.304,0.304,0.304,0.002,1,1
1330,1,1,1,0.389,0.389,0.389,0.389,0.389,1,0.39,0.39,0.39,0.39,0.39,0.003,1,1
1331,1,1,1,0.414,0.414,0.414,0.414,0.414,1,0.451,0.451,0.451,0.451,0.451,0.006,1,1
1332,1,1,1,0.347,0.347,0.347,0.347,0.347,1,0.475,0.475,0.475,0.475,0.475,0.01,1,1
1333,1,1,1,0.263,0.263,0.263,0.263,0.263,1,0.443,0.443,0.443,0.443,0.443,0.014,1,1
1334,1,1,1,0.219,0.219,0.219,0.219,0.219,1,0.355,0.355,0.355,0.355,0.355,0.017,1,1
1335,1,1,1,0.142,0.142,0.142,0.142,0.142,1,0.242,0.242,0.242,0.242,0.242,0.008,1,1
1336,1,1,1,0.07,0.07,0.07,0.07,0.07,1,0.107,0.107,0.107,0.107,0.107,0.002,1,1
1337,1,1,1,0.007,0.007,0.007,0.007,0.007,1,0.018,0.018,0.018,0.018,0.018,0.003,1,1
1338,1,1,1,0,0,0,0,0,1,0,0,0,0,0,0.019,1,1
1339,1,1,1,0,0,0,0,0,1,0,0,0,0,0,0.031,1,1
1340,1,1,1,0,0,0,0,0,1,0,0,0,0,0,0.034,1,1
1341,1,1,1,0,0,0,0,0,1,0,0,0,0,0,0.045,1,1
1342,1,1,1,0,0,0,0,0,1,0,0,0,0,0,0.051,1,1
1343,1,1,1,0,0,0,0,0,1,0,0,0,0,0,0.038,1,1
1344,1,1,1,0,0,0,0,0,1,0,0,0,0,0,0.034,1,1