Voll,Demand_Segment,Cost_of_Demand_Curtailment_per_MW,Max_Demand_Curtailment,$/MWh,Rep_Periods,Timesteps_per_Rep_Period,Sub_Weights,corresponding_week,r_id,month,day,hour,date,demand_z1,demand_z2,demand_z3,demand_z4,demand_z5,demand_z6
2000,1,1,1,2000,8,168,2022,24,1,6,11,1,2023-06-10T23:40:00+08:00,557,389,160,1715,402,128
,2,0.9,0.04,1800,,,505,3,2,6,11,2,2023-06-11T00:40:00+08:00,535,373,153,1645,386,123
,3,0.55,0.024,1100,,,168,4,3,6,11,3,2023-06-11T01:40:00+08:00,516,361,148,1588,372,119
,4,0.2,0.003,400,,,2527,45,4,6,11,4,2023-06-11T02:40:00+08:00,496,347,142,1527,358,113
,,,,,,,1516,8,5,6,11,5,2023-06-11T03:40:00+08:00,481,336,138,1479,347,110
,,,,,,,842,46,6,6,11,6,2023-06-11T04:40:00+08:00,467,327,134,1438,337,107
,,,,,,,337,39,7,6,11,7,2023-06-11T05:40:00+08:00,462,323,132,1420,333,106
,,,,,,,843,5,8,6,11,8,2023-06-11T06:40:00+08:00,458,320,131,1409,331,105
,,,,,,,,,9,6,11,9,2023-06-11T07:40:00+08:00,423,296,121,1302,305,98
,,,,,,,,,10,6,11,10,2023-06-11T08:40:00+08:00,433,303,124,1333,312,100
,,,,,,,,,11,6,11,11,2023-06-11T09:40:00+08:00,451,315,129,1387,325,104
,,,,,,,,,12,6,11,12,2023-06-11T10:40:00+08:00,469,329,134,1445,338,108
,,,,,,,,,13,6,11,13,2023-06-11T11:40:00+08:00,477,334,137,1469,344,109
,,,,,,,,,14,6,11,14,2023-06-11T12:40:00+08:00,477,333,137,1468,344,109
,,,,,,,,,15,6,11,15,2023-06-11T13:40:00+08:00,492,344,141,1512,355,112
,,,,,,,,,16,6,11,16,2023-06-11T14:40:00+08:00,501,350,144,1543,361,116
,,,,,,,,,17,6,11,17,2023-06-11T15:40:00+08:00,517,362,148,1592,373,119
,,,,,,,,,18,6,11,18,2023-06-11T16:40:00+08:00,524,366,150,1611,377,120
,,,,,,,,,19,6,11,19,2023-06-11T17:40:00+08:00,508,355,146,1564,366,117
,,,,,,,,,20,6,11,20,2023-06-11T18:40:00+08:00,510,356,146,1568,368,117
,,,,,,,,,21,6,11,21,2023-06-11T19:40:00+08:00,562,394,161,1729,405,129
,,,,,,,,,22,6,11,22,2023-06-11T20:40:00+08:00,578,404,166,1779,416,133
,,,,,,,,,23,6,11,23,2023-06-11T21:40:00+08:00,578,404,166,1780,417,133
,,,,,,,,,24,6,11,24,2023-06-11T22:40:00+08:00,569,398,163,1751,411,130
,,,,,,,,,25,6,12,1,2023-06-11T23:40:00+08:00,549,384,158,1691,397,126
,,,,,,,,,26,6,12,2,2023-06-12T00:40:00+08:00,522,365,150,1607,376,120
,,,,,,,,,27,6,12,3,2023-06-12T01:40:00+08:00,497,348,143,1531,359,114
,,,,,,,,,28,6,12,4,2023-06-12T02:40:00+08:00,480,336,138,1477,346,110
,,,,,,,,,29,6,12,5,2023-06-12T03:40:00+08:00,464,325,133,1428,335,107
,,,,,,,,,30,6,12,6,2023-06-12T04:40:00+08:00,451,316,129,1390,325,104
,,,,,,,,,31,6,12,7,2023-06-12T05:40:00+08:00,454,318,130,1398,328,104
,,,,,,,,,32,6,12,8,2023-06-12T06:40:00+08:00,464,325,133,1428,335,107
,,,,,,,,,33,6,12,9,2023-06-12T07:40:00+08:00,464,325,133,1428,335,107
,,,,,,,,,34,6,12,10,2023-06-12T08:40:00+08:00,529,370,151,1628,382,122
,,,,,,,,,35,6,12,11,2023-06-12T09:40:00+08:00,564,395,162,1737,408,129
,,,,,,,,,36,6,12,12,2023-06-12T10:40:00+08:00,584,408,167,1796,421,134
,,,,,,,,,37,6,12,13,2023-06-12T11:40:00+08:00,590,413,169,1816,426,136
,,,,,,,,,38,6,12,14,2023-06-12T12:40:00+08:00,578,405,166,1781,417,133
,,,,,,,,,39,6,12,15,2023-06-12T13:40:00+08:00,600,419,172,1845,432,138
,,,,,,,,,40,6,12,16,2023-06-12T14:40:00+08:00,618,432,177,1901,445,142
,,,,,,,,,41,6,12,17,2023-06-12T15:40:00+08:00,629,439,180,1933,453,144
,,,,,,,,,42,6,12,18,2023-06-12T16:40:00+08:00,631,441,181,1940,455,145
,,,,,,,,,43,6,12,19,2023-06-12T17:40:00+08:00,597,417,171,1835,430,137
,,,,,,,,,44,6,12,20,2023-06-12T18:40:00+08:00,575,403,165,1771,415,133
,,,,,,,,,45,6,12,21,2023-06-12T19:40:00+08:00,616,431,176,1894,444,141
,,,,,,,,,46,6,12,22,2023-06-12T20:40:00+08:00,624,437,180,1922,451,143
,,,,,,,,,47,6,12,23,2023-06-12T21:40:00+08:00,617,432,176,1898,444,142
,,,,,,,,,48,6,12,24,2023-06-12T22:40:00+08:00,601,420,172,1850,433,138
,,,,,,,,,49,6,13,1,2023-06-12T23:40:00+08:00,576,403,165,1772,415,133
,,,,,,,,,50,6,13,2,2023-06-13T00:40:00+08:00,544,381,156,1674,392,125
,,,,,,,,,51,6,13,3,2023-06-13T01:40:00+08:00,524,366,150,1612,378,120
,,,,,,,,,52,6,13,4,2023-06-13T02:40:00+08:00,505,353,145,1554,364,116
,,,,,,,,,53,6,13,5,2023-06-13T03:40:00+08:00,489,342,140,1505,352,112
,,,,,,,,,54,6,13,6,2023-06-13T04:40:00+08:00,478,334,137,1470,345,109
,,,,,,,,,55,6,13,7,2023-06-13T05:40:00+08:00,477,333,137,1467,344,109
,,,,,,,,,56,6,13,8,2023-06-13T06:40:00+08:00,486,341,140,1498,351,111
,,,,,,,,,57,6,13,9,2023-06-13T07:40:00+08:00,480,336,138,1478,346,110
,,,,,,,,,58,6,13,10,2023-06-13T08:40:00+08:00,540,378,154,1662,389,124
,,,,,,,,,59,6,13,11,2023-06-13T09:40:00+08:00,574,401,165,1766,414,131
,,,,,,,,,60,6,13,12,2023-06-13T10:40:00+08:00,598,418,171,1839,431,137
,,,,,,,,,61,6,13,13,2023-06-13T11:40:00+08:00,607,424,174,1868,438,139
,,,,,,,,,62,6,13,14,2023-06-13T12:40:00+08:00,594,416,170,1828,428,137
,,,,,,,,,63,6,13,15,2023-06-13T13:40:00+08:00,611,429,175,1883,441,141
,,,,,,,,,64,6,13,16,2023-06-13T14:40:00+08:00,632,442,181,1944,456,145
,,,,,,,,,65,6,13,17,2023-06-13T15:40:00+08:00,642,449,184,1976,463,147
,,,,,,,,,66,6,13,18,2023-06-13T16:40:00+08:00,645,451,185,1983,465,148
,,,,,,,,,67,6,13,19,2023-06-13T17:40:00+08:00,607,425,174,1869,438,140
,,,,,,,,,68,6,13,20,2023-06-13T18:40:00+08:00,584,408,167,1795,421,134
,,,,,,,,,69,6,13,21,2023-06-13T19:40:00+08:00,628,438,180,1929,452,144
,,,,,,,,,70,6,13,22,2023-06-13T20:40:00+08:00,638,446,183,1963,459,146
,,,,,,,,,71,6,13,23,2023-06-13T21:40:00+08:00,628,439,180,1931,453,144
,,,,,,,,,72,6,13,24,2023-06-13T22:40:00+08:00,614,430,176,1889,443,141
,,,,,,,,,73,6,14,1,2023-06-13T23:40:00+08:00,589,412,169,1813,425,136
,,,,,,,,,74,6,14,2,2023-06-14T00:40:00+08:00,556,389,160,1712,401,128
,,,,,,,,,75,6,14,3,2023-06-14T01:40:00+08:00,532,372,152,1637,384,122
,,,,,,,,,76,6,14,4,2023-06-14T02:40:00+08:00,517,362,148,1593,373,119
,,,,,,,,,77,6,14,5,2023-06-14T03:40:00+08:00,495,347,142,1525,357,113
,,,,,,,,,78,6,14,6,2023-06-14T04:40:00+08:00,480,335,138,1476,346,110
,,,,,,,,,79,6,14,7,2023-06-14T05:40:00+08:00,478,334,138,1472,345,110
,,,,,,,,,80,6,14,8,2023-06-14T06:40:00+08:00,484,338,139,1489,349,111
,,,,,,,,,81,6,14,9,2023-06-14T07:40:00+08:00,478,334,137,1471,345,110
,,,,,,,,,82,6,14,10,2023-06-14T08:40:00+08:00,528,369,151,1625,381,121
,,,,,,,,,83,6,14,11,2023-06-14T09:40:00+08:00,564,395,162,1739,408,129
,,,,,,,,,84,6,14,12,2023-06-14T10:40:00+08:00,580,406,166,1787,418,134
,,,,,,,,,85,6,14,13,2023-06-14T11:40:00+08:00,588,412,168,1809,424,135
,,,,,,,,,86,6,14,14,2023-06-14T12:40:00+08:00,576,403,165,1771,415,133
,,,,,,,,,87,6,14,15,2023-06-14T13:40:00+08:00,600,419,172,1845,432,138
,,,,,,,,,88,6,14,16,2023-06-14T14:40:00+08:00,614,429,175,1888,442,141
,,,,,,,,,89,6,14,17,2023-06-14T15:40:00+08:00,626,438,180,1926,452,144
,,,,,,,,,90,6,14,18,2023-06-14T16:40:00+08:00,631,441,181,1940,455,145
,,,,,,,,,91,6,14,19,2023-06-14T17:40:00+08:00,598,418,171,1840,431,138
,,,,,,,,,92,6,14,20,2023-06-14T18:40:00+08:00,583,407,167,1792,421,134
,,,,,,,,,93,6,14,21,2023-06-14T19:40:00+08:00,620,434,177,1909,448,142
,,,,,,,,,94,6,14,22,2023-06-14T20:40:00+08:00,629,440,181,1935,454,144
,,,,,,,,,95,6,14,23,2023-06-14T21:40:00+08:00,617,431,176,1898,444,142
,,,,,,,,,96,6,14,24,2023-06-14T22:40:00+08:00,601,420,172,1850,433,138
,,,,,,,,,97,6,15,1,2023-06-14T23:40:00+08:00,573,401,164,1762,413,131
,,,,,,,,,98,6,15,2,2023-06-15T00:40:00+08:00,543,380,155,1671,391,125
,,,,,,,,,99,6,15,3,2023-06-15T01:40:00+08:00,521,364,149,1602,375,120
,,,,,,,,,100,6,15,4,2023-06-15T02:40:00+08:00,501,350,144,1542,361,116
,,,,,,,,,101,6,15,5,2023-06-15T03:40:00+08:00,487,341,140,1499,351,112
,,,,,,,,,102,6,15,6,2023-06-15T04:40:00+08:00,475,332,137,1462,343,109
,,,,,,,,,103,6,15,7,2023-06-15T05:40:00+08:00,475,332,137,1462,343,109
,,,,,,,,,104,6,15,8,2023-06-15T06:40:00+08:00,484,338,139,1489,349,111
,,,,,,,,,105,6,15,9,2023-06-15T07:40:00+08:00,478,334,138,1472,345,110
,,,,,,,,,106,6,15,10,2023-06-15T08:40:00+08:00,535,373,153,1644,385,123
,,,,,,,,,107,6,15,11,2023-06-15T09:40:00+08:00,564,395,162,1737,408,129
,,,,,,,,,108,6,15,12,2023-06-15T10:40:00+08:00,589,412,169,1812,425,136
,,,,,,,,,109,6,15,13,2023-06-15T11:40:00+08:00,599,419,171,1842,431,138
,,,,,,,,,110,6,15,14,2023-06-15T12:40:00+08:00,586,410,168,1803,423,135
,,,,,,,,,111,6,15,15,2023-06-15T13:40:00+08:00,609,427,174,1875,440,140
,,,,,,,,,112,6,15,16,2023-06-15T14:40:00+08:00,632,442,181,1944,455,145
,,,,,,,,,113,6,15,17,2023-06-15T15:40:00+08:00,644,451,185,1982,465,147
,,,,,,,,,114,6,15,18,2023-06-15T16:40:00+08:00,645,451,185,1983,465,148
,,,,,,,,,115,6,15,19,2023-06-15T17:40:00+08:00,606,424,174,1867,438,139
,,,,,,,,,116,6,15,20,2023-06-15T18:40:00+08:00,588,412,168,1809,424,135
,,,,,,,,,117,6,15,21,2023-06-15T19:40:00+08:00,628,439,180,1932,453,144
,,,,,,,,,118,6,15,22,2023-06-15T20:40:00+08:00,635,445,182,1955,458,146
,,,,,,,,,119,6,15,23,2023-06-15T21:40:00+08:00,621,434,177,1910,448,143
,,,,,,,,,120,6,15,24,2023-06-15T22:40:00+08:00,611,428,175,1882,441,141
,,,,,,,,,121,6,16,1,2023-06-15T23:40:00+08:00,587,411,168,1806,424,135
,,,,,,,,,122,6,16,2,2023-06-16T00:40:00+08:00,555,388,159,1708,400,127
,,,,,,,,,123,6,16,3,2023-06-16T01:40:00+08:00,530,371,152,1633,383,122
,,,,,,,,,124,6,16,4,2023-06-16T02:50:00+08:00,510,356,146,1568,368,117
,,,,,,,,,125,6,16,5,2023-06-16T03:50:00+08:00,495,346,142,1523,357,113
,,,,,,,,,126,6,16,6,2023-06-16T04:50:00+08:00,484,338,139,1489,349,111
,,,,,,,,,127,6,16,7,2023-06-16T05:50:00+08:00,483,338,139,1487,348,111
,,,,,,,,,128,6,16,8,2023-06-16T06:50:00+08:00,483,338,139,1487,348,111
,,,,,,,,,129,6,16,9,2023-06-16T07:50:00+08:00,483,337,139,1487,348,111
,,,,,,,,,130,6,16,10,2023-06-16T08:50:00+08:00,536,375,153,1647,386,123
,,,,,,,,,131,6,16,11,2023-06-16T09:50:00+08:00,568,397,163,1747,410,130
,,,,,,,,,132,6,16,12,2023-06-16T10:50:00+08:00,588,411,168,1808,424,135
,,,,,,,,,133,6,16,13,2023-06-16T11:50:00+08:00,595,417,171,1832,429,137
,,,,,,,,,134,6,16,14,2023-06-16T12:50:00+08:00,586,410,168,1804,423,135
,,,,,,,,,135,6,16,15,2023-06-16T13:50:00+08:00,599,419,171,1842,431,138
,,,,,,,,,136,6,16,16,2023-06-16T14:50:00+08:00,629,440,181,1935,454,144
,,,,,,,,,137,6,16,17,2023-06-16T15:50:00+08:00,638,447,183,1963,461,146
,,,,,,,,,138,6,16,18,2023-06-16T16:50:00+08:00,637,446,183,1961,459,146
,,,,,,,,,139,6,16,19,2023-06-16T17:50:00+08:00,601,420,172,1850,433,138
,,,,,,,,,140,6,16,20,2023-06-16T18:50:00+08:00,583,407,167,1792,421,134
,,,,,,,,,141,6,16,21,2023-06-16T19:50:00+08:00,625,437,180,1925,451,144
,,,,,,,,,142,6,16,22,2023-06-16T20:50:00+08:00,629,440,181,1935,454,144
,,,,,,,,,143,6,16,23,2023-06-16T21:50:00+08:00,618,432,177,1901,445,142
,,,,,,,,,144,6,16,24,2023-06-16T22:50:00+08:00,606,424,174,1867,438,139
,,,,,,,,,145,6,17,1,2023-06-16T23:50:00+08:00,590,413,169,1814,425,136
,,,,,,,,,146,6,17,2,2023-06-17T00:50:00+08:00,559,392,161,1722,403,128
,,,,,,,,,147,6,17,3,2023-06-17T01:50:00+08:00,541,378,155,1664,390,124
,,,,,,,,,148,6,17,4,2023-06-17T02:50:00+08:00,520,364,149,1600,375,120
,,,,,,,,,149,6,17,5,2023-06-17T03:50:00+08:00,503,352,144,1550,363,116
,,,,,,,,,150,6,17,6,2023-06-17T04:50:00+08:00,487,341,140,1498,351,112
,,,,,,,,,151,6,17,7,2023-06-17T05:50:00+08:00,482,337,138,1483,347,110
,,,,,,,,,152,6,17,8,2023-06-17T06:50:00+08:00,475,332,137,1463,343,109
,,,,,,,,,153,6,17,9,2023-06-17T07:50:00+08:00,455,318,130,1402,329,105
,,,,,,,,,154,6,17,10,2023-06-17T08:50:00+08:00,492,344,141,1513,355,113
,,,,,,,,,155,6,17,11,2023-06-17T09:50:00+08:00,521,365,149,1604,376,120
,,,,,,,,,156,6,17,12,2023-06-17T10:50:00+08:00,544,381,155,1673,392,125
,,,,,,,,,157,6,17,13,2023-06-17T11:50:00+08:00,547,383,156,1683,395,125
,,,,,,,,,158,6,17,14,2023-06-17T12:50:00+08:00,539,377,154,1658,389,124
,,,,,,,,,159,6,17,15,2023-06-17T13:50:00+08:00,554,387,159,1706,400,127
,,,,,,,,,160,6,17,16,2023-06-17T14:50:00+08:00,563,394,162,1733,406,129
,,,,,,,,,161,6,17,17,2023-06-17T15:50:00+08:00,572,400,164,1760,412,131
,,,,,,,,,162,6,17,18,2023-06-17T16:50:00+08:00,570,398,163,1752,411,130
,,,,,,,,,163,6,17,19,2023-06-17T17:50:00+08:00,554,387,159,1703,399,127
,,,,,,,,,164,6,17,20,2023-06-17T18:50:00+08:00,554,387,159,1704,399,127
,,,,,,,,,165,6,17,21,2023-06-17T19:50:00+08:00,594,416,170,1829,429,137
,,,,,,,,,166,6,17,22,2023-06-17T20:50:00+08:00,595,417,171,1833,429,137
,,,,,,,,,167,6,17,23,2023-06-17T21:50:00+08:00,588,412,168,1808,424,135
,,,,,,,,,168,6,17,24,2023-06-17T22:50:00+08:00,578,404,166,1779,417,133
,,,,,,,,,169,1,15,1,2023-01-14T23:30:00+08:00,520,363,149,1597,374,119
,,,,,,,,,170,1,15,2,2023-01-15T00:30:00+08:00,494,346,142,1521,357,113
,,,,,,,,,171,1,15,3,2023-01-15T01:30:00+08:00,475,332,137,1462,343,109
,,,,,,,,,172,1,15,4,2023-01-15T02:30:00+08:00,456,319,131,1405,330,105
,,,,,,,,,173,1,15,5,2023-01-15T03:30:00+08:00,443,310,127,1362,319,102
,,,,,,,,,174,1,15,6,2023-01-15T04:30:00+08:00,429,299,123,1317,309,99
,,,,,,,,,175,1,15,7,2023-01-15T05:30:00+08:00,425,298,122,1310,307,98
,,,,,,,,,176,1,15,8,2023-01-15T06:30:00+08:00,431,301,124,1326,310,99
,,,,,,,,,177,1,15,9,2023-01-15T07:30:00+08:00,413,289,119,1270,297,94
,,,,,,,,,178,1,15,10,2023-01-15T08:30:00+08:00,415,290,119,1275,299,95
,,,,,,,,,179,1,15,11,2023-01-15T09:30:00+08:00,431,301,124,1326,310,99
,,,,,,,,,180,1,15,12,2023-01-15T10:30:00+08:00,451,315,129,1387,325,104
,,,,,,,,,181,1,15,13,2023-01-15T11:30:00+08:00,459,320,131,1410,331,105
,,,,,,,,,182,1,15,14,2023-01-15T12:30:00+08:00,458,320,131,1409,331,105
,,,,,,,,,183,1,15,15,2023-01-15T13:30:00+08:00,463,324,132,1424,334,106
,,,,,,,,,184,1,15,16,2023-01-15T14:30:00+08:00,472,330,135,1453,341,108
,,,,,,,,,185,1,15,17,2023-01-15T15:30:00+08:00,475,332,137,1462,343,109
,,,,,,,,,186,1,15,18,2023-01-15T16:30:00+08:00,481,336,138,1479,347,110
,,,,,,,,,187,1,15,19,2023-01-15T17:30:00+08:00,471,330,135,1449,339,108
,,,,,,,,,188,1,15,20,2023-01-15T18:30:00+08:00,472,330,135,1452,341,108
,,,,,,,,,189,1,15,21,2023-01-15T19:30:00+08:00,518,363,149,1597,374,119
,,,,,,,,,190,1,15,22,2023-01-15T20:30:00+08:00,530,371,152,1632,383,122
,,,,,,,,,191,1,15,23,2023-01-15T21:30:00+08:00,528,369,151,1624,381,121
,,,,,,,,,192,1,15,24,2023-01-15T22:30:00+08:00,516,361,148,1589,372,119
,,,,,,,,,193,1,16,1,2023-01-15T23:30:00+08:00,499,349,143,1536,360,114
,,,,,,,,,194,1,16,2,2023-01-16T00:30:00+08:00,469,328,134,1444,338,108
,,,,,,,,,195,1,16,3,2023-01-16T01:40:00+08:00,450,315,129,1386,325,104
,,,,,,,,,196,1,16,4,2023-01-16T02:40:00+08:00,433,303,124,1333,312,100
,,,,,,,,,197,1,16,5,2023-01-16T03:40:00+08:00,427,298,122,1312,307,98
,,,,,,,,,198,1,16,6,2023-01-16T04:40:00+08:00,415,291,119,1277,299,95
,,,,,,,,,199,1,16,7,2023-01-16T05:40:00+08:00,423,296,122,1303,305,98
,,,,,,,,,200,1,16,8,2023-01-16T06:40:00+08:00,444,311,127,1366,320,102
,,,,,,,,,201,1,16,9,2023-01-16T07:40:00+08:00,447,313,128,1376,322,103
,,,,,,,,,202,1,16,10,2023-01-16T08:40:00+08:00,508,355,146,1563,366,117
,,,,,,,,,203,1,16,11,2023-01-16T09:40:00+08:00,543,380,155,1671,391,125
,,,,,,,,,204,1,16,12,2023-01-16T10:40:00+08:00,561,393,161,1728,405,129
,,,,,,,,,205,1,16,13,2023-01-16T11:40:00+08:00,570,399,164,1753,411,130
,,,,,,,,,206,1,16,14,2023-01-16T12:40:00+08:00,553,386,159,1700,398,127
,,,,,,,,,207,1,16,15,2023-01-16T13:40:00+08:00,574,402,165,1767,414,131
,,,,,,,,,208,1,16,16,2023-01-16T14:40:00+08:00,597,417,171,1835,430,137
,,,,,,,,,209,1,16,17,2023-01-16T15:40:00+08:00,600,419,172,1846,432,138
,,,,,,,,,210,1,16,18,2023-01-16T16:40:00+08:00,601,420,172,1849,433,138
,,,,,,,,,211,1,16,19,2023-01-16T17:40:00+08:00,567,397,163,1745,409,130
,,,,,,,,,212,1,16,20,2023-01-16T18:40:00+08:00,546,382,156,1683,395,125
,,,,,,,,,213,1,16,21,2023-01-16T19:40:00+08:00,587,411,168,1805,423,135
,,,,,,,,,214,1,16,22,2023-01-16T20:40:00+08:00,586,410,168,1803,423,135
,,,,,,,,,215,1,16,23,2023-01-16T21:40:00+08:00,572,400,164,1759,412,131
,,,,,,,,,216,1,16,24,2023-01-16T22:40:00+08:00,554,387,159,1704,399,127
,,,,,,,,,217,1,17,1,2023-01-16T23:40:00+08:00,527,368,151,1622,379,121
,,,,,,,,,218,1,17,2,2023-01-17T00:40:00+08:00,497,348,143,1530,359,114
,,,,,,,,,219,1,17,3,2023-01-17T01:40:00+08:00,472,330,135,1453,341,108
,,,,,,,,,220,1,17,4,2023-01-17T02:40:00+08:00,458,320,131,1408,330,105
,,,,,,,,,221,1,17,5,2023-01-17T03:40:00+08:00,444,310,127,1364,320,102
,,,,,,,,,222,1,17,6,2023-01-17T04:40:00+08:00,436,305,125,1342,315,100
,,,,,,,,,223,1,17,7,2023-01-17T05:40:00+08:00,439,308,126,1351,317,101
,,,,,,,,,224,1,17,8,2023-01-17T06:40:00+08:00,455,318,130,1402,329,105
,,,,,,,,,225,1,17,9,2023-01-17T07:40:00+08:00,451,315,129,1387,325,104
,,,,,,,,,226,1,17,10,2023-01-17T08:40:00+08:00,503,352,144,1549,363,116
,,,,,,,,,227,1,17,11,2023-01-17T09:40:00+08:00,532,372,152,1640,384,122
,,,,,,,,,228,1,17,12,2023-01-17T10:40:00+08:00,549,384,158,1690,396,126
,,,,,,,,,229,1,17,13,2023-01-17T11:40:00+08:00,555,388,160,1709,401,127
,,,,,,,,,230,1,17,14,2023-01-17T12:40:00+08:00,537,376,154,1653,387,123
,,,,,,,,,231,1,17,15,2023-01-17T13:40:00+08:00,557,389,160,1714,402,128
,,,,,,,,,232,1,17,16,2023-01-17T14:40:00+08:00,579,405,166,1782,417,133
,,,,,,,,,233,1,17,17,2023-01-17T15:40:00+08:00,587,411,168,1806,424,135
,,,,,,,,,234,1,17,18,2023-01-17T16:40:00+08:00,591,414,169,1819,426,136
,,,,,,,,,235,1,17,19,2023-01-17T17:40:00+08:00,560,393,161,1725,404,128
,,,,,,,,,236,1,17,20,2023-01-17T18:40:00+08:00,545,381,156,1677,393,125
,,,,,,,,,237,1,17,21,2023-01-17T19:40:00+08:00,585,408,168,1799,422,135
,,,,,,,,,238,1,17,22,2023-01-17T20:40:00+08:00,584,408,167,1795,421,134
,,,,,,,,,239,1,17,23,2023-01-17T21:40:00+08:00,571,400,164,1757,412,131
,,,,,,,,,240,1,17,24,2023-01-17T22:40:00+08:00,560,392,161,1723,403,128
,,,,,,,,,241,1,18,1,2023-01-17T23:40:00+08:00,536,375,153,1648,386,123
,,,,,,,,,242,1,18,2,2023-01-18T00:40:00+08:00,503,352,144,1548,363,116
,,,,,,,,,243,1,18,3,2023-01-18T01:40:00+08:00,481,336,138,1481,347,110
,,,,,,,,,244,1,18,4,2023-01-18T02:40:00+08:00,463,324,132,1426,334,106
,,,,,,,,,245,1,18,5,2023-01-18T03:40:00+08:00,454,318,130,1399,328,105
,,,,,,,,,246,1,18,6,2023-01-18T04:40:00+08:00,443,310,127,1362,319,102
,,,,,,,,,247,1,18,7,2023-01-18T05:40:00+08:00,448,313,128,1379,323,103
,,,,,,,,,248,1,18,8,2023-01-18T06:40:00+08:00,466,326,133,1434,336,107
,,,,,,,,,249,1,18,9,2023-01-18T07:40:00+08:00,460,321,131,1414,332,106
,,,,,,,,,250,1,18,10,2023-01-18T08:40:00+08:00,505,353,145,1552,364,116
,,,,,,,,,251,1,18,11,2023-01-18T09:40:00+08:00,539,377,154,1656,388,124
,,,,,,,,,252,1,18,12,2023-01-18T10:40:00+08:00,557,389,160,1714,402,128
,,,,,,,,,253,1,18,13,2023-01-18T11:40:00+08:00,566,396,162,1740,408,129
,,,,,,,,,254,1,18,14,2023-01-18T12:40:00+08:00,547,383,156,1685,395,126
,,,,,,,,,255,1,18,15,2023-01-18T13:40:00+08:00,570,399,164,1753,411,130
,,,,,,,,,256,1,18,16,2023-01-18T14:40:00+08:00,588,412,169,1810,424,135
,,,,,,,,,257,1,18,17,2023-01-18T15:40:00+08:00,590,413,169,1815,426,136
,,,,,,,,,258,1,18,18,2023-01-18T16:40:00+08:00,588,412,169,1810,425,135
,,,,,,,,,259,1,18,19,2023-01-18T17:40:00+08:00,560,392,161,1724,404,128
,,,,,,,,,260,1,18,20,2023-01-18T18:40:00+08:00,541,379,155,1666,390,124
,,,,,,,,,261,1,18,21,2023-01-18T19:40:00+08:00,580,406,166,1786,418,134
,,,,,,,,,262,1,18,22,2023-01-18T20:40:00+08:00,578,404,166,1780,417,133
,,,,,,,,,263,1,18,23,2023-01-18T21:40:00+08:00,567,397,163,1744,409,130
,,,,,,,,,264,1,18,24,2023-01-18T22:40:00+08:00,549,384,158,1690,396,126
,,,,,,,,,265,1,19,1,2023-01-18T23:40:00+08:00,528,369,151,1626,381,121
,,,,,,,,,266,1,19,2,2023-01-19T00:40:00+08:00,493,345,142,1517,356,113
,,,,,,,,,267,1,19,3,2023-01-19T01:40:00+08:00,476,333,137,1464,343,109
,,,,,,,,,268,1,19,4,2023-01-19T02:40:00+08:00,458,319,131,1407,330,105
,,,,,,,,,269,1,19,5,2023-01-19T03:40:00+08:00,446,312,128,1370,321,102
,,,,,,,,,270,1,19,6,2023-01-19T04:40:00+08:00,439,308,126,1352,317,101
,,,,,,,,,271,1,19,7,2023-01-19T05:40:00+08:00,444,311,127,1366,320,102
,,,,,,,,,272,1,19,8,2023-01-19T06:40:00+08:00,459,321,131,1412,331,105
,,,,,,,,,273,1,19,9,2023-01-19T07:40:00+08:00,452,316,129,1392,326,104
,,,,,,,,,274,1,19,10,2023-01-19T08:40:00+08:00,496,347,142,1526,358,113
,,,,,,,,,275,1,19,11,2023-01-19T09:40:00+08:00,526,368,151,1620,379,121
,,,,,,,,,276,1,19,12,2023-01-19T10:40:00+08:00,552,385,158,1696,398,126
,,,,,,,,,277,1,19,13,2023-01-19T11:40:00+08:00,558,390,160,1716,402,128
,,,,,,,,,278,1,19,14,2023-01-19T12:40:00+08:00,543,380,155,1672,392,125
,,,,,,,,,279,1,19,15,2023-01-19T13:40:00+08:00,552,386,159,1698,398,127
,,,,,,,,,280,1,19,16,2023-01-19T14:40:00+08:00,577,404,166,1776,416,133
,,,,,,,,,281,1,19,17,2023-01-19T15:40:00+08:00,580,406,166,1786,418,134
,,,,,,,,,282,1,19,18,2023-01-19T16:40:00+08:00,580,406,166,1785,418,134
,,,,,,,,,283,1,19,19,2023-01-19T17:40:00+08:00,548,384,158,1688,396,126
,,,,,,,,,284,1,19,20,2023-01-19T18:40:00+08:00,532,372,152,1637,384,122
,,,,,,,,,285,1,19,21,2023-01-19T19:40:00+08:00,574,402,165,1767,414,131
,,,,,,,,,286,1,19,22,2023-01-19T20:40:00+08:00,569,398,163,1749,410,130
,,,,,,,,,287,1,19,23,2023-01-19T21:40:00+08:00,556,388,160,1710,401,127
,,,,,,,,,288,1,19,24,2023-01-19T22:40:00+08:00,544,381,156,1674,392,125
,,,,,,,,,289,1,20,1,2023-01-19T23:40:00+08:00,524,367,150,1613,378,121
,,,,,,,,,290,1,20,2,2023-01-20T00:40:00+08:00,496,347,142,1526,358,113
,,,,,,,,,291,1,20,3,2023-01-20T01:40:00+08:00,472,330,135,1453,341,108
,,,,,,,,,292,1,20,4,2023-01-20T02:40:00+08:00,459,320,131,1412,331,105
,,,,,,,,,293,1,20,5,2023-01-20T03:40:00+08:00,447,313,128,1376,322,103
,,,,,,,,,294,1,20,6,2023-01-20T04:40:00+08:00,438,307,126,1350,317,101
,,,,,,,,,295,1,20,7,2023-01-20T05:40:00+08:00,438,307,126,1347,316,101
,,,,,,,,,296,1,20,8,2023-01-20T06:40:00+08:00,446,312,128,1371,321,103
,,,,,,,,,297,1,20,9,2023-01-20T07:40:00+08:00,449,314,128,1380,323,103
,,,,,,,,,298,1,20,10,2023-01-20T08:40:00+08:00,487,341,140,1499,351,112
,,,,,,,,,299,1,20,11,2023-01-20T09:40:00+08:00,513,360,147,1581,371,118
,,,,,,,,,300,1,20,12,2023-01-20T10:40:00+08:00,532,372,152,1637,384,122
,,,,,,,,,301,1,20,13,2023-01-20T11:40:00+08:00,540,378,154,1663,389,124
,,,,,,,,,302,1,20,14,2023-01-20T12:40:00+08:00,531,371,152,1634,383,122
,,,,,,,,,303,1,20,15,2023-01-20T13:40:00+08:00,525,367,150,1616,378,121
,,,,,,,,,304,1,20,16,2023-01-20T14:40:00+08:00,541,379,155,1666,390,124
,,,,,,,,,305,1,20,17,2023-01-20T15:40:00+08:00,547,383,156,1685,395,126
,,,,,,,,,306,1,20,18,2023-01-20T16:40:00+08:00,545,381,156,1676,393,125
,,,,,,,,,307,1,20,19,2023-01-20T17:40:00+08:00,523,365,150,1607,376,120
,,,,,,,,,308,1,20,20,2023-01-20T18:40:00+08:00,509,355,146,1566,366,117
,,,,,,,,,309,1,20,21,2023-01-20T19:40:00+08:00,545,381,156,1676,393,125
,,,,,,,,,310,1,20,22,2023-01-20T20:40:00+08:00,542,380,155,1669,391,125
,,,,,,,,,311,1,20,23,2023-01-20T21:40:00+08:00,530,371,152,1632,383,122
,,,,,,,,,312,1,20,24,2023-01-20T22:40:00+08:00,520,364,149,1601,375,120
,,,,,,,,,313,1,21,1,2023-01-20T23:40:00+08:00,506,353,145,1555,364,117
,,,,,,,,,314,1,21,2,2023-01-21T00:40:00+08:00,484,338,139,1490,349,111
,,,,,,,,,315,1,21,3,2023-01-21T01:40:00+08:00,464,325,133,1429,335,107
,,,,,,,,,316,1,21,4,2023-01-21T02:40:00+08:00,450,314,129,1384,324,103
,,,,,,,,,317,1,21,5,2023-01-21T03:40:00+08:00,432,302,124,1329,311,100
,,,,,,,,,318,1,21,6,2023-01-21T04:40:00+08:00,424,297,122,1307,306,98
,,,,,,,,,319,1,21,7,2023-01-21T05:40:00+08:00,417,292,120,1285,301,95
,,,,,,,,,320,1,21,8,2023-01-21T06:40:00+08:00,420,294,121,1293,303,96
,,,,,,,,,321,1,21,9,2023-01-21T07:40:00+08:00,406,284,117,1250,293,93
,,,,,,,,,322,1,21,10,2023-01-21T08:40:00+08:00,414,290,119,1273,298,95
,,,,,,,,,323,1,21,11,2023-01-21T09:40:00+08:00,431,301,124,1328,311,99
,,,,,,,,,324,1,21,12,2023-01-21T10:40:00+08:00,449,314,128,1380,323,103
,,,,,,,,,325,1,21,13,2023-01-21T11:50:00+08:00,446,312,128,1371,321,103
,,,,,,,,,326,1,21,14,2023-01-21T12:50:00+08:00,432,302,124,1328,311,100
,,,,,,,,,327,1,21,15,2023-01-21T13:50:00+08:00,434,303,124,1334,312,100
,,,,,,,,,328,1,21,16,2023-01-21T14:50:00+08:00,440,308,126,1354,318,101
,,,,,,,,,329,1,21,17,2023-01-21T15:50:00+08:00,438,307,126,1349,317,101
,,,,,,,,,330,1,21,18,2023-01-21T16:50:00+08:00,443,309,127,1360,319,102
,,,,,,,,,331,1,21,19,2023-01-21T17:50:00+08:00,440,309,126,1357,318,102
,,,,,,,,,332,1,21,20,2023-01-21T18:50:00+08:00,451,315,129,1388,325,104
,,,,,,,,,333,1,21,21,2023-01-21T19:50:00+08:00,491,343,141,1509,353,112
,,,,,,,,,334,1,21,22,2023-01-21T20:50:00+08:00,484,340,139,1491,349,111
,,,,,,,,,335,1,21,23,2023-01-21T21:50:00+08:00,476,332,137,1463,343,109
,,,,,,,,,336,1,21,24,2023-01-21T22:50:00+08:00,469,328,134,1444,338,108
,,,,,,,,,337,1,22,1,2023-01-21T23:50:00+08:00,456,319,131,1406,330,105
,,,,,,,,,338,1,22,2,2023-01-22T00:50:00+08:00,438,307,126,1350,317,101
,,,,,,,,,339,1,22,3,2023-01-22T01:50:00+08:00,425,298,122,1310,307,98
,,,,,,,,,340,1,22,4,2023-01-22T02:50:00+08:00,405,283,117,1249,293,93
,,,,,,,,,341,1,22,5,2023-01-22T03:50:00+08:00,398,278,114,1224,286,91
,,,,,,,,,342,1,22,6,2023-01-22T04:50:00+08:00,386,269,110,1187,278,89
,,,,,,,,,343,1,22,7,2023-01-22T05:50:00+08:00,382,267,109,1175,276,88
,,,,,,,,,344,1,22,8,2023-01-22T06:50:00+08:00,379,265,109,1168,273,87
,,,,,,,,,345,1,22,9,2023-01-22T07:50:00+08:00,362,254,104,1114,262,83
,,,,,,,,,346,1,22,10,2023-01-22T08:50:00+08:00,363,254,104,1117,262,84
,,,,,,,,,347,1,22,11,2023-01-22T09:50:00+08:00,377,264,108,1163,272,87
,,,,,,,,,348,1,22,12,2023-01-22T10:50:00+08:00,384,268,110,1180,277,88
,,,,,,,,,349,1,22,13,2023-01-22T11:50:00+08:00,382,267,109,1174,276,88
,,,,,,,,,350,1,22,14,2023-01-22T12:50:00+08:00,378,265,108,1166,273,87
,,,,,,,,,351,1,22,15,2023-01-22T13:50:00+08:00,379,265,109,1169,273,87
,,,,,,,,,352,1,22,16,2023-01-22T14:50:00+08:00,381,266,109,1171,275,87
,,,,,,,,,353,1,22,17,2023-01-22T15:50:00+08:00,379,265,109,1169,273,87
,,,,,,,,,354,1,22,18,2023-01-22T16:50:00+08:00,385,268,110,1184,277,88
,,,,,,,,,355,1,22,19,2023-01-22T17:50:00+08:00,392,275,112,1208,283,90
,,,,,,,,,356,1,22,20,2023-01-22T18:50:00+08:00,405,283,117,1248,293,93
,,,,,,,,,357,1,22,21,2023-01-22T19:50:00+08:00,448,313,128,1378,323,103
,,,,,,,,,358,1,22,22,2023-01-22T20:50:00+08:00,446,312,128,1372,321,103
,,,,,,,,,359,1,22,23,2023-01-22T21:50:00+08:00,437,306,125,1345,316,101
,,,,,,,,,360,1,22,24,2023-01-22T22:50:00+08:00,428,299,123,1316,308,99
,,,,,,,,,361,1,23,1,2023-01-22T23:50:00+08:00,416,291,119,1279,299,95
,,,,,,,,,362,1,23,2,2023-01-23T00:50:00+08:00,401,280,114,1234,290,92
,,,,,,,,,363,1,23,3,2023-01-23T01:50:00+08:00,389,272,111,1196,280,89
,,,,,,,,,364,1,23,4,2023-01-23T02:50:00+08:00,375,262,107,1153,270,86
,,,,,,,,,365,1,23,5,2023-01-23T03:50:00+08:00,365,255,104,1120,263,84
,,,,,,,,,366,1,23,6,2023-01-23T04:50:00+08:00,360,251,103,1108,259,83
,,,,,,,,,367,1,23,7,2023-01-23T05:50:00+08:00,360,251,103,1108,259,83
,,,,,,,,,368,1,23,8,2023-01-23T06:50:00+08:00,363,254,104,1117,262,84
,,,,,,,,,369,1,23,9,2023-01-23T07:50:00+08:00,350,245,100,1076,252,81
,,,,,,,,,370,1,23,10,2023-01-23T08:50:00+08:00,357,250,103,1099,257,82
,,,,,,,,,371,1,23,11,2023-01-23T09:50:00+08:00,369,258,106,1134,266,85
,,,,,,,,,372,1,23,12,2023-01-23T10:50:00+08:00,382,267,109,1176,276,88
,,,,,,,,,373,1,23,13,2023-01-23T11:50:00+08:00,381,266,109,1171,275,87
,,,,,,,,,374,1,23,14,2023-01-23T12:50:00+08:00,377,264,108,1160,272,87
,,,,,,,,,375,1,23,15,2023-01-23T13:50:00+08:00,387,271,111,1192,279,89
,,,,,,,,,376,1,23,16,2023-01-23T14:50:00+08:00,390,273,112,1201,281,90
,,,,,,,,,377,1,23,17,2023-01-23T15:50:00+08:00,396,277,113,1217,285,91
,,,,,,,,,378,1,23,18,2023-01-23T16:50:00+08:00,402,281,116,1236,290,92
,,,,,,,,,379,1,23,19,2023-01-23T17:50:00+08:00,406,284,117,1250,293,93
,,,,,,,,,380,1,23,20,2023-01-23T18:50:00+08:00,420,294,121,1293,303,96
,,,,,,,,,381,1,23,21,2023-01-23T19:50:00+08:00,455,319,130,1403,329,105
,,,,,,,,,382,1,23,22,2023-01-23T20:50:00+08:00,451,316,129,1389,325,104
,,,,,,,,,383,1,23,23,2023-01-23T21:50:00+08:00,441,309,127,1359,319,102
,,,,,,,,,384,1,23,24,2023-01-23T22:50:00+08:00,436,305,125,1342,315,100
,,,,,,,,,385,1,24,1,2023-01-23T23:50:00+08:00,423,296,122,1304,306,98
,,,,,,,,,386,1,24,2,2023-01-24T00:50:00+08:00,409,286,118,1258,295,94
,,,,,,,,,387,1,24,3,2023-01-24T01:50:00+08:00,392,275,112,1209,283,90
,,,,,,,,,388,1,24,4,2023-01-24T02:50:00+08:00,382,267,109,1174,276,88
,,,,,,,,,389,1,24,5,2023-01-24T03:50:00+08:00,373,261,107,1147,269,86
,,,,,,,,,390,1,24,6,2023-01-24T04:50:00+08:00,366,256,105,1126,264,84
,,,,,,,,,391,1,24,7,2023-01-24T05:50:00+08:00,366,256,105,1124,264,84
,,,,,,,,,392,1,24,8,2023-01-24T06:50:00+08:00,371,259,106,1140,267,85
,,,,,,,,,393,1,24,9,2023-01-24T07:50:00+08:00,362,254,104,1116,262,84
,,,,,,,,,394,1,24,10,2023-01-24T08:50:00+08:00,377,264,108,1163,272,87
,,,,,,,,,395,1,24,11,2023-01-24T09:50:00+08:00,398,278,114,1225,288,91
,,,,,,,,,396,1,24,12,2023-01-24T10:50:00+08:00,407,285,117,1254,294,93
,,,,,,,,,397,1,24,13,2023-01-24T11:50:00+08:00,406,284,117,1250,293,93
,,,,,,,,,398,1,24,14,2023-01-24T12:50:00+08:00,404,282,116,1244,292,93
,,,,,,,,,399,1,24,15,2023-01-24T13:50:00+08:00,407,285,117,1254,294,93
,,,,,,,,,400,1,24,16,2023-01-24T14:50:00+08:00,408,286,118,1258,295,94
,,,,,,,,,401,1,24,17,2023-01-24T15:50:00+08:00,408,285,118,1257,295,94
,,,,,,,,,402,1,24,18,2023-01-24T16:50:00+08:00,410,288,118,1264,296,94
,,,,,,,,,403,1,24,19,2023-01-24T17:50:00+08:00,408,285,117,1255,294,93
,,,,,,,,,404,1,24,20,2023-01-24T18:50:00+08:00,421,295,121,1297,304,96
,,,,,,,,,405,1,24,21,2023-01-24T19:50:00+08:00,460,321,131,1414,332,106
,,,,,,,,,406,1,24,22,2023-01-24T20:50:00+08:00,453,317,130,1396,328,104
,,,,,,,,,407,1,24,23,2023-01-24T21:50:00+08:00,444,311,127,1366,320,102
,,,,,,,,,408,1,24,24,2023-01-24T22:50:00+08:00,435,305,125,1338,313,100
,,,,,,,,,409,1,25,1,2023-01-24T23:50:00+08:00,417,292,120,1283,301,95
,,,,,,,,,410,1,25,2,2023-01-25T00:50:00+08:00,399,279,114,1227,288,91
,,,,,,,,,411,1,25,3,2023-01-25T01:50:00+08:00,388,272,111,1193,280,89
,,,,,,,,,412,1,25,4,2023-01-25T02:50:00+08:00,375,262,107,1153,270,86
,,,,,,,,,413,1,25,5,2023-01-25T03:50:00+08:00,366,256,105,1125,264,84
,,,,,,,,,414,1,25,6,2023-01-25T04:50:00+08:00,365,255,104,1121,263,84
,,,,,,,,,415,1,25,7,2023-01-25T05:50:00+08:00,375,263,107,1155,271,86
,,,,,,,,,416,1,25,8,2023-01-25T06:50:00+08:00,391,274,112,1204,282,90
,,,,,,,,,417,1,25,9,2023-01-25T07:50:00+08:00,406,284,117,1249,293,93
,,,,,,,,,418,1,25,10,2023-01-25T08:50:00+08:00,447,313,128,1376,322,103
,,,,,,,,,419,1,25,11,2023-01-25T09:50:00+08:00,469,328,134,1444,338,108
,,,,,,,,,420,1,25,12,2023-01-25T10:50:00+08:00,485,340,139,1492,350,111
,,,,,,,,,421,1,25,13,2023-01-25T11:50:00+08:00,486,341,140,1498,351,111
,,,,,,,,,422,1,25,14,2023-01-25T12:50:00+08:00,477,333,137,1466,344,109
,,,,,,,,,423,1,25,15,2023-01-25T13:50:00+08:00,480,335,138,1476,346,110
,,,,,,,,,424,1,25,16,2023-01-25T14:50:00+08:00,491,344,141,1510,353,112
,,,,,,,,,425,1,25,17,2023-01-25T15:50:00+08:00,487,341,140,1498,351,112
,,,,,,,,,426,1,25,18,2023-01-25T16:50:00+08:00,482,337,139,1485,348,110
,,,,,,,,,427,1,25,19,2023-01-25T17:50:00+08:00,463,324,132,1426,334,106
,,,,,,,,,428,1,25,20,2023-01-25T18:50:00+08:00,469,328,134,1444,338,108
,,,,,,,,,429,1,25,21,2023-01-25T19:50:00+08:00,505,353,145,1553,364,116
,,,,,,,,,430,1,25,22,2023-01-25T20:50:00+08:00,499,349,143,1536,360,114
,,,,,,,,,431,1,25,23,2023-01-25T21:50:00+08:00,483,338,139,1488,349,111
,,,,,,,,,432,1,25,24,2023-01-25T22:50:00+08:00,472,331,135,1455,341,108
,,,,,,,,,433,1,26,1,2023-01-25T23:50:00+08:00,452,316,130,1393,326,104
,,,,,,,,,434,1,26,2,2023-01-26T00:50:00+08:00,429,299,123,1317,309,99
,,,,,,,,,435,1,26,3,2023-01-26T01:50:00+08:00,414,290,119,1273,298,95
,,,,,,,,,436,1,26,4,2023-01-26T02:50:00+08:00,402,281,116,1236,290,92
,,,,,,,,,437,1,26,5,2023-01-26T03:50:00+08:00,393,276,112,1211,284,90
,,,,,,,,,438,1,26,6,2023-01-26T04:50:00+08:00,390,274,112,1203,282,90
,,,,,,,,,439,1,26,7,2023-01-26T05:50:00+08:00,405,283,117,1249,293,93
,,,,,,,,,440,1,26,8,2023-01-26T06:50:00+08:00,419,293,120,1288,302,96
,,,,,,,,,441,1,26,9,2023-01-26T07:50:00+08:00,425,297,122,1308,307,98
,,,,,,,,,442,1,26,10,2023-01-26T08:50:00+08:00,464,325,133,1427,334,106
,,,,,,,,,443,1,26,11,2023-01-26T09:50:00+08:00,485,340,139,1493,350,111
,,,,,,,,,444,1,26,12,2023-01-26T10:50:00+08:00,498,348,143,1532,359,114
,,,,,,,,,445,1,26,13,2023-01-26T11:50:00+08:00,497,348,143,1530,359,114
,,,,,,,,,446,1,26,14,2023-01-26T12:50:00+08:00,489,342,140,1503,352,112
,,,,,,,,,447,1,26,15,2023-01-26T13:50:00+08:00,501,350,144,1542,361,116
,,,,,,,,,448,1,26,16,2023-01-26T14:50:00+08:00,510,358,146,1571,369,118
,,,,,,,,,449,1,26,17,2023-01-26T15:50:00+08:00,513,359,147,1578,370,118
,,,,,,,,,450,1,26,18,2023-01-26T16:50:00+08:00,514,360,147,1582,371,118
,,,,,,,,,451,1,26,19,2023-01-26T17:50:00+08:00,495,346,142,1523,357,113
,,,,,,,,,452,1,26,20,2023-01-26T18:50:00+08:00,493,345,142,1517,356,113
,,,,,,,,,453,1,26,21,2023-01-26T19:50:00+08:00,531,371,152,1635,383,122
,,,,,,,,,454,1,26,22,2023-01-26T20:50:00+08:00,524,366,150,1612,378,120
,,,,,,,,,455,1,26,23,2023-01-26T21:50:00+08:00,509,356,146,1567,368,117
,,,,,,,,,456,1,26,24,2023-01-26T22:50:00+08:00,495,347,142,1524,357,113
,,,,,,,,,457,1,27,1,2023-01-26T23:50:00+08:00,475,332,137,1463,343,109
,,,,,,,,,458,1,27,2,2023-01-27T00:50:00+08:00,450,314,129,1384,324,103
,,,,,,,,,459,1,27,3,2023-01-27T01:50:00+08:00,434,303,124,1335,312,100
,,,,,,,,,460,1,27,4,2023-01-27T02:50:00+08:00,418,293,120,1286,302,96
,,,,,,,,,461,1,27,5,2023-01-27T03:50:00+08:00,408,285,118,1257,295,94
,,,,,,,,,462,1,27,6,2023-01-27T04:50:00+08:00,407,284,117,1253,294,93
,,,,,,,,,463,1,27,7,2023-01-27T05:50:00+08:00,410,288,118,1264,296,94
,,,,,,,,,464,1,27,8,2023-01-27T06:50:00+08:00,429,300,123,1318,309,99
,,,,,,,,,465,1,27,9,2023-01-27T07:50:00+08:00,431,301,124,1326,310,99
,,,,,,,,,466,1,27,10,2023-01-27T08:50:00+08:00,474,331,135,1457,342,109
,,,,,,,,,467,1,27,11,2023-01-27T09:50:00+08:00,501,351,144,1543,362,116
,,,,,,,,,468,1,27,12,2023-01-27T10:50:00+08:00,516,361,148,1588,372,119
,,,,,,,,,469,1,27,13,2023-01-27T11:50:00+08:00,520,363,149,1597,374,119
,,,,,,,,,470,1,27,14,2023-01-27T12:50:00+08:00,508,355,146,1562,366,117
,,,,,,,,,471,1,27,15,2023-01-27T13:50:00+08:00,513,359,147,1578,370,118
,,,,,,,,,472,1,27,16,2023-01-27T14:50:00+08:00,536,375,153,1648,386,123
,,,,,,,,,473,1,27,17,2023-01-27T15:50:00+08:00,545,382,156,1678,393,125
,,,,,,,,,474,1,27,18,2023-01-27T16:50:00+08:00,543,380,155,1671,391,125
,,,,,,,,,475,1,27,19,2023-01-27T17:50:00+08:00,516,361,148,1589,372,119
,,,,,,,,,476,1,27,20,2023-01-27T18:50:00+08:00,508,354,145,1561,365,117
,,,,,,,,,477,1,27,21,2023-01-27T19:50:00+08:00,538,377,154,1655,388,124
,,,,,,,,,478,1,27,22,2023-01-27T20:50:00+08:00,531,371,152,1634,383,122
,,,,,,,,,479,1,27,23,2023-01-27T21:50:00+08:00,514,360,147,1583,371,118
,,,,,,,,,480,1,27,24,2023-01-27T22:50:00+08:00,506,353,145,1554,364,116
,,,,,,,,,481,1,28,1,2023-01-27T23:50:00+08:00,489,342,140,1503,352,112
,,,,,,,,,482,1,28,2,2023-01-28T00:00:00+08:00,481,336,138,1481,347,110
,,,,,,,,,483,1,28,3,2023-01-28T01:00:00+08:00,459,320,131,1411,331,105
,,,,,,,,,484,1,28,4,2023-01-28T02:00:00+08:00,443,310,127,1362,319,102
,,,,,,,,,485,1,28,5,2023-01-28T03:00:00+08:00,431,301,124,1326,310,99
,,,,,,,,,486,1,28,6,2023-01-28T04:00:00+08:00,419,294,120,1291,303,96
,,,,,,,,,487,1,28,7,2023-01-28T05:00:00+08:00,413,289,119,1270,297,94
,,,,,,,,,488,1,28,8,2023-01-28T06:00:00+08:00,418,293,120,1287,302,96
,,,,,,,,,489,1,28,9,2023-01-28T07:00:00+08:00,419,293,120,1290,303,96
,,,,,,,,,490,1,28,10,2023-01-28T08:00:00+08:00,414,290,119,1272,298,95
,,,,,,,,,491,1,28,11,2023-01-28T09:00:00+08:00,445,311,127,1370,321,102
,,,,,,,,,492,1,28,12,2023-01-28T10:00:00+08:00,466,327,133,1435,336,107
,,,,,,,,,493,1,28,13,2023-01-28T11:00:00+08:00,477,333,137,1466,344,109
,,,,,,,,,494,1,28,14,2023-01-28T12:00:00+08:00,474,331,135,1457,342,109
,,,,,,,,,495,1,28,15,2023-01-28T13:00:00+08:00,461,323,132,1418,332,106
,,,,,,,,,496,1,28,16,2023-01-28T14:00:00+08:00,469,329,134,1445,338,108
,,,,,,,,,497,1,28,17,2023-01-28T15:00:00+08:00,471,330,135,1450,339,108
,,,,,,,,,498,1,28,18,2023-01-28T16:00:00+08:00,476,332,137,1463,343,109
,,,,,,,,,499,1,28,19,2023-01-28T17:00:00+08:00,476,332,137,1463,343,109
,,,,,,,,,500,1,28,20,2023-01-28T18:00:00+08:00,468,328,134,1442,337,107
,,,,,,,,,501,1,28,21,2023-01-28T19:00:00+08:00,481,336,138,1482,347,110
,,,,,,,,,502,1,28,22,2023-01-28T20:00:00+08:00,511,358,146,1572,369,118
,,,,,,,,,503,1,28,23,2023-01-28T21:00:00+08:00,503,352,144,1549,363,116
,,,,,,,,,504,1,28,24,2023-01-28T22:00:00+08:00,490,343,141,1507,353,112
,,,,,,,,,505,11,5,1,2023-11-04T23:00:00+08:00,549,384,158,1691,397,126
,,,,,,,,,506,11,5,2,2023-11-05T00:00:00+08:00,528,369,151,1626,381,121
,,,,,,,,,507,11,5,3,2023-11-05T01:00:00+08:00,505,353,145,1552,364,116
,,,,,,,,,508,11,5,4,2023-11-05T02:00:00+08:00,487,342,140,1501,351,112
,,,,,,,,,509,11,5,5,2023-11-05T03:00:00+08:00,462,323,132,1419,333,106
,,,,,,,,,510,11,5,6,2023-11-05T04:00:00+08:00,450,315,129,1385,324,103
,,,,,,,,,511,11,5,7,2023-11-05T05:00:00+08:00,439,308,126,1353,317,101
,,,,,,,,,512,11,5,8,2023-11-05T06:00:00+08:00,438,307,126,1348,316,101
,,,,,,,,,513,11,5,9,2023-11-05T07:00:00+08:00,422,296,121,1300,305,98
,,,,,,,,,514,11,5,10,2023-11-05T08:00:00+08:00,409,286,118,1258,295,94
,,,,,,,,,515,11,5,11,2023-11-05T09:00:00+08:00,422,296,121,1300,305,98
,,,,,,,,,516,11,5,12,2023-11-05T10:00:00+08:00,444,310,127,1364,320,102
,,,,,,,,,517,11,5,13,2023-11-05T11:00:00+08:00,463,324,132,1423,334,106
,,,,,,,,,518,11,5,14,2023-11-05T12:00:00+08:00,463,324,132,1425,334,106
,,,,,,,,,519,11,5,15,2023-11-05T13:00:00+08:00,467,327,133,1437,337,107
,,,,,,,,,520,11,5,16,2023-11-05T14:00:00+08:00,482,337,139,1485,348,111
,,,,,,,,,521,11,5,17,2023-11-05T15:00:00+08:00,497,347,143,1528,358,114
,,,,,,,,,522,11,5,18,2023-11-05T16:00:00+08:00,505,353,145,1553,364,116
,,,,,,,,,523,11,5,19,2023-11-05T17:00:00+08:00,503,352,144,1549,363,116
,,,,,,,,,524,11,5,20,2023-11-05T18:00:00+08:00,499,349,143,1535,360,114
,,,,,,,,,525,11,5,21,2023-11-05T19:00:00+08:00,526,368,151,1620,379,121
,,,,,,,,,526,11,5,22,2023-11-05T20:00:00+08:00,553,386,159,1700,398,127
,,,,,,,,,527,11,5,23,2023-11-05T21:00:00+08:00,551,385,158,1695,398,126
,,,,,,,,,528,11,5,24,2023-11-05T22:00:00+08:00,543,380,155,1672,392,125
,,,,,,,,,529,11,6,1,2023-11-05T23:00:00+08:00,531,371,152,1634,383,122
,,,,,,,,,530,11,6,2,2023-11-06T00:00:00+08:00,507,354,145,1558,365,117
,,,,,,,,,531,11,6,3,2023-11-06T01:00:00+08:00,482,337,139,1484,348,110
,,,,,,,,,532,11,6,4,2023-11-06T02:00:00+08:00,464,325,133,1427,334,106
,,,,,,,,,533,11,6,5,2023-11-06T03:00:00+08:00,450,315,129,1385,324,104
,,,,,,,,,534,11,6,6,2023-11-06T04:00:00+08:00,433,303,124,1334,312,100
,,,,,,,,,535,11,6,7,2023-11-06T05:00:00+08:00,434,303,124,1335,312,100
,,,,,,,,,536,11,6,8,2023-11-06T06:00:00+08:00,449,314,129,1382,323,103
,,,,,,,,,537,11,6,9,2023-11-06T07:00:00+08:00,449,314,129,1383,324,103
,,,,,,,,,538,11,6,10,2023-11-06T08:00:00+08:00,464,325,133,1429,335,107
,,,,,,,,,539,11,6,11,2023-11-06T09:00:00+08:00,535,373,153,1645,386,123
,,,,,,,,,540,11,6,12,2023-11-06T10:00:00+08:00,564,395,162,1737,408,129
,,,,,,,,,541,11,6,13,2023-11-06T11:00:00+08:00,584,408,167,1796,422,135
,,,,,,,,,542,11,6,14,2023-11-06T12:00:00+08:00,586,410,168,1803,423,135
,,,,,,,,,543,11,6,15,2023-11-06T13:00:00+08:00,586,410,168,1802,423,135
,,,,,,,,,544,11,6,16,2023-11-06T14:00:00+08:00,608,425,174,1871,439,140
,,,,,,,,,545,11,6,17,2023-11-06T15:00:00+08:00,625,437,180,1924,451,143
,,,,,,,,,546,11,6,18,2023-11-06T16:00:00+08:00,633,442,182,1948,456,145
,,,,,,,,,547,11,6,19,2023-11-06T17:00:00+08:00,616,431,176,1894,444,141
,,,,,,,,,548,11,6,20,2023-11-06T18:00:00+08:00,576,403,165,1773,415,133
,,,,,,,,,549,11,6,21,2023-11-06T19:00:00+08:00,589,412,169,1812,425,136
,,,,,,,,,550,11,6,22,2023-11-06T20:00:00+08:00,604,422,173,1860,436,139
,,,,,,,,,551,11,6,23,2023-11-06T21:00:00+08:00,594,416,170,1830,429,137
,,,,,,,,,552,11,6,24,2023-11-06T22:00:00+08:00,575,403,165,1771,415,133
,,,,,,,,,553,11,7,1,2023-11-06T23:00:00+08:00,563,395,162,1735,406,129
,,,,,,,,,554,11,7,2,2023-11-07T00:00:00+08:00,535,373,153,1645,386,123
,,,,,,,,,555,11,7,3,2023-11-07T01:00:00+08:00,506,353,145,1554,364,116
,,,,,,,,,556,11,7,4,2023-11-07T02:00:00+08:00,491,343,141,1509,353,112
,,,,,,,,,557,11,7,5,2023-11-07T03:00:00+08:00,475,332,137,1461,343,109
,,,,,,,,,558,11,7,6,2023-11-07T04:00:00+08:00,463,324,132,1425,334,106
,,,,,,,,,559,11,7,7,2023-11-07T05:00:00+08:00,459,321,131,1412,331,105
,,,,,,,,,560,11,7,8,2023-11-07T06:00:00+08:00,472,330,135,1453,341,108
,,,,,,,,,561,11,7,9,2023-11-07T07:00:00+08:00,471,330,135,1450,339,108
,,,,,,,,,562,11,7,10,2023-11-07T08:00:00+08:00,483,337,139,1486,348,111
,,,,,,,,,563,11,7,11,2023-11-07T09:00:00+08:00,536,375,153,1648,386,123
,,,,,,,,,564,11,7,12,2023-11-07T10:00:00+08:00,563,394,162,1732,406,129
,,,,,,,,,565,11,7,13,2023-11-07T11:00:00+08:00,586,410,168,1803,423,135
,,,,,,,,,566,11,7,14,2023-11-07T12:00:00+08:00,586,410,168,1802,423,135
,,,,,,,,,567,11,7,15,2023-11-07T13:00:00+08:00,578,405,166,1781,417,133
,,,,,,,,,568,11,7,16,2023-11-07T14:00:00+08:00,604,422,173,1860,436,139
,,,,,,,,,569,11,7,17,2023-11-07T15:00:00+08:00,622,435,179,1915,449,143
,,,,,,,,,570,11,7,18,2023-11-07T16:00:00+08:00,632,441,181,1943,455,145
,,,,,,,,,571,11,7,19,2023-11-07T17:00:00+08:00,607,425,174,1869,438,140
,,,,,,,,,572,11,7,20,2023-11-07T18:00:00+08:00,575,402,165,1771,415,133
,,,,,,,,,573,11,7,21,2023-11-07T19:00:00+08:00,585,410,168,1800,422,135
,,,,,,,,,574,11,7,22,2023-11-07T20:00:00+08:00,592,414,170,1822,427,136
,,,,,,,,,575,11,7,23,2023-11-07T21:00:00+08:00,585,408,168,1799,422,135
,,,,,,,,,576,11,7,24,2023-11-07T22:00:00+08:00,566,396,162,1741,408,130
,,,,,,,,,577,11,8,1,2023-11-07T23:00:00+08:00,548,383,158,1686,396,126
,,,,,,,,,578,11,8,2,2023-11-08T00:00:00+08:00,524,366,150,1610,377,120
,,,,,,,,,579,11,8,3,2023-11-08T01:00:00+08:00,498,349,143,1534,360,114
,,,,,,,,,580,11,8,4,2023-11-08T02:00:00+08:00,481,336,138,1481,347,110
,,,,,,,,,581,11,8,5,2023-11-08T03:00:00+08:00,468,328,134,1442,338,108
,,,,,,,,,582,11,8,6,2023-11-08T04:00:00+08:00,454,318,130,1398,328,104
,,,,,,,,,583,11,8,7,2023-11-08T05:00:00+08:00,455,318,130,1402,329,105
,,,,,,,,,584,11,8,8,2023-11-08T06:00:00+08:00,467,327,133,1436,336,107
,,,,,,,,,585,11,8,9,2023-11-08T07:00:00+08:00,466,326,133,1433,336,107
,,,,,,,,,586,11,8,10,2023-11-08T08:00:00+08:00,479,335,138,1473,345,110
,,,,,,,,,587,11,8,11,2023-11-08T09:00:00+08:00,530,370,152,1631,383,122
,,,,,,,,,588,11,8,12,2023-11-08T10:00:00+08:00,557,389,160,1714,402,128
,,,,,,,,,589,11,8,13,2023-11-08T11:00:00+08:00,582,406,167,1790,419,134
,,,,,,,,,590,11,8,14,2023-11-08T12:00:00+08:00,579,405,166,1784,418,134
,,,,,,,,,591,11,8,15,2023-11-08T13:00:00+08:00,572,400,164,1761,413,131
,,,,,,,,,592,11,8,16,2023-11-08T14:00:00+08:00,602,421,172,1851,433,138
,,,,,,,,,593,11,8,17,2023-11-08T15:00:00+08:00,619,433,177,1904,446,142
,,,,,,,,,594,11,8,18,2023-11-08T16:00:00+08:00,623,436,179,1916,450,143
,,,,,,,,,595,11,8,19,2023-11-08T17:00:00+08:00,610,428,175,1880,441,140
,,,,,,,,,596,11,8,20,2023-11-08T18:00:00+08:00,573,401,165,1765,414,131
,,,,,,,,,597,11,8,21,2023-11-08T19:00:00+08:00,588,412,168,1809,424,135
,,,,,,,,,598,11,8,22,2023-11-08T20:00:00+08:00,606,424,173,1866,437,139
,,,,,,,,,599,11,8,23,2023-11-08T21:00:00+08:00,599,419,171,1842,431,138
,,,,,,,,,600,11,8,24,2023-11-08T22:00:00+08:00,585,410,168,1801,422,135
,,,,,,,,,601,11,9,1,2023-11-08T23:00:00+08:00,568,397,163,1747,410,130
,,,,,,,,,602,11,9,2,2023-11-09T00:00:00+08:00,542,379,155,1667,390,124
,,,,,,,,,603,11,9,3,2023-11-09T01:00:00+08:00,513,359,147,1580,370,118
,,,,,,,,,604,11,9,4,2023-11-09T02:00:00+08:00,498,349,143,1533,359,114
,,,,,,,,,605,11,9,5,2023-11-09T03:00:00+08:00,481,336,138,1482,347,110
,,,,,,,,,606,11,9,6,2023-11-09T04:00:00+08:00,468,327,134,1439,337,107
,,,,,,,,,607,11,9,7,2023-11-09T05:00:00+08:00,463,324,132,1426,334,106
,,,,,,,,,608,11,9,8,2023-11-09T06:00:00+08:00,474,332,135,1458,342,109
,,,,,,,,,609,11,9,9,2023-11-09T07:00:00+08:00,474,332,135,1458,342,109
,,,,,,,,,610,11,9,10,2023-11-09T08:00:00+08:00,487,341,140,1498,351,112
,,,,,,,,,611,11,9,11,2023-11-09T09:00:00+08:00,543,380,155,1672,392,125
,,,,,,,,,612,11,9,12,2023-11-09T10:00:00+08:00,569,398,163,1749,410,130
,,,,,,,,,613,11,9,13,2023-11-09T11:00:00+08:00,580,406,167,1788,419,134
,,,,,,,,,614,11,9,14,2023-11-09T12:00:00+08:00,577,404,166,1776,416,133
,,,,,,,,,615,11,9,15,2023-11-09T13:00:00+08:00,570,399,164,1754,411,130
,,,,,,,,,616,11,9,16,2023-11-09T14:00:00+08:00,601,420,172,1849,433,138
,,,,,,,,,617,11,9,17,2023-11-09T15:00:00+08:00,613,429,175,1887,442,141
,,,,,,,,,618,11,9,18,2023-11-09T16:00:00+08:00,610,427,175,1877,440,140
,,,,,,,,,619,11,9,19,2023-11-09T17:00:00+08:00,598,418,171,1841,431,138
,,,,,,,,,620,11,9,20,2023-11-09T18:00:00+08:00,568,397,163,1748,410,130
,,,,,,,,,621,11,9,21,2023-11-09T19:00:00+08:00,586,410,168,1802,423,135
,,,,,,,,,622,11,9,22,2023-11-09T20:00:00+08:00,599,418,171,1841,431,138
,,,,,,,,,623,11,9,23,2023-11-09T21:00:00+08:00,588,412,169,1809,424,135
,,,,,,,,,624,11,9,24,2023-11-09T22:00:00+08:00,569,398,163,1750,410,130
,,,,,,,,,625,11,10,1,2023-11-09T23:00:00+08:00,555,388,160,1709,400,127
,,,,,,,,,626,11,10,2,2023-11-10T00:00:00+08:00,528,369,151,1626,381,121
,,,,,,,,,627,11,10,3,2023-11-10T01:00:00+08:00,503,352,144,1549,363,116
,,,,,,,,,628,11,10,4,2023-11-10T02:00:00+08:00,486,341,140,1496,350,111
,,,,,,,,,629,11,10,5,2023-11-10T03:00:00+08:00,472,331,135,1455,342,108
,,,,,,,,,630,11,10,6,2023-11-10T04:00:00+08:00,464,325,133,1428,335,107
,,,,,,,,,631,11,10,7,2023-11-10T05:00:00+08:00,452,316,129,1391,326,104
,,,,,,,,,632,11,10,8,2023-11-10T06:00:00+08:00,462,324,132,1422,333,106
,,,,,,,,,633,11,10,9,2023-11-10T07:00:00+08:00,465,326,133,1431,335,107
,,,,,,,,,634,11,10,10,2023-11-10T08:00:00+08:00,471,330,135,1450,339,108
,,,,,,,,,635,11,10,11,2023-11-10T09:00:00+08:00,520,364,149,1598,375,120
,,,,,,,,,636,11,10,12,2023-11-10T10:00:00+08:00,546,382,156,1681,393,125
,,,,,,,,,637,11,10,13,2023-11-10T11:00:00+08:00,562,394,162,1732,405,129
,,,,,,,,,638,11,10,14,2023-11-10T12:00:00+08:00,564,395,162,1739,408,129
,,,,,,,,,639,11,10,15,2023-11-10T13:00:00+08:00,555,388,159,1707,400,127
,,,,,,,,,640,11,10,16,2023-11-10T14:00:00+08:00,569,398,163,1749,410,130
,,,,,,,,,641,11,10,17,2023-11-10T15:00:00+08:00,595,417,171,1833,430,137
,,,,,,,,,642,11,10,18,2023-11-10T16:00:00+08:00,601,420,172,1848,433,138
,,,,,,,,,643,11,10,19,2023-11-10T17:00:00+08:00,589,413,169,1813,425,136
,,,,,,,,,644,11,10,20,2023-11-10T18:00:00+08:00,559,392,161,1721,403,128
,,,,,,,,,645,11,10,21,2023-11-10T19:00:00+08:00,578,404,166,1779,417,133
,,,,,,,,,646,11,10,22,2023-11-10T20:00:00+08:00,590,413,169,1817,426,136
,,,,,,,,,647,11,10,23,2023-11-10T21:00:00+08:00,579,405,166,1782,417,133
,,,,,,,,,648,11,10,24,2023-11-10T22:00:00+08:00,562,394,162,1731,405,129
,,,,,,,,,649,11,11,1,2023-11-10T23:00:00+08:00,553,386,159,1701,399,127
,,,,,,,,,650,11,11,2,2023-11-11T00:00:00+08:00,535,375,153,1646,386,123
,,,,,,,,,651,11,11,3,2023-11-11T01:00:00+08:00,507,354,145,1559,365,117
,,,,,,,,,652,11,11,4,2023-11-11T02:00:00+08:00,491,344,141,1510,353,112
,,,,,,,,,653,11,11,5,2023-11-11T03:00:00+08:00,474,331,135,1456,342,109
,,,,,,,,,654,11,11,6,2023-11-11T04:00:00+08:00,461,323,132,1419,333,106
,,,,,,,,,655,11,11,7,2023-11-11T05:00:00+08:00,452,316,129,1391,326,104
,,,,,,,,,656,11,11,8,2023-11-11T06:00:00+08:00,454,318,130,1398,328,104
,,,,,,,,,657,11,11,9,2023-11-11T07:00:00+08:00,448,313,128,1378,323,103
,,,,,,,,,658,11,11,10,2023-11-11T08:00:00+08:00,429,300,123,1318,309,99
,,,,,,,,,659,11,11,11,2023-11-11T09:00:00+08:00,464,325,133,1429,335,107
,,,,,,,,,660,11,11,12,2023-11-11T10:00:00+08:00,487,341,140,1498,351,112
,,,,,,,,,661,11,11,13,2023-11-11T11:00:00+08:00,500,350,144,1541,361,114
,,,,,,,,,662,11,11,14,2023-11-11T12:00:00+08:00,498,348,143,1532,359,114
,,,,,,,,,663,11,11,15,2023-11-11T13:00:00+08:00,494,346,142,1521,357,113
,,,,,,,,,664,11,11,16,2023-11-11T14:00:00+08:00,509,355,146,1566,366,117
,,,,,,,,,665,11,11,17,2023-11-11T15:00:00+08:00,528,369,151,1624,381,121
,,,,,,,,,666,11,11,18,2023-11-11T16:00:00+08:00,532,372,152,1640,384,122
,,,,,,,,,667,11,11,19,2023-11-11T17:00:00+08:00,528,369,151,1626,381,121
,,,,,,,,,668,11,11,20,2023-11-11T18:00:00+08:00,524,367,150,1612,378,121
,,,,,,,,,669,11,11,21,2023-11-11T19:00:00+08:00,549,384,158,1691,397,126
,,,,,,,,,670,11,11,22,2023-11-11T20:00:00+08:00,561,393,161,1727,404,129
,,,,,,,,,671,11,11,23,2023-11-11T21:00:00+08:00,552,386,159,1696,398,126
,,,,,,,,,672,11,11,24,2023-11-11T22:00:00+08:00,540,378,154,1662,389,124
,,,,,,,,,673,2,19,1,2023-02-18T23:50:00+08:00,508,354,145,1561,365,117
,,,,,,,,,674,2,19,2,2023-02-19T00:50:00+08:00,486,341,140,1498,351,111
,,,,,,,,,675,2,19,3,2023-02-19T01:50:00+08:00,470,329,135,1449,339,108
,,,,,,,,,676,2,19,4,2023-02-19T02:50:00+08:00,450,315,129,1387,325,104
,,,,,,,,,677,2,19,5,2023-02-19T03:50:00+08:00,436,306,125,1343,315,101
,,,,,,,,,678,2,19,6,2023-02-19T04:50:00+08:00,432,301,124,1328,311,99
,,,,,,,,,679,2,19,7,2023-02-19T05:50:00+08:00,429,299,123,1318,309,99
,,,,,,,,,680,2,19,8,2023-02-19T06:50:00+08:00,421,295,121,1297,304,96
,,,,,,,,,681,2,19,9,2023-02-19T07:50:00+08:00,398,278,114,1225,288,91
,,,,,,,,,682,2,19,10,2023-02-19T08:50:00+08:00,410,288,118,1263,296,94
,,,,,,,,,683,2,19,11,2023-02-19T09:50:00+08:00,427,298,123,1313,308,98
,,,,,,,,,684,2,19,12,2023-02-19T10:50:00+08:00,443,310,127,1360,319,102
,,,,,,,,,685,2,19,13,2023-02-19T11:50:00+08:00,445,311,127,1370,321,102
,,,,,,,,,686,2,19,14,2023-02-19T12:50:00+08:00,447,313,128,1374,322,103
,,,,,,,,,687,2,19,15,2023-02-19T13:50:00+08:00,463,324,132,1425,334,106
,,,,,,,,,688,2,19,16,2023-02-19T14:50:00+08:00,475,332,137,1463,343,109
,,,,,,,,,689,2,19,17,2023-02-19T15:50:00+08:00,478,334,137,1469,344,109
,,,,,,,,,690,2,19,18,2023-02-19T16:50:00+08:00,480,336,138,1478,347,110
,,,,,,,,,691,2,19,19,2023-02-19T17:50:00+08:00,469,329,134,1446,338,108
,,,,,,,,,692,2,19,20,2023-02-19T18:50:00+08:00,472,330,135,1454,341,108
,,,,,,,,,693,2,19,21,2023-02-19T19:50:00+08:00,523,366,150,1608,377,120
,,,,,,,,,694,2,19,22,2023-02-19T20:50:00+08:00,525,367,150,1616,378,121
,,,,,,,,,695,2,19,23,2023-02-19T21:50:00+08:00,520,364,149,1600,375,120
,,,,,,,,,696,2,19,24,2023-02-19T22:50:00+08:00,511,358,146,1572,369,118
,,,,,,,,,697,2,20,1,2023-02-19T23:50:00+08:00,493,345,142,1516,356,113
,,,,,,,,,698,2,20,2,2023-02-20T00:50:00+08:00,466,326,133,1434,336,107
,,,,,,,,,699,2,20,3,2023-02-20T01:50:00+08:00,446,312,128,1372,322,103
,,,,,,,,,700,2,20,4,2023-02-20T02:50:00+08:00,433,303,124,1334,312,100
,,,,,,,,,701,2,20,5,2023-02-20T03:50:00+08:00,424,297,122,1306,306,98
,,,,,,,,,702,2,20,6,2023-02-20T04:50:00+08:00,419,293,120,1290,303,96
,,,,,,,,,703,2,20,7,2023-02-20T05:50:00+08:00,423,296,121,1302,305,98
,,,,,,,,,704,2,20,8,2023-02-20T06:50:00+08:00,435,305,125,1339,313,100
,,,,,,,,,705,2,20,9,2023-02-20T07:50:00+08:00,454,317,130,1396,328,104
,,,,,,,,,706,2,20,10,2023-02-20T08:50:00+08:00,511,358,146,1572,369,118
,,,,,,,,,707,2,20,11,2023-02-20T09:50:00+08:00,543,380,155,1670,391,125
,,,,,,,,,708,2,20,12,2023-02-20T10:50:00+08:00,560,393,161,1725,404,128
,,,,,,,,,709,2,20,13,2023-02-20T11:50:00+08:00,564,395,162,1735,406,129
,,,,,,,,,710,2,20,14,2023-02-20T12:50:00+08:00,557,389,160,1714,402,128
,,,,,,,,,711,2,20,15,2023-02-20T13:50:00+08:00,575,402,165,1769,415,133
,,,,,,,,,712,2,20,16,2023-02-20T14:50:00+08:00,594,416,170,1830,429,137
,,,,,,,,,713,2,20,17,2023-02-20T15:50:00+08:00,595,416,170,1831,429,137
,,,,,,,,,714,2,20,18,2023-02-20T16:50:00+08:00,591,414,169,1820,426,136
,,,,,,,,,715,2,20,19,2023-02-20T17:50:00+08:00,554,387,159,1705,400,127
,,,,,,,,,716,2,20,20,2023-02-20T18:50:00+08:00,540,378,154,1662,389,124
,,,,,,,,,717,2,20,21,2023-02-20T19:50:00+08:00,575,402,165,1771,415,133
,,,,,,,,,718,2,20,22,2023-02-20T20:50:00+08:00,575,402,165,1769,415,133
,,,,,,,,,719,2,20,23,2023-02-20T21:50:00+08:00,557,390,160,1715,402,128
,,,,,,,,,720,2,20,24,2023-02-20T22:50:00+08:00,540,378,154,1662,389,124
,,,,,,,,,721,2,21,1,2023-02-20T23:50:00+08:00,521,364,149,1601,375,120
,,,,,,,,,722,2,21,2,2023-02-21T00:50:00+08:00,493,345,142,1517,356,113
,,,,,,,,,723,2,21,3,2023-02-21T01:50:00+08:00,474,331,135,1456,342,109
,,,,,,,,,724,2,21,4,2023-02-21T02:50:00+08:00,461,323,132,1417,332,106
,,,,,,,,,725,2,21,5,2023-02-21T03:50:00+08:00,445,312,128,1370,321,102
,,,,,,,,,726,2,21,6,2023-02-21T04:50:00+08:00,439,308,126,1351,317,101
,,,,,,,,,727,2,21,7,2023-02-21T05:50:00+08:00,443,310,127,1362,319,102
,,,,,,,,,728,2,21,8,2023-02-21T06:50:00+08:00,454,317,130,1396,328,104
,,,,,,,,,729,2,21,9,2023-02-21T07:50:00+08:00,461,323,132,1418,332,106
,,,,,,,,,730,2,21,10,2023-02-21T08:50:00+08:00,515,360,148,1584,371,119
,,,,,,,,,731,2,21,11,2023-02-21T09:50:00+08:00,542,380,155,1669,391,125
,,,,,,,,,732,2,21,12,2023-02-21T10:50:00+08:00,558,390,160,1718,402,128
,,,,,,,,,733,2,21,13,2023-02-21T11:50:00+08:00,559,390,160,1718,403,128
,,,,,,,,,734,2,21,14,2023-02-21T12:50:00+08:00,553,386,159,1700,398,127
,,,,,,,,,735,2,21,15,2023-02-21T13:50:00+08:00,571,399,164,1756,412,131
,,,,,,,,,736,2,21,16,2023-02-21T14:50:00+08:00,593,415,170,1826,428,137
,,,,,,,,,737,2,21,17,2023-02-21T15:50:00+08:00,600,419,172,1846,432,138
,,,,,,,,,738,2,21,18,2023-02-21T16:50:00+08:00,593,415,170,1826,428,137
,,,,,,,,,739,2,21,19,2023-02-21T17:50:00+08:00,556,389,160,1711,401,127
,,,,,,,,,740,2,21,20,2023-02-21T18:50:00+08:00,542,380,155,1669,391,125
,,,,,,,,,741,2,21,21,2023-02-21T19:50:00+08:00,580,406,166,1786,418,134
,,,,,,,,,742,2,21,22,2023-02-21T20:50:00+08:00,577,404,166,1777,416,133
,,,,,,,,,743,2,21,23,2023-02-21T21:50:00+08:00,560,393,161,1725,404,128
,,,,,,,,,744,2,21,24,2023-02-21T22:50:00+08:00,549,384,158,1691,397,126
,,,,,,,,,745,2,22,1,2023-02-21T23:50:00+08:00,525,367,150,1615,378,121
,,,,,,,,,746,2,22,2,2023-02-22T00:50:00+08:00,496,347,142,1526,358,113
,,,,,,,,,747,2,22,3,2023-02-22T01:50:00+08:00,477,333,137,1467,344,109
,,,,,,,,,748,2,22,4,2023-02-22T02:50:00+08:00,459,320,131,1411,331,105
,,,,,,,,,749,2,22,5,2023-02-22T03:50:00+08:00,451,315,129,1389,325,104
,,,,,,,,,750,2,22,6,2023-02-22T04:50:00+08:00,446,312,128,1370,321,102
,,,,,,,,,751,2,22,7,2023-02-22T05:50:00+08:00,449,314,128,1380,323,103
,,,,,,,,,752,2,22,8,2023-02-22T06:50:00+08:00,458,320,131,1409,330,105
,,,,,,,,,753,2,22,9,2023-02-22T07:50:00+08:00,464,325,133,1426,334,106
,,,,,,,,,754,2,22,10,2023-02-22T08:50:00+08:00,514,360,147,1582,371,118
,,,,,,,,,755,2,22,11,2023-02-22T09:50:00+08:00,542,379,155,1668,391,124
,,,,,,,,,756,2,22,12,2023-02-22T10:50:00+08:00,554,387,159,1705,400,127
,,,,,,,,,757,2,22,13,2023-02-22T11:50:00+08:00,559,392,161,1722,403,128
,,,,,,,,,758,2,22,14,2023-02-22T12:50:00+08:00,546,382,156,1680,393,125
,,,,,,,,,759,2,22,15,2023-02-22T13:50:00+08:00,564,395,162,1736,406,129
,,,,,,,,,760,2,22,16,2023-02-22T14:50:00+08:00,586,410,168,1803,423,135
,,,,,,,,,761,2,22,17,2023-02-22T15:50:00+08:00,591,414,169,1820,426,136
,,,,,,,,,762,2,22,18,2023-02-22T16:50:00+08:00,590,413,169,1815,425,136
,,,,,,,,,763,2,22,19,2023-02-22T17:50:00+08:00,555,388,159,1708,400,127
,,,,,,,,,764,2,22,20,2023-02-22T18:50:00+08:00,546,382,156,1680,393,125
,,,,,,,,,765,2,22,21,2023-02-22T19:50:00+08:00,583,407,167,1793,421,134
,,,,,,,,,766,2,22,22,2023-02-22T20:50:00+08:00,577,404,166,1776,416,133
,,,,,,,,,767,2,22,23,2023-02-22T21:50:00+08:00,563,394,162,1732,406,129
,,,,,,,,,768,2,22,24,2023-02-22T22:50:00+08:00,552,386,159,1698,398,127
,,,,,,,,,769,2,23,1,2023-02-22T23:50:00+08:00,529,370,151,1627,382,122
,,,,,,,,,770,2,23,2,2023-02-23T00:50:00+08:00,501,351,144,1543,361,116
,,,,,,,,,771,2,23,3,2023-02-23T01:50:00+08:00,479,335,138,1474,346,110
,,,,,,,,,772,2,23,4,2023-02-23T02:50:00+08:00,465,325,133,1430,335,107
,,,,,,,,,773,2,23,5,2023-02-23T03:50:00+08:00,451,315,129,1387,325,104
,,,,,,,,,774,2,23,6,2023-02-23T04:50:00+08:00,444,311,127,1366,320,102
,,,,,,,,,775,2,23,7,2023-02-23T05:50:00+08:00,445,311,127,1370,321,102
,,,,,,,,,776,2,23,8,2023-02-23T06:50:00+08:00,456,319,131,1404,329,105
,,,,,,,,,777,2,23,9,2023-02-23T07:50:00+08:00,463,325,132,1426,334,106
,,,,,,,,,778,2,23,10,2023-02-23T08:50:00+08:00,514,360,147,1584,371,118
,,,,,,,,,779,2,23,11,2023-02-23T09:50:00+08:00,543,380,155,1671,391,125
,,,,,,,,,780,2,23,12,2023-02-23T10:50:00+08:00,560,393,161,1726,404,128
,,,,,,,,,781,2,23,13,2023-02-23T11:50:00+08:00,561,393,161,1726,404,129
,,,,,,,,,782,2,23,14,2023-02-23T12:50:00+08:00,553,386,159,1701,399,127
,,,,,,,,,783,2,23,15,2023-02-23T13:50:00+08:00,574,402,165,1767,414,131
,,,,,,,,,784,2,23,16,2023-02-23T14:50:00+08:00,584,408,167,1795,421,134
,,,,,,,,,785,2,23,17,2023-02-23T15:50:00+08:00,589,412,169,1812,425,136
,,,,,,,,,786,2,23,18,2023-02-23T16:50:00+08:00,586,410,168,1803,423,135
,,,,,,,,,787,2,23,19,2023-02-23T17:50:00+08:00,556,388,160,1710,401,127
,,,,,,,,,788,2,23,20,2023-02-23T18:50:00+08:00,543,380,155,1670,391,125
,,,,,,,,,789,2,23,21,2023-02-23T19:50:00+08:00,584,408,167,1797,422,135
,,,,,,,,,790,2,23,22,2023-02-23T20:50:00+08:00,578,404,166,1780,417,133
,,,,,,,,,791,2,23,23,2023-02-23T21:50:00+08:00,560,392,161,1724,404,128
,,,,,,,,,792,2,23,24,2023-02-23T22:50:00+08:00,551,385,158,1694,397,126
,,,,,,,,,793,2,24,1,2023-02-23T23:50:00+08:00,529,370,152,1630,382,122
,,,,,,,,,794,2,24,2,2023-02-24T00:50:00+08:00,503,352,144,1549,363,116
,,,,,,,,,795,2,24,3,2023-02-24T01:50:00+08:00,482,337,139,1484,348,110
,,,,,,,,,796,2,24,4,2023-02-24T02:50:00+08:00,467,327,134,1438,337,107
,,,,,,,,,797,2,24,5,2023-02-24T03:50:00+08:00,451,316,129,1389,325,104
,,,,,,,,,798,2,24,6,2023-02-24T04:50:00+08:00,443,310,127,1364,320,102
,,,,,,,,,799,2,24,7,2023-02-24T05:50:00+08:00,450,315,129,1385,324,103
,,,,,,,,,800,2,24,8,2023-02-24T06:50:00+08:00,453,317,130,1396,328,104
,,,,,,,,,801,2,24,9,2023-02-24T07:50:00+08:00,458,320,131,1408,330,105
,,,,,,,,,802,2,24,10,2023-02-24T08:50:00+08:00,503,352,145,1550,363,116
,,,,,,,,,803,2,24,11,2023-02-24T09:50:00+08:00,529,370,151,1628,382,122
,,,,,,,,,804,2,24,12,2023-02-24T10:50:00+08:00,541,379,155,1666,390,124
,,,,,,,,,805,2,24,13,2023-02-24T11:50:00+08:00,548,384,158,1688,396,126
,,,,,,,,,806,2,24,14,2023-02-24T12:50:00+08:00,537,376,153,1651,387,123
,,,,,,,,,807,2,24,15,2023-02-24T13:50:00+08:00,543,380,155,1671,391,125
,,,,,,,,,808,2,24,16,2023-02-24T14:50:00+08:00,567,397,163,1744,409,130
,,,,,,,,,809,2,24,17,2023-02-24T15:50:00+08:00,582,407,167,1791,419,134
,,,,,,,,,810,2,24,18,2023-02-24T16:50:00+08:00,584,408,167,1797,422,135
,,,,,,,,,811,2,24,19,2023-02-24T17:50:00+08:00,555,388,159,1707,400,127
,,,,,,,,,812,2,24,20,2023-02-24T18:50:00+08:00,541,379,155,1665,390,124
,,,,,,,,,813,2,24,21,2023-02-24T19:50:00+08:00,577,404,166,1776,416,133
,,,,,,,,,814,2,24,22,2023-02-24T20:50:00+08:00,572,400,164,1761,413,131
,,,,,,,,,815,2,24,23,2023-02-24T21:50:00+08:00,558,390,160,1716,402,128
,,,,,,,,,816,2,24,24,2023-02-24T22:50:00+08:00,549,384,158,1691,397,126
,,,,,,,,,817,2,25,1,2023-02-24T23:50:00+08:00,530,371,152,1632,383,122
,,,,,,,,,818,2,25,2,2023-02-25T00:50:00+08:00,502,351,144,1546,362,116
,,,,,,,,,819,2,25,3,2023-02-25T01:50:00+08:00,484,338,139,1490,349,111
,,,,,,,,,820,2,25,4,2023-02-25T02:50:00+08:00,466,327,133,1435,336,107
,,,,,,,,,821,2,25,5,2023-02-25T03:50:00+08:00,451,316,129,1389,325,104
,,,,,,,,,822,2,25,6,2023-02-25T04:50:00+08:00,441,309,127,1359,319,102
,,,,,,,,,823,2,25,7,2023-02-25T05:50:00+08:00,440,309,126,1356,318,101
,,,,,,,,,824,2,25,8,2023-02-25T06:50:00+08:00,439,307,126,1351,317,101
,,,,,,,,,825,2,25,9,2023-02-25T07:50:00+08:00,424,297,122,1305,306,98
,,,,,,,,,826,2,25,10,2023-02-25T08:50:00+08:00,456,319,131,1406,330,105
,,,,,,,,,827,2,25,11,2023-02-25T09:50:00+08:00,479,335,138,1473,345,110
,,,,,,,,,828,2,25,12,2023-02-25T10:50:00+08:00,497,348,143,1529,358,114
,,,,,,,,,829,2,25,13,2023-02-25T11:50:00+08:00,497,348,143,1530,359,114
,,,,,,,,,830,2,25,14,2023-02-25T12:50:00+08:00,484,338,139,1490,349,111
,,,,,,,,,831,2,25,15,2023-02-25T13:50:00+08:00,494,345,142,1518,356,113
,,,,,,,,,832,2,25,16,2023-02-25T14:50:00+08:00,502,351,144,1547,362,116
,,,,,,,,,833,2,25,17,2023-02-25T15:50:00+08:00,510,356,146,1570,368,118
,,,,,,,,,834,2,25,18,2023-02-25T16:50:00+08:00,512,359,147,1576,370,118
,,,,,,,,,835,2,25,19,2023-02-25T17:50:00+08:00,499,349,143,1535,360,114
,,,,,,,,,836,2,25,20,2023-02-25T18:50:00+08:00,500,350,144,1541,361,114
,,,,,,,,,837,2,25,21,2023-02-25T19:50:00+08:00,542,379,155,1668,391,124
,,,,,,,,,838,2,25,22,2023-02-25T20:50:00+08:00,540,378,154,1663,389,124
,,,,,,,,,839,2,25,23,2023-02-25T21:50:00+08:00,527,369,151,1623,381,121
,,,,,,,,,840,2,25,24,2023-02-25T22:50:00+08:00,517,362,148,1592,373,119
,,,,,,,,,841,11,12,1,2023-11-11T23:00:00+08:00,529,370,152,1629,382,122
,,,,,,,,,842,11,12,2,2023-11-12T00:00:00+08:00,510,356,146,1570,368,118
,,,,,,,,,843,11,12,3,2023-11-12T01:00:00+08:00,492,344,141,1512,355,112
,,,,,,,,,844,11,12,4,2023-11-12T02:00:00+08:00,476,333,137,1465,344,109
,,,,,,,,,845,11,12,5,2023-11-12T03:00:00+08:00,458,320,131,1408,330,105
,,,,,,,,,846,11,12,6,2023-11-12T04:00:00+08:00,446,312,128,1370,321,102
,,,,,,,,,847,11,12,7,2023-11-12T05:00:00+08:00,437,306,125,1347,316,101
,,,,,,,,,848,11,12,8,2023-11-12T06:00:00+08:00,436,306,125,1343,315,101
,,,,,,,,,849,11,12,9,2023-11-12T07:00:00+08:00,424,297,122,1306,306,98
,,,,,,,,,850,11,12,10,2023-11-12T08:00:00+08:00,390,273,112,1201,281,90
,,,,,,,,,851,11,12,11,2023-11-12T09:00:00+08:00,388,272,111,1195,280,89
,,,,,,,,,852,11,12,12,2023-11-12T10:00:00+08:00,407,285,117,1253,294,93
,,,,,,,,,853,11,12,13,2023-11-12T11:00:00+08:00,419,294,121,1291,303,96
,,,,,,,,,854,11,12,14,2023-11-12T12:00:00+08:00,420,294,121,1293,303,96
,,,,,,,,,855,11,12,15,2023-11-12T13:00:00+08:00,427,298,122,1311,307,98
,,,,,,,,,856,11,12,16,2023-11-12T14:00:00+08:00,438,307,126,1349,317,101
,,,,,,,,,857,11,12,17,2023-11-12T15:00:00+08:00,455,318,130,1400,329,105
,,,,,,,,,858,11,12,18,2023-11-12T16:00:00+08:00,465,326,133,1430,335,107
,,,,,,,,,859,11,12,19,2023-11-12T17:00:00+08:00,466,326,133,1433,336,107
,,,,,,,,,860,11,12,20,2023-11-12T18:00:00+08:00,467,327,134,1437,337,107
,,,,,,,,,861,11,12,21,2023-11-12T19:00:00+08:00,500,350,143,1538,360,114
,,,,,,,,,862,11,12,22,2023-11-12T20:00:00+08:00,523,365,150,1607,376,120
,,,,,,,,,863,11,12,23,2023-11-12T21:00:00+08:00,518,363,149,1596,374,119
,,,,,,,,,864,11,12,24,2023-11-12T22:00:00+08:00,509,356,146,1567,368,117
,,,,,,,,,865,11,13,1,2023-11-12T23:00:00+08:00,506,353,145,1554,364,116
,,,,,,,,,866,11,13,2,2023-11-13T00:00:00+08:00,494,345,142,1518,356,113
,,,,,,,,,867,11,13,3,2023-11-13T01:00:00+08:00,470,329,134,1449,339,108
,,,,,,,,,868,11,13,4,2023-11-13T02:00:00+08:00,454,318,130,1399,328,105
,,,,,,,,,869,11,13,5,2023-11-13T03:00:00+08:00,438,307,126,1350,317,101
,,,,,,,,,870,11,13,6,2023-11-13T04:00:00+08:00,423,296,121,1302,305,98
,,,,,,,,,871,11,13,7,2023-11-13T05:00:00+08:00,420,294,121,1293,303,96
,,,,,,,,,872,11,13,8,2023-11-13T06:00:00+08:00,420,294,121,1292,303,96
,,,,,,,,,873,11,13,9,2023-11-13T07:00:00+08:00,410,288,118,1264,296,94
,,,,,,,,,874,11,13,10,2023-11-13T08:00:00+08:00,400,279,114,1230,289,92
,,,,,,,,,875,11,13,11,2023-11-13T09:00:00+08:00,419,293,120,1289,302,96
,,,,,,,,,876,11,13,12,2023-11-13T10:00:00+08:00,444,310,127,1365,320,102
,,,,,,,,,877,11,13,13,2023-11-13T11:00:00+08:00,461,323,132,1417,332,106
,,,,,,,,,878,11,13,14,2023-11-13T12:00:00+08:00,467,327,134,1438,337,107
,,,,,,,,,879,11,13,15,2023-11-13T13:00:00+08:00,475,332,137,1461,343,109
,,,,,,,,,880,11,13,16,2023-11-13T14:00:00+08:00,491,343,141,1510,353,112
,,,,,,,,,881,11,13,17,2023-11-13T15:00:00+08:00,503,352,144,1550,363,116
,,,,,,,,,882,11,13,18,2023-11-13T16:00:00+08:00,505,353,145,1553,364,116
,,,,,,,,,883,11,13,19,2023-11-13T17:00:00+08:00,499,349,143,1536,360,114
,,,,,,,,,884,11,13,20,2023-11-13T18:00:00+08:00,490,343,141,1508,353,112
,,,,,,,,,885,11,13,21,2023-11-13T19:00:00+08:00,524,366,150,1611,377,120
,,,,,,,,,886,11,13,22,2023-11-13T20:00:00+08:00,540,378,154,1661,389,124
,,,,,,,,,887,11,13,23,2023-11-13T21:00:00+08:00,536,375,153,1648,386,123
,,,,,,,,,888,11,13,24,2023-11-13T22:00:00+08:00,526,368,151,1620,379,121
,,,,,,,,,889,11,14,1,2023-11-13T23:00:00+08:00,520,363,149,1598,375,120
,,,,,,,,,890,11,14,2,2023-11-14T00:00:00+08:00,499,349,143,1536,360,114
,,,,,,,,,891,11,14,3,2023-11-14T01:00:00+08:00,474,331,135,1457,342,109
,,,,,,,,,892,11,14,4,2023-11-14T02:00:00+08:00,460,321,131,1413,331,105
,,,,,,,,,893,11,14,5,2023-11-14T03:00:00+08:00,447,313,128,1376,322,103
,,,,,,,,,894,11,14,6,2023-11-14T04:00:00+08:00,434,303,124,1336,313,100
,,,,,,,,,895,11,14,7,2023-11-14T05:00:00+08:00,429,300,123,1318,309,99
,,,,,,,,,896,11,14,8,2023-11-14T06:00:00+08:00,435,305,125,1338,313,100
,,,,,,,,,897,11,14,9,2023-11-14T07:00:00+08:00,441,309,127,1358,319,102
,,,,,,,,,898,11,14,10,2023-11-14T08:00:00+08:00,468,328,134,1442,338,108
,,,,,,,,,899,11,14,11,2023-11-14T09:00:00+08:00,530,371,152,1632,383,122
,,,,,,,,,900,11,14,12,2023-11-14T10:00:00+08:00,557,390,160,1715,402,128
,,,,,,,,,901,11,14,13,2023-11-14T11:00:00+08:00,572,400,164,1760,413,131
,,,,,,,,,902,11,14,14,2023-11-14T12:00:00+08:00,573,401,164,1762,413,131
,,,,,,,,,903,11,14,15,2023-11-14T13:00:00+08:00,567,396,163,1743,409,130
,,,,,,,,,904,11,14,16,2023-11-14T14:00:00+08:00,586,410,168,1803,423,135
,,,,,,,,,905,11,14,17,2023-11-14T15:00:00+08:00,600,419,172,1845,432,138
,,,,,,,,,906,11,14,18,2023-11-14T16:00:00+08:00,609,427,174,1874,439,140
,,,,,,,,,907,11,14,19,2023-11-14T17:00:00+08:00,593,415,170,1826,428,137
,,,,,,,,,908,11,14,20,2023-11-14T18:00:00+08:00,561,393,161,1728,405,129
,,,,,,,,,909,11,14,21,2023-11-14T19:00:00+08:00,580,405,166,1785,418,134
,,,,,,,,,910,11,14,22,2023-11-14T20:00:00+08:00,595,417,171,1832,429,137
,,,,,,,,,911,11,14,23,2023-11-14T21:00:00+08:00,588,412,168,1809,424,135
,,,,,,,,,912,11,14,24,2023-11-14T22:00:00+08:00,572,400,164,1761,413,131
,,,,,,,,,913,11,15,1,2023-11-14T23:00:00+08:00,558,390,160,1716,402,128
,,,,,,,,,914,11,15,2,2023-11-15T00:00:00+08:00,528,369,151,1625,381,121
,,,,,,,,,915,11,15,3,2023-11-15T01:00:00+08:00,506,353,145,1556,364,117
,,,,,,,,,916,11,15,4,2023-11-15T02:00:00+08:00,489,342,140,1503,352,112
,,,,,,,,,917,11,15,5,2023-11-15T03:00:00+08:00,470,329,134,1447,339,108
,,,,,,,,,918,11,15,6,2023-11-15T04:00:00+08:00,461,323,132,1418,333,106
,,,,,,,,,919,11,15,7,2023-11-15T05:00:00+08:00,456,319,130,1404,329,105
,,,,,,,,,920,11,15,8,2023-11-15T06:00:00+08:00,463,324,132,1424,334,106
,,,,,,,,,921,11,15,9,2023-11-15T07:00:00+08:00,462,323,132,1420,333,106
,,,,,,,,,922,11,15,10,2023-11-15T08:00:00+08:00,477,334,137,1468,344,109
,,,,,,,,,923,11,15,11,2023-11-15T09:00:00+08:00,533,373,153,1642,385,123
,,,,,,,,,924,11,15,12,2023-11-15T10:00:00+08:00,563,395,162,1735,406,129
,,,,,,,,,925,11,15,13,2023-11-15T11:00:00+08:00,583,407,167,1793,421,134
,,,,,,,,,926,11,15,14,2023-11-15T12:00:00+08:00,587,411,168,1806,424,135
,,,,,,,,,927,11,15,15,2023-11-15T13:00:00+08:00,580,406,166,1786,418,134
,,,,,,,,,928,11,15,16,2023-11-15T14:00:00+08:00,602,421,172,1852,435,138
,,,,,,,,,929,11,15,17,2023-11-15T15:00:00+08:00,614,430,176,1890,443,141
,,,,,,,,,930,11,15,18,2023-11-15T16:00:00+08:00,619,433,177,1904,446,142
,,,,,,,,,931,11,15,19,2023-11-15T17:00:00+08:00,607,424,174,1868,438,140
,,,,,,,,,932,11,15,20,2023-11-15T18:00:00+08:00,570,399,164,1753,411,130
,,,,,,,,,933,11,15,21,2023-11-15T19:00:00+08:00,586,410,168,1802,423,135
,,,,,,,,,934,11,15,22,2023-11-15T20:00:00+08:00,597,417,171,1834,430,137
,,,,,,,,,935,11,15,23,2023-11-15T21:00:00+08:00,588,412,168,1809,424,135
,,,,,,,,,936,11,15,24,2023-11-15T22:00:00+08:00,574,401,165,1765,414,131
,,,,,,,,,937,11,16,1,2023-11-15T23:00:00+08:00,560,392,161,1723,403,128
,,,,,,,,,938,11,16,2,2023-11-16T00:00:00+08:00,528,369,151,1626,381,121
,,,,,,,,,939,11,16,3,2023-11-16T01:00:00+08:00,502,351,144,1546,362,116
,,,,,,,,,940,11,16,4,2023-11-16T02:00:00+08:00,484,338,139,1490,349,111
,,,,,,,,,941,11,16,5,2023-11-16T03:00:00+08:00,471,330,135,1451,341,108
,,,,,,,,,942,11,16,6,2023-11-16T04:00:00+08:00,459,320,131,1412,331,105
,,,,,,,,,943,11,16,7,2023-11-16T05:00:00+08:00,456,319,131,1406,330,105
,,,,,,,,,944,11,16,8,2023-11-16T06:00:00+08:00,470,329,134,1448,339,108
,,,,,,,,,945,11,16,9,2023-11-16T07:00:00+08:00,467,327,133,1436,336,107
,,,,,,,,,946,11,16,10,2023-11-16T08:00:00+08:00,482,337,139,1484,348,110
,,,,,,,,,947,11,16,11,2023-11-16T09:00:00+08:00,537,376,154,1652,387,123
,,,,,,,,,948,11,16,12,2023-11-16T10:00:00+08:00,566,396,162,1742,409,130
,,,,,,,,,949,11,16,13,2023-11-16T11:00:00+08:00,584,408,167,1795,421,134
,,,,,,,,,950,11,16,14,2023-11-16T12:00:00+08:00,580,406,167,1787,418,134
,,,,,,,,,951,11,16,15,2023-11-16T13:00:00+08:00,574,401,165,1765,414,131
,,,,,,,,,952,11,16,16,2023-11-16T14:00:00+08:00,601,420,172,1847,433,138
,,,,,,,,,953,11,16,17,2023-11-16T15:00:00+08:00,623,436,179,1918,450,143
,,,,,,,,,954,11,16,18,2023-11-16T16:00:00+08:00,624,437,179,1921,450,143
,,,,,,,,,955,11,16,19,2023-11-16T17:00:00+08:00,610,428,175,1880,440,140
,,,,,,,,,956,11,16,20,2023-11-16T18:00:00+08:00,578,404,166,1779,417,133
,,,,,,,,,957,11,16,21,2023-11-16T19:00:00+08:00,589,412,169,1813,425,136
,,,,,,,,,958,11,16,22,2023-11-16T20:00:00+08:00,603,421,173,1854,435,139
,,,,,,,,,959,11,16,23,2023-11-16T21:00:00+08:00,593,415,170,1827,428,137
,,,,,,,,,960,11,16,24,2023-11-16T22:00:00+08:00,576,403,165,1773,416,133
,,,,,,,,,961,11,17,1,2023-11-16T23:00:00+08:00,562,394,161,1730,405,129
,,,,,,,,,962,11,17,2,2023-11-17T00:00:00+08:00,538,376,154,1653,387,123
,,,,,,,,,963,11,17,3,2023-11-17T01:00:00+08:00,510,356,146,1569,368,117
,,,,,,,,,964,11,17,4,2023-11-17T02:00:00+08:00,494,346,142,1521,357,113
,,,,,,,,,965,11,17,5,2023-11-17T03:00:00+08:00,478,334,138,1472,345,110
,,,,,,,,,966,11,17,6,2023-11-17T04:00:00+08:00,467,327,133,1436,336,107
,,,,,,,,,967,11,17,7,2023-11-17T05:00:00+08:00,462,323,132,1420,333,106
,,,,,,,,,968,11,17,8,2023-11-17T06:00:00+08:00,459,320,131,1410,331,105
,,,,,,,,,969,11,17,9,2023-11-17T07:00:00+08:00,464,325,133,1427,334,106
,,,,,,,,,970,11,17,10,2023-11-17T08:00:00+08:00,475,332,137,1461,343,109
,,,,,,,,,971,11,17,11,2023-11-17T09:00:00+08:00,526,367,150,1617,379,121
,,,,,,,,,972,11,17,12,2023-11-17T10:00:00+08:00,551,385,158,1694,397,126
,,,,,,,,,973,11,17,13,2023-11-17T11:00:00+08:00,572,400,164,1761,413,131
,,,,,,,,,974,11,17,14,2023-11-17T12:00:00+08:00,572,400,164,1761,413,131
,,,,,,,,,975,11,17,15,2023-11-17T13:00:00+08:00,561,393,161,1728,405,129
,,,,,,,,,976,11,17,16,2023-11-17T14:00:00+08:00,578,404,166,1780,417,133
,,,,,,,,,977,11,17,17,2023-11-17T15:00:00+08:00,606,424,174,1867,438,139
,,,,,,,,,978,11,17,18,2023-11-17T16:00:00+08:00,609,427,174,1874,439,140
,,,,,,,,,979,11,17,19,2023-11-17T17:00:00+08:00,599,419,171,1842,431,138
,,,,,,,,,980,11,17,20,2023-11-17T18:00:00+08:00,569,398,163,1750,410,130
,,,,,,,,,981,11,17,21,2023-11-17T19:00:00+08:00,583,407,167,1794,421,134
,,,,,,,,,982,11,17,22,2023-11-17T20:00:00+08:00,595,417,171,1832,429,137
,,,,,,,,,983,11,17,23,2023-11-17T21:00:00+08:00,585,408,168,1799,422,135
,,,,,,,,,984,11,17,24,2023-11-17T22:00:00+08:00,569,398,163,1749,410,130
,,,,,,,,,985,11,18,1,2023-11-17T23:00:00+08:00,554,387,159,1705,400,127
,,,,,,,,,986,11,18,2,2023-11-18T00:00:00+08:00,535,373,153,1644,385,123
,,,,,,,,,987,11,18,3,2023-11-18T01:00:00+08:00,509,355,146,1565,366,117
,,,,,,,,,988,11,18,4,2023-11-18T02:00:00+08:00,493,345,142,1517,356,113
,,,,,,,,,989,11,18,5,2023-11-18T03:00:00+08:00,479,335,138,1475,346,110
,,,,,,,,,990,11,18,6,2023-11-18T04:00:00+08:00,464,325,133,1426,334,106
,,,,,,,,,991,11,18,7,2023-11-18T05:00:00+08:00,459,321,131,1412,331,105
,,,,,,,,,992,11,18,8,2023-11-18T06:00:00+08:00,461,323,132,1416,332,106
,,,,,,,,,993,11,18,9,2023-11-18T07:00:00+08:00,452,316,129,1391,326,104
,,,,,,,,,994,11,18,10,2023-11-18T08:00:00+08:00,444,311,127,1366,320,102
,,,,,,,,,995,11,18,11,2023-11-18T09:00:00+08:00,481,336,138,1479,347,110
,,,,,,,,,996,11,18,12,2023-11-18T10:00:00+08:00,505,353,145,1553,364,116
,,,,,,,,,997,11,18,13,2023-11-18T11:00:00+08:00,525,367,150,1613,378,121
,,,,,,,,,998,11,18,14,2023-11-18T12:00:00+08:00,524,367,150,1613,378,121
,,,,,,,,,999,11,18,15,2023-11-18T13:00:00+08:00,517,362,148,1591,373,119
,,,,,,,,,1000,11,18,16,2023-11-18T14:00:00+08:00,529,370,152,1629,382,122
,,,,,,,,,1001,11,18,17,2023-11-18T15:00:00+08:00,533,373,153,1642,385,123
,,,,,,,,,1002,11,18,18,2023-11-18T16:00:00+08:00,537,376,154,1652,387,123
,,,,,,,,,1003,11,18,19,2023-11-18T17:00:00+08:00,535,375,153,1646,386,123
,,,,,,,,,1004,11,18,20,2023-11-18T18:00:00+08:00,526,368,151,1618,379,121
,,,,,,,,,1005,11,18,21,2023-11-18T19:00:00+08:00,551,385,158,1695,397,126
,,,,,,,,,1006,11,18,22,2023-11-18T20:00:00+08:00,567,396,163,1743,409,130
,,,,,,,,,1007,11,18,23,2023-11-18T21:00:00+08:00,558,390,160,1718,403,128
,,,,,,,,,1008,11,18,24,2023-11-18T22:00:00+08:00,545,382,156,1680,393,125
,,,,,,,,,1009,9,24,1,2023-09-23T23:00:00+08:00,539,377,154,1656,388,124
,,,,,,,,,1010,9,24,2,2023-09-24T00:00:00+08:00,517,362,148,1592,373,119
,,,,,,,,,1011,9,24,3,2023-09-24T01:00:00+08:00,495,346,142,1522,357,113
,,,,,,,,,1012,9,24,4,2023-09-24T02:00:00+08:00,474,331,135,1458,342,109
,,,,,,,,,1013,9,24,5,2023-09-24T03:00:00+08:00,459,320,131,1410,331,105
,,,,,,,,,1014,9,24,6,2023-09-24T04:00:00+08:00,449,314,129,1383,324,103
,,,,,,,,,1015,9,24,7,2023-09-24T05:00:00+08:00,439,308,126,1353,317,101
,,,,,,,,,1016,9,24,8,2023-09-24T06:00:00+08:00,441,309,126,1358,318,102
,,,,,,,,,1017,9,24,9,2023-09-24T07:00:00+08:00,431,301,123,1325,310,99
,,,,,,,,,1018,9,24,10,2023-09-24T08:00:00+08:00,413,289,119,1270,297,94
,,,,,,,,,1019,9,24,11,2023-09-24T09:00:00+08:00,429,300,123,1319,309,99
,,,,,,,,,1020,9,24,12,2023-09-24T10:00:00+08:00,449,314,129,1383,324,103
,,,,,,,,,1021,9,24,13,2023-09-24T11:00:00+08:00,455,318,130,1399,328,105
,,,,,,,,,1022,9,24,14,2023-09-24T12:00:00+08:00,454,317,130,1396,328,104
,,,,,,,,,1023,9,24,15,2023-09-24T13:00:00+08:00,456,319,131,1404,329,105
,,,,,,,,,1024,9,24,16,2023-09-24T14:00:00+08:00,471,330,135,1449,339,108
,,,,,,,,,1025,9,24,17,2023-09-24T15:00:00+08:00,479,335,138,1474,346,110
,,,,,,,,,1026,9,24,18,2023-09-24T16:00:00+08:00,480,336,138,1478,346,110
,,,,,,,,,1027,9,24,19,2023-09-24T17:00:00+08:00,476,333,137,1464,343,109
,,,,,,,,,1028,9,24,20,2023-09-24T18:00:00+08:00,476,333,137,1464,343,109
,,,,,,,,,1029,9,24,21,2023-09-24T19:00:00+08:00,502,351,144,1546,362,116
,,,,,,,,,1030,9,24,22,2023-09-24T20:00:00+08:00,544,381,156,1675,392,125
,,,,,,,,,1031,9,24,23,2023-09-24T21:00:00+08:00,543,380,155,1672,392,125
,,,,,,,,,1032,9,24,24,2023-09-24T22:00:00+08:00,538,376,154,1654,388,123
,,,,,,,,,1033,9,25,1,2023-09-24T23:00:00+08:00,523,366,150,1608,377,120
,,,,,,,,,1034,9,25,2,2023-09-25T00:00:00+08:00,496,347,142,1525,358,113
,,,,,,,,,1035,9,25,3,2023-09-25T01:00:00+08:00,475,332,135,1459,342,109
,,,,,,,,,1036,9,25,4,2023-09-25T02:00:00+08:00,455,318,130,1403,329,105
,,,,,,,,,1037,9,25,5,2023-09-25T03:00:00+08:00,443,310,127,1363,319,102
,,,,,,,,,1038,9,25,6,2023-09-25T04:00:00+08:00,431,301,124,1326,310,99
,,,,,,,,,1039,9,25,7,2023-09-25T05:00:00+08:00,429,299,123,1318,309,99
,,,,,,,,,1040,9,25,8,2023-09-25T06:00:00+08:00,443,310,127,1363,319,102
,,,,,,,,,1041,9,25,9,2023-09-25T07:00:00+08:00,450,315,129,1385,324,104
,,,,,,,,,1042,9,25,10,2023-09-25T08:00:00+08:00,477,333,137,1467,344,109
,,,,,,,,,1043,9,25,11,2023-09-25T09:00:00+08:00,540,378,154,1661,389,124
,,,,,,,,,1044,9,25,12,2023-09-25T10:00:00+08:00,567,397,163,1745,409,130
,,,,,,,,,1045,9,25,13,2023-09-25T11:00:00+08:00,585,408,168,1799,422,135
,,,,,,,,,1046,9,25,14,2023-09-25T12:00:00+08:00,573,401,164,1763,413,131
,,,,,,,,,1047,9,25,15,2023-09-25T13:00:00+08:00,559,390,161,1720,403,128
,,,,,,,,,1048,9,25,16,2023-09-25T14:00:00+08:00,579,405,166,1783,417,134
,,,,,,,,,1049,9,25,17,2023-09-25T15:00:00+08:00,595,416,170,1832,429,137
,,,,,,,,,1050,9,25,18,2023-09-25T16:00:00+08:00,600,419,172,1845,432,138
,,,,,,,,,1051,9,25,19,2023-09-25T17:00:00+08:00,593,415,170,1826,428,137
,,,,,,,,,1052,9,25,20,2023-09-25T18:00:00+08:00,563,394,162,1732,406,129
,,,,,,,,,1053,9,25,21,2023-09-25T19:00:00+08:00,572,400,164,1760,413,131
,,,,,,,,,1054,9,25,22,2023-09-25T20:00:00+08:00,599,419,172,1844,432,138
,,,,,,,,,1055,9,25,23,2023-09-25T21:00:00+08:00,591,414,169,1819,426,136
,,,,,,,,,1056,9,25,24,2023-09-25T22:00:00+08:00,574,402,165,1767,414,131
,,,,,,,,,1057,9,26,1,2023-09-25T23:00:00+08:00,558,390,160,1716,402,128
,,,,,,,,,1058,9,26,2,2023-09-26T00:00:00+08:00,531,371,152,1634,383,122
,,,,,,,,,1059,9,26,3,2023-09-26T01:00:00+08:00,503,352,145,1550,363,116
,,,,,,,,,1060,9,26,4,2023-09-26T02:00:00+08:00,486,341,140,1497,351,111
,,,,,,,,,1061,9,26,5,2023-09-26T03:00:00+08:00,472,330,135,1454,341,108
,,,,,,,,,1062,9,26,6,2023-09-26T04:00:00+08:00,460,321,132,1415,332,106
,,,,,,,,,1063,9,26,7,2023-09-26T05:00:00+08:00,454,317,130,1397,328,104
,,,,,,,,,1064,9,26,8,2023-09-26T06:00:00+08:00,467,327,134,1437,337,107
,,,,,,,,,1065,9,26,9,2023-09-26T07:00:00+08:00,470,329,134,1447,339,108
,,,,,,,,,1066,9,26,10,2023-09-26T08:00:00+08:00,487,341,140,1499,351,112
,,,,,,,,,1067,9,26,11,2023-09-26T09:00:00+08:00,540,378,154,1663,389,124
,,,,,,,,,1068,9,26,12,2023-09-26T10:00:00+08:00,568,397,163,1747,410,130
,,,,,,,,,1069,9,26,13,2023-09-26T11:00:00+08:00,585,410,168,1800,422,135
,,,,,,,,,1070,9,26,14,2023-09-26T12:00:00+08:00,580,406,167,1788,419,134
,,,,,,,,,1071,9,26,15,2023-09-26T13:00:00+08:00,571,399,164,1755,412,131
,,,,,,,,,1072,9,26,16,2023-09-26T14:00:00+08:00,589,412,169,1813,425,136
,,,,,,,,,1073,9,26,17,2023-09-26T15:00:00+08:00,600,419,172,1846,432,138
,,,,,,,,,1074,9,26,18,2023-09-26T16:00:00+08:00,608,425,174,1873,439,140
,,,,,,,,,1075,9,26,19,2023-09-26T17:00:00+08:00,595,417,171,1833,430,137
,,,,,,,,,1076,9,26,20,2023-09-26T18:00:00+08:00,569,398,163,1751,411,130
,,,,,,,,,1077,9,26,21,2023-09-26T19:00:00+08:00,576,403,165,1774,416,133
,,,,,,,,,1078,9,26,22,2023-09-26T20:00:00+08:00,607,424,174,1869,438,140
,,,,,,,,,1079,9,26,23,2023-09-26T21:00:00+08:00,600,420,172,1847,432,138
,,,,,,,,,1080,9,26,24,2023-09-26T22:00:00+08:00,586,411,168,1804,423,135
,,,,,,,,,1081,9,27,1,2023-09-26T23:00:00+08:00,569,398,163,1751,411,130
,,,,,,,,,1082,9,27,2,2023-09-27T00:00:00+08:00,539,377,154,1656,388,124
,,,,,,,,,1083,9,27,3,2023-09-27T01:00:00+08:00,511,358,146,1571,369,118
,,,,,,,,,1084,9,27,4,2023-09-27T02:00:00+08:00,494,345,142,1518,356,113
,,,,,,,,,1085,9,27,5,2023-09-27T03:00:00+08:00,475,332,137,1462,343,109
,,,,,,,,,1086,9,27,6,2023-09-27T04:00:00+08:00,462,324,132,1422,333,106
,,,,,,,,,1087,9,27,7,2023-09-27T05:00:00+08:00,455,318,130,1403,329,105
,,,,,,,,,1088,9,27,8,2023-09-27T06:00:00+08:00,467,327,133,1436,336,107
,,,,,,,,,1089,9,27,9,2023-09-27T07:00:00+08:00,466,326,133,1434,336,107
,,,,,,,,,1090,9,27,10,2023-09-27T08:00:00+08:00,484,340,139,1491,349,111
,,,,,,,,,1091,9,27,11,2023-09-27T09:00:00+08:00,533,373,153,1643,385,123
,,,,,,,,,1092,9,27,12,2023-09-27T10:00:00+08:00,560,392,161,1723,403,128
,,,,,,,,,1093,9,27,13,2023-09-27T11:00:00+08:00,575,402,165,1771,415,133
,,,,,,,,,1094,9,27,14,2023-09-27T12:00:00+08:00,574,402,165,1767,414,131
,,,,,,,,,1095,9,27,15,2023-09-27T13:00:00+08:00,567,397,163,1744,409,130
,,,,,,,,,1096,9,27,16,2023-09-27T14:00:00+08:00,593,416,170,1827,428,137
,,,,,,,,,1097,9,27,17,2023-09-27T15:00:00+08:00,616,431,176,1896,444,142
,,,,,,,,,1098,9,27,18,2023-09-27T16:00:00+08:00,628,439,180,1931,453,144
,,,,,,,,,1099,9,27,19,2023-09-27T17:00:00+08:00,618,433,177,1903,445,142
,,,,,,,,,1100,9,27,20,2023-09-27T18:00:00+08:00,582,406,167,1789,419,134
,,,,,,,,,1101,9,27,21,2023-09-27T19:00:00+08:00,586,411,168,1804,423,135
,,,,,,,,,1102,9,27,22,2023-09-27T20:00:00+08:00,613,429,175,1885,442,141
,,,,,,,,,1103,9,27,23,2023-09-27T21:00:00+08:00,603,421,172,1854,435,139
,,,,,,,,,1104,9,27,24,2023-09-27T22:00:00+08:00,588,412,168,1809,424,135
,,,,,,,,,1105,9,28,1,2023-09-27T23:00:00+08:00,576,403,165,1773,415,133
,,,,,,,,,1106,9,28,2,2023-09-28T00:00:00+08:00,552,386,159,1698,398,127
,,,,,,,,,1107,9,28,3,2023-09-28T01:00:00+08:00,528,369,151,1626,381,121
,,,,,,,,,1108,9,28,4,2023-09-28T02:00:00+08:00,508,355,146,1564,366,117
,,,,,,,,,1109,9,28,5,2023-09-28T03:00:00+08:00,489,342,140,1503,352,112
,,,,,,,,,1110,9,28,6,2023-09-28T04:00:00+08:00,474,331,135,1456,342,109
,,,,,,,,,1111,9,28,7,2023-09-28T05:00:00+08:00,463,324,132,1425,334,106
,,,,,,,,,1112,9,28,8,2023-09-28T06:00:00+08:00,462,324,132,1422,333,106
,,,,,,,,,1113,9,28,9,2023-09-28T07:00:00+08:00,452,316,129,1390,325,104
,,,,,,,,,1114,9,28,10,2023-09-28T08:00:00+08:00,440,308,126,1354,318,101
,,,,,,,,,1115,9,28,11,2023-09-28T09:00:00+08:00,467,327,134,1438,337,107
,,,,,,,,,1116,9,28,12,2023-09-28T10:00:00+08:00,491,344,141,1511,355,112
,,,,,,,,,1117,9,28,13,2023-09-28T11:00:00+08:00,506,354,145,1557,365,117
,,,,,,,,,1118,9,28,14,2023-09-28T12:00:00+08:00,505,353,145,1553,364,116
,,,,,,,,,1119,9,28,15,2023-09-28T13:00:00+08:00,507,354,145,1558,365,117
,,,,,,,,,1120,9,28,16,2023-09-28T14:00:00+08:00,531,371,152,1635,383,122
,,,,,,,,,1121,9,28,17,2023-09-28T15:00:00+08:00,547,383,156,1684,395,126
,,,,,,,,,1122,9,28,18,2023-09-28T16:00:00+08:00,562,393,161,1729,405,129
,,,,,,,,,1123,9,28,19,2023-09-28T17:00:00+08:00,562,393,161,1729,405,129
,,,,,,,,,1124,9,28,20,2023-09-28T18:00:00+08:00,547,383,158,1686,395,126
,,,,,,,,,1125,9,28,21,2023-09-28T19:00:00+08:00,562,394,162,1731,405,129
,,,,,,,,,1126,9,28,22,2023-09-28T20:00:00+08:00,603,421,173,1854,435,139
,,,,,,,,,1127,9,28,23,2023-09-28T21:00:00+08:00,598,418,171,1837,430,137
,,,,,,,,,1128,9,28,24,2023-09-28T22:00:00+08:00,587,411,168,1807,424,135
,,,,,,,,,1129,9,29,1,2023-09-28T23:00:00+08:00,585,408,168,1799,422,135
,,,,,,,,,1130,9,29,2,2023-09-29T00:00:00+08:00,562,393,161,1729,405,129
,,,,,,,,,1131,9,29,3,2023-09-29T01:00:00+08:00,532,372,152,1637,384,122
,,,,,,,,,1132,9,29,4,2023-09-29T02:00:00+08:00,510,356,146,1568,368,117
,,,,,,,,,1133,9,29,5,2023-09-29T03:00:00+08:00,491,343,141,1510,353,112
,,,,,,,,,1134,9,29,6,2023-09-29T04:00:00+08:00,478,334,137,1469,344,109
,,,,,,,,,1135,9,29,7,2023-09-29T05:00:00+08:00,467,327,134,1438,337,107
,,,,,,,,,1136,9,29,8,2023-09-29T06:00:00+08:00,470,329,134,1447,339,108
,,,,,,,,,1137,9,29,9,2023-09-29T07:00:00+08:00,467,327,134,1437,337,107
,,,,,,,,,1138,9,29,10,2023-09-29T08:00:00+08:00,482,337,139,1484,348,110
,,,,,,,,,1139,9,29,11,2023-09-29T09:00:00+08:00,536,375,153,1647,386,123
,,,,,,,,,1140,9,29,12,2023-09-29T10:00:00+08:00,559,390,160,1720,403,128
,,,,,,,,,1141,9,29,13,2023-09-29T11:00:00+08:00,577,404,166,1776,416,133
,,,,,,,,,1142,9,29,14,2023-09-29T12:00:00+08:00,576,403,165,1774,416,133
,,,,,,,,,1143,9,29,15,2023-09-29T13:00:00+08:00,569,398,163,1750,410,130
,,,,,,,,,1144,9,29,16,2023-09-29T14:00:00+08:00,589,412,169,1811,425,135
,,,,,,,,,1145,9,29,17,2023-09-29T15:00:00+08:00,621,434,177,1910,448,142
,,,,,,,,,1146,9,29,18,2023-09-29T16:00:00+08:00,629,439,181,1934,453,144
,,,,,,,,,1147,9,29,19,2023-09-29T17:00:00+08:00,617,431,176,1896,444,142
,,,,,,,,,1148,9,29,20,2023-09-29T18:00:00+08:00,580,406,167,1787,419,134
,,,,,,,,,1149,9,29,21,2023-09-29T19:00:00+08:00,585,410,168,1800,422,135
,,,,,,,,,1150,9,29,22,2023-09-29T20:00:00+08:00,602,421,172,1851,433,138
,,,,,,,,,1151,9,29,23,2023-09-29T21:00:00+08:00,591,414,169,1820,426,136
,,,,,,,,,1152,9,29,24,2023-09-29T22:00:00+08:00,578,404,166,1779,417,133
,,,,,,,,,1153,9,30,1,2023-09-29T23:00:00+08:00,571,399,164,1756,412,131
,,,,,,,,,1154,9,30,2,2023-09-30T00:00:00+08:00,552,386,159,1697,398,126
,,,,,,,,,1155,9,30,3,2023-09-30T01:00:00+08:00,531,371,152,1635,383,122
,,,,,,,,,1156,9,30,4,2023-09-30T02:00:00+08:00,510,356,146,1568,368,117
,,,,,,,,,1157,9,30,5,2023-09-30T03:00:00+08:00,493,345,141,1515,355,113
,,,,,,,,,1158,9,30,6,2023-09-30T04:00:00+08:00,479,335,138,1473,345,110
,,,,,,,,,1159,9,30,7,2023-09-30T05:00:00+08:00,469,329,134,1445,338,108
,,,,,,,,,1160,9,30,8,2023-09-30T06:00:00+08:00,465,326,133,1431,335,107
,,,,,,,,,1161,9,30,9,2023-09-30T07:00:00+08:00,455,318,130,1402,329,105
,,,,,,,,,1162,9,30,10,2023-09-30T08:00:00+08:00,445,311,127,1368,321,102
,,,,,,,,,1163,9,30,11,2023-09-30T09:00:00+08:00,475,332,137,1461,343,109
,,,,,,,,,1164,9,30,12,2023-09-30T10:00:00+08:00,496,347,142,1526,358,113
,,,,,,,,,1165,9,30,13,2023-09-30T11:00:00+08:00,509,355,146,1565,366,117
,,,,,,,,,1166,9,30,14,2023-09-30T12:00:00+08:00,508,355,146,1563,366,117
,,,,,,,,,1167,9,30,15,2023-09-30T13:00:00+08:00,498,349,143,1534,360,114
,,,,,,,,,1168,9,30,16,2023-09-30T14:00:00+08:00,514,360,147,1584,371,118
,,,,,,,,,1169,9,30,17,2023-09-30T15:00:00+08:00,532,372,152,1637,384,122
,,,,,,,,,1170,9,30,18,2023-09-30T16:00:00+08:00,543,380,155,1670,391,125
,,,,,,,,,1171,9,30,19,2023-09-30T17:00:00+08:00,536,375,153,1647,386,123
,,,,,,,,,1172,9,30,20,2023-09-30T18:00:00+08:00,525,367,150,1614,378,121
,,,,,,,,,1173,9,30,21,2023-09-30T19:00:00+08:00,538,377,154,1655,388,124
,,,,,,,,,1174,9,30,22,2023-09-30T20:00:00+08:00,570,399,164,1754,411,131
,,,,,,,,,1175,9,30,23,2023-09-30T21:00:00+08:00,567,397,163,1744,409,130
,,,,,,,,,1176,9,30,24,2023-09-30T22:00:00+08:00,553,386,159,1700,398,127
,,,,,,,,,1177,1,29,1,2023-01-28T23:00:00+08:00,477,333,137,1466,344,109
,,,,,,,,,1178,1,29,2,2023-01-29T00:00:00+08:00,458,320,131,1409,330,105
,,,,,,,,,1179,1,29,3,2023-01-29T01:00:00+08:00,439,308,126,1353,317,101
,,,,,,,,,1180,1,29,4,2023-01-29T02:00:00+08:00,422,295,121,1299,305,96
,,,,,,,,,1181,1,29,5,2023-01-29T03:00:00+08:00,412,289,118,1268,297,94
,,,,,,,,,1182,1,29,6,2023-01-29T04:00:00+08:00,401,281,116,1234,290,92
,,,,,,,,,1183,1,29,7,2023-01-29T05:00:00+08:00,396,277,113,1216,285,91
,,,,,,,,,1184,1,29,8,2023-01-29T06:00:00+08:00,398,278,114,1224,286,91
,,,,,,,,,1185,1,29,9,2023-01-29T07:00:00+08:00,398,278,113,1223,286,91
,,,,,,,,,1186,1,29,10,2023-01-29T08:00:00+08:00,385,268,110,1183,277,88
,,,,,,,,,1187,1,29,11,2023-01-29T09:00:00+08:00,398,278,114,1225,288,91
,,,,,,,,,1188,1,29,12,2023-01-29T10:00:00+08:00,414,290,119,1273,298,95
,,,,,,,,,1189,1,29,13,2023-01-29T11:00:00+08:00,423,296,122,1304,306,98
,,,,,,,,,1190,1,29,14,2023-01-29T12:00:00+08:00,421,295,121,1297,304,96
,,,,,,,,,1191,1,29,15,2023-01-29T13:00:00+08:00,421,295,121,1297,304,96
,,,,,,,,,1192,1,29,16,2023-01-29T14:00:00+08:00,433,302,124,1332,312,100
,,,,,,,,,1193,1,29,17,2023-01-29T15:00:00+08:00,438,307,126,1350,317,101
,,,,,,,,,1194,1,29,18,2023-01-29T16:00:00+08:00,439,307,126,1351,317,101
,,,,,,,,,1195,1,29,19,2023-01-29T17:00:00+08:00,437,307,125,1347,316,101
,,,,,,,,,1196,1,29,20,2023-01-29T18:00:00+08:00,440,308,126,1354,318,101
,,,,,,,,,1197,1,29,21,2023-01-29T19:00:00+08:00,455,319,130,1403,329,105
,,,,,,,,,1198,1,29,22,2023-01-29T20:00:00+08:00,499,349,143,1536,360,114
,,,,,,,,,1199,1,29,23,2023-01-29T21:00:00+08:00,497,348,143,1531,359,114
,,,,,,,,,1200,1,29,24,2023-01-29T22:00:00+08:00,482,337,139,1484,348,110
,,,,,,,,,1201,1,30,1,2023-01-29T23:00:00+08:00,472,330,135,1453,341,108
,,,,,,,,,1202,1,30,2,2023-01-30T00:00:00+08:00,447,313,128,1375,322,103
,,,,,,,,,1203,1,30,3,2023-01-30T01:00:00+08:00,432,302,124,1330,311,100
,,,,,,,,,1204,1,30,4,2023-01-30T02:00:00+08:00,422,295,121,1299,305,98
,,,,,,,,,1205,1,30,5,2023-01-30T03:00:00+08:00,410,288,118,1264,296,94
,,,,,,,,,1206,1,30,6,2023-01-30T04:00:00+08:00,400,279,114,1229,289,92
,,,,,,,,,1207,1,30,7,2023-01-30T05:00:00+08:00,398,278,114,1225,288,91
,,,,,,,,,1208,1,30,8,2023-01-30T06:00:00+08:00,409,286,118,1261,296,94
,,,,,,,,,1209,1,30,9,2023-01-30T07:00:00+08:00,425,297,122,1309,307,98
,,,,,,,,,1210,1,30,10,2023-01-30T08:00:00+08:00,447,312,128,1374,322,103
,,,,,,,,,1211,1,30,11,2023-01-30T09:00:00+08:00,501,350,144,1542,361,116
,,,,,,,,,1212,1,30,12,2023-01-30T10:00:00+08:00,526,368,151,1620,379,121
,,,,,,,,,1213,1,30,13,2023-01-30T11:00:00+08:00,540,378,154,1663,389,124
,,,,,,,,,1214,1,30,14,2023-01-30T12:00:00+08:00,538,376,154,1654,388,123
,,,,,,,,,1215,1,30,15,2023-01-30T13:00:00+08:00,527,369,151,1622,381,121
,,,,,,,,,1216,1,30,16,2023-01-30T14:00:00+08:00,544,381,156,1674,392,125
,,,,,,,,,1217,1,30,17,2023-01-30T15:00:00+08:00,552,386,159,1696,398,126
,,,,,,,,,1218,1,30,18,2023-01-30T16:00:00+08:00,552,385,158,1696,398,126
,,,,,,,,,1219,1,30,19,2023-01-30T17:00:00+08:00,542,379,155,1667,390,124
,,,,,,,,,1220,1,30,20,2023-01-30T18:00:00+08:00,514,360,147,1581,371,118
,,,,,,,,,1221,1,30,21,2023-01-30T19:00:00+08:00,515,360,148,1585,372,119
,,,,,,,,,1222,1,30,22,2023-01-30T20:00:00+08:00,545,381,156,1676,393,125
,,,,,,,,,1223,1,30,23,2023-01-30T21:00:00+08:00,537,376,153,1651,387,123
,,,,,,,,,1224,1,30,24,2023-01-30T22:00:00+08:00,521,364,149,1603,376,120
,,,,,,,,,1225,1,31,1,2023-01-30T23:00:00+08:00,505,353,145,1554,364,116
,,,,,,,,,1226,1,31,2,2023-01-31T00:00:00+08:00,478,334,137,1470,345,109
,,,,,,,,,1227,1,31,3,2023-01-31T01:00:00+08:00,458,319,131,1407,330,105
,,,,,,,,,1228,1,31,4,2023-01-31T02:00:00+08:00,441,309,127,1359,319,102
,,,,,,,,,1229,1,31,5,2023-01-31T03:00:00+08:00,428,299,123,1316,308,99
,,,,,,,,,1230,1,31,6,2023-01-31T04:00:00+08:00,422,295,121,1298,304,96
,,,,,,,,,1231,1,31,7,2023-01-31T05:00:00+08:00,417,292,120,1283,301,95
,,,,,,,,,1232,1,31,8,2023-01-31T06:00:00+08:00,434,303,124,1335,312,100
,,,,,,,,,1233,1,31,9,2023-01-31T07:00:00+08:00,444,311,127,1367,320,102
,,,,,,,,,1234,1,31,10,2023-01-31T08:00:00+08:00,455,318,130,1403,329,105
,,,,,,,,,1235,1,31,11,2023-01-31T09:00:00+08:00,505,353,145,1553,364,116
,,,,,,,,,1236,1,31,12,2023-01-31T10:00:00+08:00,527,369,151,1623,381,121
,,,,,,,,,1237,1,31,13,2023-01-31T11:00:00+08:00,541,379,155,1664,390,124
,,,,,,,,,1238,1,31,14,2023-01-31T12:00:00+08:00,538,377,154,1655,388,124
,,,,,,,,,1239,1,31,15,2023-01-31T13:00:00+08:00,527,368,151,1621,379,121
,,,,,,,,,1240,1,31,16,2023-01-31T14:00:00+08:00,549,384,158,1691,397,126
,,,,,,,,,1241,1,31,17,2023-01-31T15:00:00+08:00,560,392,161,1724,404,128
,,,,,,,,,1242,1,31,18,2023-01-31T16:00:00+08:00,563,394,162,1733,406,129
,,,,,,,,,1243,1,31,19,2023-01-31T17:00:00+08:00,553,386,159,1700,399,127
,,,,,,,,,1244,1,31,20,2023-01-31T18:00:00+08:00,523,365,150,1607,376,120
,,,,,,,,,1245,1,31,21,2023-01-31T19:00:00+08:00,528,369,151,1624,381,121
,,,,,,,,,1246,1,31,22,2023-01-31T20:00:00+08:00,553,386,159,1701,399,127
,,,,,,,,,1247,1,31,23,2023-01-31T21:00:00+08:00,544,380,155,1673,392,125
,,,,,,,,,1248,1,31,24,2023-01-31T22:00:00+08:00,522,365,149,1606,376,120
,,,,,,,,,1249,2,1,1,2023-01-31T23:00:00+08:00,509,356,146,1566,368,117
,,,,,,,,,1250,2,1,2,2023-02-01T00:30:00+08:00,470,329,134,1446,339,108
,,,,,,,,,1251,2,1,3,2023-02-01T01:30:00+08:00,456,319,131,1404,329,105
,,,,,,,,,1252,2,1,4,2023-02-01T02:30:00+08:00,440,309,126,1356,318,101
,,,,,,,,,1253,2,1,5,2023-02-01T03:30:00+08:00,427,298,122,1311,307,98
,,,,,,,,,1254,2,1,6,2023-02-01T04:30:00+08:00,421,295,121,1297,304,96
,,,,,,,,,1255,2,1,7,2023-02-01T05:30:00+08:00,423,296,122,1303,305,98
,,,,,,,,,1256,2,1,8,2023-02-01T06:30:00+08:00,445,311,127,1368,321,102
,,,,,,,,,1257,2,1,9,2023-02-01T07:30:00+08:00,441,309,126,1358,319,102
,,,,,,,,,1258,2,1,10,2023-02-01T08:30:00+08:00,474,331,135,1456,342,109
,,,,,,,,,1259,2,1,11,2023-02-01T09:30:00+08:00,506,353,145,1556,364,117
,,,,,,,,,1260,2,1,12,2023-02-01T10:30:00+08:00,524,366,150,1611,377,120
,,,,,,,,,1261,2,1,13,2023-02-01T11:30:00+08:00,533,372,152,1641,385,122
,,,,,,,,,1262,2,1,14,2023-02-01T12:30:00+08:00,517,362,148,1591,373,119
,,,,,,,,,1263,2,1,15,2023-02-01T13:30:00+08:00,529,370,151,1627,382,122
,,,,,,,,,1264,2,1,16,2023-02-01T14:30:00+08:00,557,390,160,1715,402,128
,,,,,,,,,1265,2,1,17,2023-02-01T15:30:00+08:00,561,393,161,1727,405,129
,,,,,,,,,1266,2,1,18,2023-02-01T16:30:00+08:00,564,395,162,1736,408,129
,,,,,,,,,1267,2,1,19,2023-02-01T17:30:00+08:00,542,379,155,1668,391,124
,,,,,,,,,1268,2,1,20,2023-02-01T18:30:00+08:00,523,366,150,1609,377,120
,,,,,,,,,1269,2,1,21,2023-02-01T19:30:00+08:00,547,383,158,1686,395,126
,,,,,,,,,1270,2,1,22,2023-02-01T20:30:00+08:00,552,386,159,1697,398,127
,,,,,,,,,1271,2,1,23,2023-02-01T21:30:00+08:00,543,380,155,1672,391,125
,,,,,,,,,1272,2,1,24,2023-02-01T22:30:00+08:00,526,368,151,1618,379,121
,,,,,,,,,1273,2,2,1,2023-02-01T23:30:00+08:00,506,354,145,1556,365,117
,,,,,,,,,1274,2,2,2,2023-02-02T00:30:00+08:00,479,335,138,1473,345,110
,,,,,,,,,1275,2,2,3,2023-02-02T01:30:00+08:00,459,321,131,1412,331,105
,,,,,,,,,1276,2,2,4,2023-02-02T02:30:00+08:00,446,312,128,1370,321,102
,,,,,,,,,1277,2,2,5,2023-02-02T03:30:00+08:00,433,302,124,1332,312,100
,,,,,,,,,1278,2,2,6,2023-02-02T04:30:00+08:00,425,297,122,1309,307,98
,,,,,,,,,1279,2,2,7,2023-02-02T05:30:00+08:00,431,301,124,1327,311,99
,,,,,,,,,1280,2,2,8,2023-02-02T06:30:00+08:00,449,314,129,1383,324,103
,,,,,,,,,1281,2,2,9,2023-02-02T07:30:00+08:00,451,315,129,1388,325,104
,,,,,,,,,1282,2,2,10,2023-02-02T08:30:00+08:00,495,346,142,1524,357,113
,,,,,,,,,1283,2,2,11,2023-02-02T09:30:00+08:00,529,370,152,1630,382,122
,,,,,,,,,1284,2,2,12,2023-02-02T10:30:00+08:00,548,383,158,1686,396,126
,,,,,,,,,1285,2,2,13,2023-02-02T11:30:00+08:00,554,387,159,1705,400,127
,,,,,,,,,1286,2,2,14,2023-02-02T12:30:00+08:00,538,376,154,1653,387,123
,,,,,,,,,1287,2,2,15,2023-02-02T13:30:00+08:00,548,384,158,1689,396,126
,,,,,,,,,1288,2,2,16,2023-02-02T14:30:00+08:00,573,401,164,1763,413,131
,,,,,,,,,1289,2,2,17,2023-02-02T15:30:00+08:00,576,403,165,1772,415,133
,,,,,,,,,1290,2,2,18,2023-02-02T16:30:00+08:00,576,403,165,1773,415,133
,,,,,,,,,1291,2,2,19,2023-02-02T17:30:00+08:00,551,385,158,1695,398,126
,,,,,,,,,1292,2,2,20,2023-02-02T18:30:00+08:00,526,368,151,1620,379,121
,,,,,,,,,1293,2,2,21,2023-02-02T19:30:00+08:00,554,387,159,1703,399,127
,,,,,,,,,1294,2,2,22,2023-02-02T20:30:00+08:00,551,385,158,1695,398,126
,,,,,,,,,1295,2,2,23,2023-02-02T21:30:00+08:00,540,378,154,1663,389,124
,,,,,,,,,1296,2,2,24,2023-02-02T22:30:00+08:00,525,367,150,1616,378,121
,,,,,,,,,1297,2,3,1,2023-02-02T23:30:00+08:00,506,354,145,1557,365,117
,,,,,,,,,1298,2,3,2,2023-02-03T00:30:00+08:00,479,335,138,1474,346,110
,,,,,,,,,1299,2,3,3,2023-02-03T01:30:00+08:00,465,326,133,1432,336,107
,,,,,,,,,1300,2,3,4,2023-02-03T02:30:00+08:00,450,314,129,1384,324,103
,,,,,,,,,1301,2,3,5,2023-02-03T03:30:00+08:00,435,305,125,1338,313,100
,,,,,,,,,1302,2,3,6,2023-02-03T04:30:00+08:00,431,301,124,1328,311,99
,,,,,,,,,1303,2,3,7,2023-02-03T05:30:00+08:00,432,302,124,1328,311,99
,,,,,,,,,1304,2,3,8,2023-02-03T06:30:00+08:00,448,313,128,1379,323,103
,,,,,,,,,1305,2,3,9,2023-02-03T07:30:00+08:00,452,316,129,1391,326,104
,,,,,,,,,1306,2,3,10,2023-02-03T08:30:00+08:00,491,343,141,1509,353,112
,,,,,,,,,1307,2,3,11,2023-02-03T09:30:00+08:00,522,365,149,1605,376,120
,,,,,,,,,1308,2,3,12,2023-02-03T10:30:00+08:00,547,383,156,1684,395,126
,,,,,,,,,1309,2,3,13,2023-02-03T11:30:00+08:00,554,387,159,1704,399,127
,,,,,,,,,1310,2,3,14,2023-02-03T12:30:00+08:00,538,376,154,1653,387,123
,,,,,,,,,1311,2,3,15,2023-02-03T13:30:00+08:00,527,369,151,1623,381,121
,,,,,,,,,1312,2,3,16,2023-02-03T14:30:00+08:00,545,381,156,1677,393,125
,,,,,,,,,1313,2,3,17,2023-02-03T15:30:00+08:00,551,385,158,1693,397,126
,,,,,,,,,1314,2,3,18,2023-02-03T16:30:00+08:00,552,385,158,1696,398,126
,,,,,,,,,1315,2,3,19,2023-02-03T17:30:00+08:00,531,371,152,1634,383,122
,,,,,,,,,1316,2,3,20,2023-02-03T18:30:00+08:00,515,361,148,1586,372,119
,,,,,,,,,1317,2,3,21,2023-02-03T19:30:00+08:00,542,379,155,1667,391,124
,,,,,,,,,1318,2,3,22,2023-02-03T20:30:00+08:00,540,378,154,1661,389,124
,,,,,,,,,1319,2,3,23,2023-02-03T21:30:00+08:00,525,367,150,1614,378,121
,,,,,,,,,1320,2,3,24,2023-02-03T22:30:00+08:00,505,353,145,1554,364,116
,,,,,,,,,1321,2,4,1,2023-02-03T23:30:00+08:00,490,343,141,1508,353,112
,,,,,,,,,1322,2,4,2,2023-02-04T00:30:00+08:00,469,328,134,1445,338,108
,,,,,,,,,1323,2,4,3,2023-02-04T01:30:00+08:00,450,315,129,1386,324,104
,,,,,,,,,1324,2,4,4,2023-02-04T02:30:00+08:00,436,306,125,1343,315,101
,,,,,,,,,1325,2,4,5,2023-02-04T03:30:00+08:00,424,297,122,1305,306,98
,,,,,,,,,1326,2,4,6,2023-02-04T04:30:00+08:00,418,293,120,1287,302,96
,,,,,,,,,1327,2,4,7,2023-02-04T05:30:00+08:00,416,291,119,1278,299,95
,,,,,,,,,1328,2,4,8,2023-02-04T06:30:00+08:00,421,295,121,1296,304,96
,,,,,,,,,1329,2,4,9,2023-02-04T07:30:00+08:00,422,295,121,1298,304,96
,,,,,,,,,1330,2,4,10,2023-02-04T08:30:00+08:00,440,308,126,1355,318,101
,,,,,,,,,1331,2,4,11,2023-02-04T09:30:00+08:00,464,325,133,1429,335,107
,,,,,,,,,1332,2,4,12,2023-02-04T10:30:00+08:00,485,340,140,1494,350,111
,,,,,,,,,1333,2,4,13,2023-02-04T11:30:00+08:00,494,345,142,1518,356,113
,,,,,,,,,1334,2,4,14,2023-02-04T12:30:00+08:00,480,336,138,1478,347,110
,,,,,,,,,1335,2,4,15,2023-02-04T13:30:00+08:00,483,338,139,1487,348,111
,,,,,,,,,1336,2,4,16,2023-02-04T14:30:00+08:00,495,347,142,1524,357,113
,,,,,,,,,1337,2,4,17,2023-02-04T15:30:00+08:00,496,347,143,1528,358,114
,,,,,,,,,1338,2,4,18,2023-02-04T16:30:00+08:00,495,346,142,1523,357,113
,,,,,,,,,1339,2,4,19,2023-02-04T17:30:00+08:00,493,345,141,1515,356,113
,,,,,,,,,1340,2,4,20,2023-02-04T18:30:00+08:00,491,344,141,1510,353,112
,,,,,,,,,1341,2,4,21,2023-02-04T19:30:00+08:00,521,364,149,1603,375,120
,,,,,,,,,1342,2,4,22,2023-02-04T20:30:00+08:00,528,369,151,1625,381,121
,,,,,,,,,1343,2,4,23,2023-02-04T21:30:00+08:00,516,362,148,1590,373,119
,,,,,,,,,1344,2,4,24,2023-02-04T22:30:00+08:00,500,350,143,1538,361,114