Voll,Demand_Segment,Cost_of_Demand_Curtailment_per_MW,Max_Demand_Curtailment,$/MWh,Rep_Periods,Timesteps_per_Rep_Period,Sub_Weights,corresponding_week,r_id,month,day,hour,date,demand_village1
2000,1,1,1,2000,8,168,2022,24,1,6,11,1,2023-06-10T23:40:00+08:00,10
,2,0.9,0.04,1800,,,505,3,2,6,11,2,2023-06-11T00:40:00+08:00,10
,3,0.55,0.024,1100,,,168,4,3,6,11,3,2023-06-11T01:40:00+08:00,10
,4,0.2,0.003,400,,,2527,45,4,6,11,4,2023-06-11T02:40:00+08:00,10
,,,,,,,1516,8,5,6,11,5,2023-06-11T03:40:00+08:00,10
,,,,,,,842,46,6,6,11,6,2023-06-11T04:40:00+08:00,10
,,,,,,,337,39,7,6,11,7,2023-06-11T05:40:00+08:00,16
,,,,,,,843,5,8,6,11,8,2023-06-11T06:40:00+08:00,16
,,,,,,,,,9,6,11,9,2023-06-11T07:40:00+08:00,16
,,,,,,,,,10,6,11,10,2023-06-11T08:40:00+08:00,16
,,,,,,,,,11,6,11,11,2023-06-11T09:40:00+08:00,16
,,,,,,,,,12,6,11,12,2023-06-11T10:40:00+08:00,16
,,,,,,,,,13,6,11,13,2023-06-11T11:40:00+08:00,16
,,,,,,,,,14,6,11,14,2023-06-11T12:40:00+08:00,16
,,,,,,,,,15,6,11,15,2023-06-11T13:40:00+08:00,16
,,,,,,,,,16,6,11,16,2023-06-11T14:40:00+08:00,16
,,,,,,,,,17,6,11,17,2023-06-11T15:40:00+08:00,13
,,,,,,,,,18,6,11,18,2023-06-11T16:40:00+08:00,13
,,,,,,,,,19,6,11,19,2023-06-11T17:40:00+08:00,13
,,,,,,,,,20,6,11,20,2023-06-11T18:40:00+08:00,13
,,,,,,,,,21,6,11,21,2023-06-11T19:40:00+08:00,13
,,,,,,,,,22,6,11,22,2023-06-11T20:40:00+08:00,13
,,,,,,,,,23,6,11,23,2023-06-11T21:40:00+08:00,13
,,,,,,,,,24,6,11,24,2023-06-11T22:40:00+08:00,13
,,,,,,,,,25,6,12,1,2023-06-11T23:40:00+08:00,10
,,,,,,,,,26,6,12,2,2023-06-12T00:40:00+08:00,10
,,,,,,,,,27,6,12,3,2023-06-12T01:40:00+08:00,10
,,,,,,,,,28,6,12,4,2023-06-12T02:40:00+08:00,10
,,,,,,,,,29,6,12,5,2023-06-12T03:40:00+08:00,10
,,,,,,,,,30,6,12,6,2023-06-12T04:40:00+08:00,10
,,,,,,,,,31,6,12,7,2023-06-12T05:40:00+08:00,16
,,,,,,,,,32,6,12,8,2023-06-12T06:40:00+08:00,16
,,,,,,,,,33,6,12,9,2023-06-12T07:40:00+08:00,16
,,,,,,,,,34,6,12,10,2023-06-12T08:40:00+08:00,16
,,,,,,,,,35,6,12,11,2023-06-12T09:40:00+08:00,16
,,,,,,,,,36,6,12,12,2023-06-12T10:40:00+08:00,16
,,,,,,,,,37,6,12,13,2023-06-12T11:40:00+08:00,16
,,,,,,,,,38,6,12,14,2023-06-12T12:40:00+08:00,16
,,,,,,,,,39,6,12,15,2023-06-12T13:40:00+08:00,16
,,,,,,,,,40,6,12,16,2023-06-12T14:40:00+08:00,16
,,,,,,,,,41,6,12,17,2023-06-12T15:40:00+08:00,13
,,,,,,,,,42,6,12,18,2023-06-12T16:40:00+08:00,13
,,,,,,,,,43,6,12,19,2023-06-12T17:40:00+08:00,13
,,,,,,,,,44,6,12,20,2023-06-12T18:40:00+08:00,13
,,,,,,,,,45,6,12,21,2023-06-12T19:40:00+08:00,13
,,,,,,,,,46,6,12,22,2023-06-12T20:40:00+08:00,13
,,,,,,,,,47,6,12,23,2023-06-12T21:40:00+08:00,13
,,,,,,,,,48,6,12,24,2023-06-12T22:40:00+08:00,13
,,,,,,,,,49,6,13,1,2023-06-12T23:40:00+08:00,10
,,,,,,,,,50,6,13,2,2023-06-13T00:40:00+08:00,10
,,,,,,,,,51,6,13,3,2023-06-13T01:40:00+08:00,10
,,,,,,,,,52,6,13,4,2023-06-13T02:40:00+08:00,10
,,,,,,,,,53,6,13,5,2023-06-13T03:40:00+08:00,10
,,,,,,,,,54,6,13,6,2023-06-13T04:40:00+08:00,10
,,,,,,,,,55,6,13,7,2023-06-13T05:40:00+08:00,16
,,,,,,,,,56,6,13,8,2023-06-13T06:40:00+08:00,16
,,,,,,,,,57,6,13,9,2023-06-13T07:40:00+08:00,16
,,,,,,,,,58,6,13,10,2023-06-13T08:40:00+08:00,16
,,,,,,,,,59,6,13,11,2023-06-13T09:40:00+08:00,16
,,,,,,,,,60,6,13,12,2023-06-13T10:40:00+08:00,16
,,,,,,,,,61,6,13,13,2023-06-13T11:40:00+08:00,16
,,,,,,,,,62,6,13,14,2023-06-13T12:40:00+08:00,16
,,,,,,,,,63,6,13,15,2023-06-13T13:40:00+08:00,16
,,,,,,,,,64,6,13,16,2023-06-13T14:40:00+08:00,16
,,,,,,,,,65,6,13,17,2023-06-13T15:40:00+08:00,13
,,,,,,,,,66,6,13,18,2023-06-13T16:40:00+08:00,13
,,,,,,,,,67,6,13,19,2023-06-13T17:40:00+08:00,13
,,,,,,,,,68,6,13,20,2023-06-13T18:40:00+08:00,13
,,,,,,,,,69,6,13,21,2023-06-13T19:40:00+08:00,13
,,,,,,,,,70,6,13,22,2023-06-13T20:40:00+08:00,13
,,,,,,,,,71,6,13,23,2023-06-13T21:40:00+08:00,13
,,,,,,,,,72,6,13,24,2023-06-13T22:40:00+08:00,13
,,,,,,,,,73,6,14,1,2023-06-13T23:40:00+08:00,10
,,,,,,,,,74,6,14,2,2023-06-14T00:40:00+08:00,10
,,,,,,,,,75,6,14,3,2023-06-14T01:40:00+08:00,10
,,,,,,,,,76,6,14,4,2023-06-14T02:40:00+08:00,10
,,,,,,,,,77,6,14,5,2023-06-14T03:40:00+08:00,10
,,,,,,,,,78,6,14,6,2023-06-14T04:40:00+08:00,10
,,,,,,,,,79,6,14,7,2023-06-14T05:40:00+08:00,16
,,,,,,,,,80,6,14,8,2023-06-14T06:40:00+08:00,16
,,,,,,,,,81,6,14,9,2023-06-14T07:40:00+08:00,16
,,,,,,,,,82,6,14,10,2023-06-14T08:40:00+08:00,16
,,,,,,,,,83,6,14,11,2023-06-14T09:40:00+08:00,16
,,,,,,,,,84,6,14,12,2023-06-14T10:40:00+08:00,16
,,,,,,,,,85,6,14,13,2023-06-14T11:40:00+08:00,16
,,,,,,,,,86,6,14,14,2023-06-14T12:40:00+08:00,16
,,,,,,,,,87,6,14,15,2023-06-14T13:40:00+08:00,16
,,,,,,,,,88,6,14,16,2023-06-14T14:40:00+08:00,16
,,,,,,,,,89,6,14,17,2023-06-14T15:40:00+08:00,13
,,,,,,,,,90,6,14,18,2023-06-14T16:40:00+08:00,13
,,,,,,,,,91,6,14,19,2023-06-14T17:40:00+08:00,13
,,,,,,,,,92,6,14,20,2023-06-14T18:40:00+08:00,13
,,,,,,,,,93,6,14,21,2023-06-14T19:40:00+08:00,13
,,,,,,,,,94,6,14,22,2023-06-14T20:40:00+08:00,13
,,,,,,,,,95,6,14,23,2023-06-14T21:40:00+08:00,13
,,,,,,,,,96,6,14,24,2023-06-14T22:40:00+08:00,13
,,,,,,,,,97,6,15,1,2023-06-14T23:40:00+08:00,10
,,,,,,,,,98,6,15,2,2023-06-15T00:40:00+08:00,10
,,,,,,,,,99,6,15,3,2023-06-15T01:40:00+08:00,10
,,,,,,,,,100,6,15,4,2023-06-15T02:40:00+08:00,10
,,,,,,,,,101,6,15,5,2023-06-15T03:40:00+08:00,10
,,,,,,,,,102,6,15,6,2023-06-15T04:40:00+08:00,10
,,,,,,,,,103,6,15,7,2023-06-15T05:40:00+08:00,16
,,,,,,,,,104,6,15,8,2023-06-15T06:40:00+08:00,16
,,,,,,,,,105,6,15,9,2023-06-15T07:40:00+08:00,16
,,,,,,,,,106,6,15,10,2023-06-15T08:40:00+08:00,16
,,,,,,,,,107,6,15,11,2023-06-15T09:40:00+08:00,16
,,,,,,,,,108,6,15,12,2023-06-15T10:40:00+08:00,16
,,,,,,,,,109,6,15,13,2023-06-15T11:40:00+08:00,16
,,,,,,,,,110,6,15,14,2023-06-15T12:40:00+08:00,16
,,,,,,,,,111,6,15,15,2023-06-15T13:40:00+08:00,16
,,,,,,,,,112,6,15,16,2023-06-15T14:40:00+08:00,16
,,,,,,,,,113,6,15,17,2023-06-15T15:40:00+08:00,13
,,,,,,,,,114,6,15,18,2023-06-15T16:40:00+08:00,13
,,,,,,,,,115,6,15,19,2023-06-15T17:40:00+08:00,13
,,,,,,,,,116,6,15,20,2023-06-15T18:40:00+08:00,13
,,,,,,,,,117,6,15,21,2023-06-15T19:40:00+08:00,13
,,,,,,,,,118,6,15,22,2023-06-15T20:40:00+08:00,13
,,,,,,,,,119,6,15,23,2023-06-15T21:40:00+08:00,13
,,,,,,,,,120,6,15,24,2023-06-15T22:40:00+08:00,13
,,,,,,,,,121,6,16,1,2023-06-15T23:40:00+08:00,10
,,,,,,,,,122,6,16,2,2023-06-16T00:40:00+08:00,10
,,,,,,,,,123,6,16,3,2023-06-16T01:40:00+08:00,10
,,,,,,,,,124,6,16,4,2023-06-16T02:50:00+08:00,10
,,,,,,,,,125,6,16,5,2023-06-16T03:50:00+08:00,10
,,,,,,,,,126,6,16,6,2023-06-16T04:50:00+08:00,10
,,,,,,,,,127,6,16,7,2023-06-16T05:50:00+08:00,16
,,,,,,,,,128,6,16,8,2023-06-16T06:50:00+08:00,16
,,,,,,,,,129,6,16,9,2023-06-16T07:50:00+08:00,16
,,,,,,,,,130,6,16,10,2023-06-16T08:50:00+08:00,16
,,,,,,,,,131,6,16,11,2023-06-16T09:50:00+08:00,16
,,,,,,,,,132,6,16,12,2023-06-16T10:50:00+08:00,16
,,,,,,,,,133,6,16,13,2023-06-16T11:50:00+08:00,16
,,,,,,,,,134,6,16,14,2023-06-16T12:50:00+08:00,16
,,,,,,,,,135,6,16,15,2023-06-16T13:50:00+08:00,16
,,,,,,,,,136,6,16,16,2023-06-16T14:50:00+08:00,16
,,,,,,,,,137,6,16,17,2023-06-16T15:50:00+08:00,13
,,,,,,,,,138,6,16,18,2023-06-16T16:50:00+08:00,13
,,,,,,,,,139,6,16,19,2023-06-16T17:50:00+08:00,13
,,,,,,,,,140,6,16,20,2023-06-16T18:50:00+08:00,13
,,,,,,,,,141,6,16,21,2023-06-16T19:50:00+08:00,13
,,,,,,,,,142,6,16,22,2023-06-16T20:50:00+08:00,13
,,,,,,,,,143,6,16,23,2023-06-16T21:50:00+08:00,13
,,,,,,,,,144,6,16,24,2023-06-16T22:50:00+08:00,13
,,,,,,,,,145,6,17,1,2023-06-16T23:50:00+08:00,10
,,,,,,,,,146,6,17,2,2023-06-17T00:50:00+08:00,10
,,,,,,,,,147,6,17,3,2023-06-17T01:50:00+08:00,10
,,,,,,,,,148,6,17,4,2023-06-17T02:50:00+08:00,10
,,,,,,,,,149,6,17,5,2023-06-17T03:50:00+08:00,10
,,,,,,,,,150,6,17,6,2023-06-17T04:50:00+08:00,10
,,,,,,,,,151,6,17,7,2023-06-17T05:50:00+08:00,16
,,,,,,,,,152,6,17,8,2023-06-17T06:50:00+08:00,16
,,,,,,,,,153,6,17,9,2023-06-17T07:50:00+08:00,16
,,,,,,,,,154,6,17,10,2023-06-17T08:50:00+08:00,16
,,,,,,,,,155,6,17,11,2023-06-17T09:50:00+08:00,16
,,,,,,,,,156,6,17,12,2023-06-17T10:50:00+08:00,16
,,,,,,,,,157,6,17,13,2023-06-17T11:50:00+08:00,16
,,,,,,,,,158,6,17,14,2023-06-17T12:50:00+08:00,16
,,,,,,,,,159,6,17,15,2023-06-17T13:50:00+08:00,16
,,,,,,,,,160,6,17,16,2023-06-17T14:50:00+08:00,16
,,,,,,,,,161,6,17,17,2023-06-17T15:50:00+08:00,13
,,,,,,,,,162,6,17,18,2023-06-17T16:50:00+08:00,13
,,,,,,,,,163,6,17,19,2023-06-17T17:50:00+08:00,13
,,,,,,,,,164,6,17,20,2023-06-17T18:50:00+08:00,13
,,,,,,,,,165,6,17,21,2023-06-17T19:50:00+08:00,13
,,,,,,,,,166,6,17,22,2023-06-17T20:50:00+08:00,13
,,,,,,,,,167,6,17,23,2023-06-17T21:50:00+08:00,13
,,,,,,,,,168,6,17,24,2023-06-17T22:50:00+08:00,13
,,,,,,,,,169,1,15,1,2023-01-14T23:30:00+08:00,10
,,,,,,,,,170,1,15,2,2023-01-15T00:30:00+08:00,10
,,,,,,,,,171,1,15,3,2023-01-15T01:30:00+08:00,10
,,,,,,,,,172,1,15,4,2023-01-15T02:30:00+08:00,10
,,,,,,,,,173,1,15,5,2023-01-15T03:30:00+08:00,10
,,,,,,,,,174,1,15,6,2023-01-15T04:30:00+08:00,10
,,,,,,,,,175,1,15,7,2023-01-15T05:30:00+08:00,16
,,,,,,,,,176,1,15,8,2023-01-15T06:30:00+08:00,16
,,,,,,,,,177,1,15,9,2023-01-15T07:30:00+08:00,16
,,,,,,,,,178,1,15,10,2023-01-15T08:30:00+08:00,16
,,,,,,,,,179,1,15,11,2023-01-15T09:30:00+08:00,16
,,,,,,,,,180,1,15,12,2023-01-15T10:30:00+08:00,16
,,,,,,,,,181,1,15,13,2023-01-15T11:30:00+08:00,16
,,,,,,,,,182,1,15,14,2023-01-15T12:30:00+08:00,16
,,,,,,,,,183,1,15,15,2023-01-15T13:30:00+08:00,16
,,,,,,,,,184,1,15,16,2023-01-15T14:30:00+08:00,16
,,,,,,,,,185,1,15,17,2023-01-15T15:30:00+08:00,13
,,,,,,,,,186,1,15,18,2023-01-15T16:30:00+08:00,13
,,,,,,,,,187,1,15,19,2023-01-15T17:30:00+08:00,13
,,,,,,,,,188,1,15,20,2023-01-15T18:30:00+08:00,13
,,,,,,,,,189,1,15,21,2023-01-15T19:30:00+08:00,13
,,,,,,,,,190,1,15,22,2023-01-15T20:30:00+08:00,13
,,,,,,,,,191,1,15,23,2023-01-15T21:30:00+08:00,13
,,,,,,,,,192,1,15,24,2023-01-15T22:30:00+08:00,13
,,,,,,,,,193,1,16,1,2023-01-15T23:30:00+08:00,10
,,,,,,,,,194,1,16,2,2023-01-16T00:30:00+08:00,10
,,,,,,,,,195,1,16,3,2023-01-16T01:40:00+08:00,10
,,,,,,,,,196,1,16,4,2023-01-16T02:40:00+08:00,10
,,,,,,,,,197,1,16,5,2023-01-16T03:40:00+08:00,10
,,,,,,,,,198,1,16,6,2023-01-16T04:40:00+08:00,10
,,,,,,,,,199,1,16,7,2023-01-16T05:40:00+08:00,16
,,,,,,,,,200,1,16,8,2023-01-16T06:40:00+08:00,16
,,,,,,,,,201,1,16,9,2023-01-16T07:40:00+08:00,16
,,,,,,,,,202,1,16,10,2023-01-16T08:40:00+08:00,16
,,,,,,,,,203,1,16,11,2023-01-16T09:40:00+08:00,16
,,,,,,,,,204,1,16,12,2023-01-16T10:40:00+08:00,16
,,,,,,,,,205,1,16,13,2023-01-16T11:40:00+08:00,16
,,,,,,,,,206,1,16,14,2023-01-16T12:40:00+08:00,16
,,,,,,,,,207,1,16,15,2023-01-16T13:40:00+08:00,16
,,,,,,,,,208,1,16,16,2023-01-16T14:40:00+08:00,16
,,,,,,,,,209,1,16,17,2023-01-16T15:40:00+08:00,13
,,,,,,,,,210,1,16,18,2023-01-16T16:40:00+08:00,13
,,,,,,,,,211,1,16,19,2023-01-16T17:40:00+08:00,13
,,,,,,,,,212,1,16,20,2023-01-16T18:40:00+08:00,13
,,,,,,,,,213,1,16,21,2023-01-16T19:40:00+08:00,13
,,,,,,,,,214,1,16,22,2023-01-16T20:40:00+08:00,13
,,,,,,,,,215,1,16,23,2023-01-16T21:40:00+08:00,13
,,,,,,,,,216,1,16,24,2023-01-16T22:40:00+08:00,13
,,,,,,,,,217,1,17,1,2023-01-16T23:40:00+08:00,10
,,,,,,,,,218,1,17,2,2023-01-17T00:40:00+08:00,10
,,,,,,,,,219,1,17,3,2023-01-17T01:40:00+08:00,10
,,,,,,,,,220,1,17,4,2023-01-17T02:40:00+08:00,10
,,,,,,,,,221,1,17,5,2023-01-17T03:40:00+08:00,10
,,,,,,,,,222,1,17,6,2023-01-17T04:40:00+08:00,10
,,,,,,,,,223,1,17,7,2023-01-17T05:40:00+08:00,16
,,,,,,,,,224,1,17,8,2023-01-17T06:40:00+08:00,16
,,,,,,,,,225,1,17,9,2023-01-17T07:40:00+08:00,16
,,,,,,,,,226,1,17,10,2023-01-17T08:40:00+08:00,16
,,,,,,,,,227,1,17,11,2023-01-17T09:40:00+08:00,16
,,,,,,,,,228,1,17,12,2023-01-17T10:40:00+08:00,16
,,,,,,,,,229,1,17,13,2023-01-17T11:40:00+08:00,16
,,,,,,,,,230,1,17,14,2023-01-17T12:40:00+08:00,16
,,,,,,,,,231,1,17,15,2023-01-17T13:40:00+08:00,16
,,,,,,,,,232,1,17,16,2023-01-17T14:40:00+08:00,16
,,,,,,,,,233,1,17,17,2023-01-17T15:40:00+08:00,13
,,,,,,,,,234,1,17,18,2023-01-17T16:40:00+08:00,13
,,,,,,,,,235,1,17,19,2023-01-17T17:40:00+08:00,13
,,,,,,,,,236,1,17,20,2023-01-17T18:40:00+08:00,13
,,,,,,,,,237,1,17,21,2023-01-17T19:40:00+08:00,13
,,,,,,,,,238,1,17,22,2023-01-17T20:40:00+08:00,13
,,,,,,,,,239,1,17,23,2023-01-17T21:40:00+08:00,13
,,,,,,,,,240,1,17,24,2023-01-17T22:40:00+08:00,13
,,,,,,,,,241,1,18,1,2023-01-17T23:40:00+08:00,10
,,,,,,,,,242,1,18,2,2023-01-18T00:40:00+08:00,10
,,,,,,,,,243,1,18,3,2023-01-18T01:40:00+08:00,10
,,,,,,,,,244,1,18,4,2023-01-18T02:40:00+08:00,10
,,,,,,,,,245,1,18,5,2023-01-18T03:40:00+08:00,10
,,,,,,,,,246,1,18,6,2023-01-18T04:40:00+08:00,10
,,,,,,,,,247,1,18,7,2023-01-18T05:40:00+08:00,16
,,,,,,,,,248,1,18,8,2023-01-18T06:40:00+08:00,16
,,,,,,,,,249,1,18,9,2023-01-18T07:40:00+08:00,16
,,,,,,,,,250,1,18,10,2023-01-18T08:40:00+08:00,16
,,,,,,,,,251,1,18,11,2023-01-18T09:40:00+08:00,16
,,,,,,,,,252,1,18,12,2023-01-18T10:40:00+08:00,16
,,,,,,,,,253,1,18,13,2023-01-18T11:40:00+08:00,16
,,,,,,,,,254,1,18,14,2023-01-18T12:40:00+08:00,16
,,,,,,,,,255,1,18,15,2023-01-18T13:40:00+08:00,16
,,,,,,,,,256,1,18,16,2023-01-18T14:40:00+08:00,16
,,,,,,,,,257,1,18,17,2023-01-18T15:40:00+08:00,13
,,,,,,,,,258,1,18,18,2023-01-18T16:40:00+08:00,13
,,,,,,,,,259,1,18,19,2023-01-18T17:40:00+08:00,13
,,,,,,,,,260,1,18,20,2023-01-18T18:40:00+08:00,13
,,,,,,,,,261,1,18,21,2023-01-18T19:40:00+08:00,13
,,,,,,,,,262,1,18,22,2023-01-18T20:40:00+08:00,13
,,,,,,,,,263,1,18,23,2023-01-18T21:40:00+08:00,13
,,,,,,,,,264,1,18,24,2023-01-18T22:40:00+08:00,13
,,,,,,,,,265,1,19,1,2023-01-18T23:40:00+08:00,10
,,,,,,,,,266,1,19,2,2023-01-19T00:40:00+08:00,10
,,,,,,,,,267,1,19,3,2023-01-19T01:40:00+08:00,10
,,,,,,,,,268,1,19,4,2023-01-19T02:40:00+08:00,10
,,,,,,,,,269,1,19,5,2023-01-19T03:40:00+08:00,10
,,,,,,,,,270,1,19,6,2023-01-19T04:40:00+08:00,10
,,,,,,,,,271,1,19,7,2023-01-19T05:40:00+08:00,16
,,,,,,,,,272,1,19,8,2023-01-19T06:40:00+08:00,16
,,,,,,,,,273,1,19,9,2023-01-19T07:40:00+08:00,16
,,,,,,,,,274,1,19,10,2023-01-19T08:40:00+08:00,16
,,,,,,,,,275,1,19,11,2023-01-19T09:40:00+08:00,16
,,,,,,,,,276,1,19,12,2023-01-19T10:40:00+08:00,16
,,,,,,,,,277,1,19,13,2023-01-19T11:40:00+08:00,16
,,,,,,,,,278,1,19,14,2023-01-19T12:40:00+08:00,16
,,,,,,,,,279,1,19,15,2023-01-19T13:40:00+08:00,16
,,,,,,,,,280,1,19,16,2023-01-19T14:40:00+08:00,16
,,,,,,,,,281,1,19,17,2023-01-19T15:40:00+08:00,13
,,,,,,,,,282,1,19,18,2023-01-19T16:40:00+08:00,13
,,,,,,,,,283,1,19,19,2023-01-19T17:40:00+08:00,13
,,,,,,,,,284,1,19,20,2023-01-19T18:40:00+08:00,13
,,,,,,,,,285,1,19,21,2023-01-19T19:40:00+08:00,13
,,,,,,,,,286,1,19,22,2023-01-19T20:40:00+08:00,13
,,,,,,,,,287,1,19,23,2023-01-19T21:40:00+08:00,13
,,,,,,,,,288,1,19,24,2023-01-19T22:40:00+08:00,13
,,,,,,,,,289,1,20,1,2023-01-19T23:40:00+08:00,10
,,,,,,,,,290,1,20,2,2023-01-20T00:40:00+08:00,10
,,,,,,,,,291,1,20,3,2023-01-20T01:40:00+08:00,10
,,,,,,,,,292,1,20,4,2023-01-20T02:40:00+08:00,10
,,,,,,,,,293,1,20,5,2023-01-20T03:40:00+08:00,10
,,,,,,,,,294,1,20,6,2023-01-20T04:40:00+08:00,10
,,,,,,,,,295,1,20,7,2023-01-20T05:40:00+08:00,16
,,,,,,,,,296,1,20,8,2023-01-20T06:40:00+08:00,16
,,,,,,,,,297,1,20,9,2023-01-20T07:40:00+08:00,16
,,,,,,,,,298,1,20,10,2023-01-20T08:40:00+08:00,16
,,,,,,,,,299,1,20,11,2023-01-20T09:40:00+08:00,16
,,,,,,,,,300,1,20,12,2023-01-20T10:40:00+08:00,16
,,,,,,,,,301,1,20,13,2023-01-20T11:40:00+08:00,16
,,,,,,,,,302,1,20,14,2023-01-20T12:40:00+08:00,16
,,,,,,,,,303,1,20,15,2023-01-20T13:40:00+08:00,16
,,,,,,,,,304,1,20,16,2023-01-20T14:40:00+08:00,16
,,,,,,,,,305,1,20,17,2023-01-20T15:40:00+08:00,13
,,,,,,,,,306,1,20,18,2023-01-20T16:40:00+08:00,13
,,,,,,,,,307,1,20,19,2023-01-20T17:40:00+08:00,13
,,,,,,,,,308,1,20,20,2023-01-20T18:40:00+08:00,13
,,,,,,,,,309,1,20,21,2023-01-20T19:40:00+08:00,13
,,,,,,,,,310,1,20,22,2023-01-20T20:40:00+08:00,13
,,,,,,,,,311,1,20,23,2023-01-20T21:40:00+08:00,13
,,,,,,,,,312,1,20,24,2023-01-20T22:40:00+08:00,13
,,,,,,,,,313,1,21,1,2023-01-20T23:40:00+08:00,10
,,,,,,,,,314,1,21,2,2023-01-21T00:40:00+08:00,10
,,,,,,,,,315,1,21,3,2023-01-21T01:40:00+08:00,10
,,,,,,,,,316,1,21,4,2023-01-21T02:40:00+08:00,10
,,,,,,,,,317,1,21,5,2023-01-21T03:40:00+08:00,10
,,,,,,,,,318,1,21,6,2023-01-21T04:40:00+08:00,10
,,,,,,,,,319,1,21,7,2023-01-21T05:40:00+08:00,16
,,,,,,,,,320,1,21,8,2023-01-21T06:40:00+08:00,16
,,,,,,,,,321,1,21,9,2023-01-21T07:40:00+08:00,16
,,,,,,,,,322,1,21,10,2023-01-21T08:40:00+08:00,16
,,,,,,,,,323,1,21,11,2023-01-21T09:40:00+08:00,16
,,,,,,,,,324,1,21,12,2023-01-21T10:40:00+08:00,16
,,,,,,,,,325,1,21,13,2023-01-21T11:50:00+08:00,16
,,,,,,,,,326,1,21,14,2023-01-21T12:50:00+08:00,16
,,,,,,,,,327,1,21,15,2023-01-21T13:50:00+08:00,16
,,,,,,,,,328,1,21,16,2023-01-21T14:50:00+08:00,16
,,,,,,,,,329,1,21,17,2023-01-21T15:50:00+08:00,13
,,,,,,,,,330,1,21,18,2023-01-21T16:50:00+08:00,13
,,,,,,,,,331,1,21,19,2023-01-21T17:50:00+08:00,13
,,,,,,,,,332,1,21,20,2023-01-21T18:50:00+08:00,13
,,,,,,,,,333,1,21,21,2023-01-21T19:50:00+08:00,13
,,,,,,,,,334,1,21,22,2023-01-21T20:50:00+08:00,13
,,,,,,,,,335,1,21,23,2023-01-21T21:50:00+08:00,13
,,,,,,,,,336,1,21,24,2023-01-21T22:50:00+08:00,13
,,,,,,,,,337,1,22,1,2023-01-21T23:50:00+08:00,10
,,,,,,,,,338,1,22,2,2023-01-22T00:50:00+08:00,10
,,,,,,,,,339,1,22,3,2023-01-22T01:50:00+08:00,10
,,,,,,,,,340,1,22,4,2023-01-22T02:50:00+08:00,10
,,,,,,,,,341,1,22,5,2023-01-22T03:50:00+08:00,10
,,,,,,,,,342,1,22,6,2023-01-22T04:50:00+08:00,10
,,,,,,,,,343,1,22,7,2023-01-22T05:50:00+08:00,16
,,,,,,,,,344,1,22,8,2023-01-22T06:50:00+08:00,16
,,,,,,,,,345,1,22,9,2023-01-22T07:50:00+08:00,16
,,,,,,,,,346,1,22,10,2023-01-22T08:50:00+08:00,16
,,,,,,,,,347,1,22,11,2023-01-22T09:50:00+08:00,16
,,,,,,,,,348,1,22,12,2023-01-22T10:50:00+08:00,16
,,,,,,,,,349,1,22,13,2023-01-22T11:50:00+08:00,16
,,,,,,,,,350,1,22,14,2023-01-22T12:50:00+08:00,16
,,,,,,,,,351,1,22,15,2023-01-22T13:50:00+08:00,16
,,,,,,,,,352,1,22,16,2023-01-22T14:50:00+08:00,16
,,,,,,,,,353,1,22,17,2023-01-22T15:50:00+08:00,13
,,,,,,,,,354,1,22,18,2023-01-22T16:50:00+08:00,13
,,,,,,,,,355,1,22,19,2023-01-22T17:50:00+08:00,13
,,,,,,,,,356,1,22,20,2023-01-22T18:50:00+08:00,13
,,,,,,,,,357,1,22,21,2023-01-22T19:50:00+08:00,13
,,,,,,,,,358,1,22,22,2023-01-22T20:50:00+08:00,13
,,,,,,,,,359,1,22,23,2023-01-22T21:50:00+08:00,13
,,,,,,,,,360,1,22,24,2023-01-22T22:50:00+08:00,13
,,,,,,,,,361,1,23,1,2023-01-22T23:50:00+08:00,10
,,,,,,,,,362,1,23,2,2023-01-23T00:50:00+08:00,10
,,,,,,,,,363,1,23,3,2023-01-23T01:50:00+08:00,10
,,,,,,,,,364,1,23,4,2023-01-23T02:50:00+08:00,10
,,,,,,,,,365,1,23,5,2023-01-23T03:50:00+08:00,10
,,,,,,,,,366,1,23,6,2023-01-23T04:50:00+08:00,10
,,,,,,,,,367,1,23,7,2023-01-23T05:50:00+08:00,16
,,,,,,,,,368,1,23,8,2023-01-23T06:50:00+08:00,16
,,,,,,,,,369,1,23,9,2023-01-23T07:50:00+08:00,16
,,,,,,,,,370,1,23,10,2023-01-23T08:50:00+08:00,16
,,,,,,,,,371,1,23,11,2023-01-23T09:50:00+08:00,16
,,,,,,,,,372,1,23,12,2023-01-23T10:50:00+08:00,16
,,,,,,,,,373,1,23,13,2023-01-23T11:50:00+08:00,16
,,,,,,,,,374,1,23,14,2023-01-23T12:50:00+08:00,16
,,,,,,,,,375,1,23,15,2023-01-23T13:50:00+08:00,16
,,,,,,,,,376,1,23,16,2023-01-23T14:50:00+08:00,16
,,,,,,,,,377,1,23,17,2023-01-23T15:50:00+08:00,13
,,,,,,,,,378,1,23,18,2023-01-23T16:50:00+08:00,13
,,,,,,,,,379,1,23,19,2023-01-23T17:50:00+08:00,13
,,,,,,,,,380,1,23,20,2023-01-23T18:50:00+08:00,13
,,,,,,,,,381,1,23,21,2023-01-23T19:50:00+08:00,13
,,,,,,,,,382,1,23,22,2023-01-23T20:50:00+08:00,13
,,,,,,,,,383,1,23,23,2023-01-23T21:50:00+08:00,13
,,,,,,,,,384,1,23,24,2023-01-23T22:50:00+08:00,13
,,,,,,,,,385,1,24,1,2023-01-23T23:50:00+08:00,10
,,,,,,,,,386,1,24,2,2023-01-24T00:50:00+08:00,10
,,,,,,,,,387,1,24,3,2023-01-24T01:50:00+08:00,10
,,,,,,,,,388,1,24,4,2023-01-24T02:50:00+08:00,10
,,,,,,,,,389,1,24,5,2023-01-24T03:50:00+08:00,10
,,,,,,,,,390,1,24,6,2023-01-24T04:50:00+08:00,10
,,,,,,,,,391,1,24,7,2023-01-24T05:50:00+08:00,16
,,,,,,,,,392,1,24,8,2023-01-24T06:50:00+08:00,16
,,,,,,,,,393,1,24,9,2023-01-24T07:50:00+08:00,16
,,,,,,,,,394,1,24,10,2023-01-24T08:50:00+08:00,16
,,,,,,,,,395,1,24,11,2023-01-24T09:50:00+08:00,16
,,,,,,,,,396,1,24,12,2023-01-24T10:50:00+08:00,16
,,,,,,,,,397,1,24,13,2023-01-24T11:50:00+08:00,16
,,,,,,,,,398,1,24,14,2023-01-24T12:50:00+08:00,16
,,,,,,,,,399,1,24,15,2023-01-24T13:50:00+08:00,16
,,,,,,,,,400,1,24,16,2023-01-24T14:50:00+08:00,16
,,,,,,,,,401,1,24,17,2023-01-24T15:50:00+08:00,13
,,,,,,,,,402,1,24,18,2023-01-24T16:50:00+08:00,13
,,,,,,,,,403,1,24,19,2023-01-24T17:50:00+08:00,13
,,,,,,,,,404,1,24,20,2023-01-24T18:50:00+08:00,13
,,,,,,,,,405,1,24,21,2023-01-24T19:50:00+08:00,13
,,,,,,,,,406,1,24,22,2023-01-24T20:50:00+08:00,13
,,,,,,,,,407,1,24,23,2023-01-24T21:50:00+08:00,13
,,,,,,,,,408,1,24,24,2023-01-24T22:50:00+08:00,13
,,,,,,,,,409,1,25,1,2023-01-24T23:50:00+08:00,10
,,,,,,,,,410,1,25,2,2023-01-25T00:50:00+08:00,10
,,,,,,,,,411,1,25,3,2023-01-25T01:50:00+08:00,10
,,,,,,,,,412,1,25,4,2023-01-25T02:50:00+08:00,10
,,,,,,,,,413,1,25,5,2023-01-25T03:50:00+08:00,10
,,,,,,,,,414,1,25,6,2023-01-25T04:50:00+08:00,10
,,,,,,,,,415,1,25,7,2023-01-25T05:50:00+08:00,16
,,,,,,,,,416,1,25,8,2023-01-25T06:50:00+08:00,16
,,,,,,,,,417,1,25,9,2023-01-25T07:50:00+08:00,16
,,,,,,,,,418,1,25,10,2023-01-25T08:50:00+08:00,16
,,,,,,,,,419,1,25,11,2023-01-25T09:50:00+08:00,16
,,,,,,,,,420,1,25,12,2023-01-25T10:50:00+08:00,16
,,,,,,,,,421,1,25,13,2023-01-25T11:50:00+08:00,16
,,,,,,,,,422,1,25,14,2023-01-25T12:50:00+08:00,16
,,,,,,,,,423,1,25,15,2023-01-25T13:50:00+08:00,16
,,,,,,,,,424,1,25,16,2023-01-25T14:50:00+08:00,16
,,,,,,,,,425,1,25,17,2023-01-25T15:50:00+08:00,13
,,,,,,,,,426,1,25,18,2023-01-25T16:50:00+08:00,13
,,,,,,,,,427,1,25,19,2023-01-25T17:50:00+08:00,13
,,,,,,,,,428,1,25,20,2023-01-25T18:50:00+08:00,13
,,,,,,,,,429,1,25,21,2023-01-25T19:50:00+08:00,13
,,,,,,,,,430,1,25,22,2023-01-25T20:50:00+08:00,13
,,,,,,,,,431,1,25,23,2023-01-25T21:50:00+08:00,13
,,,,,,,,,432,1,25,24,2023-01-25T22:50:00+08:00,13
,,,,,,,,,433,1,26,1,2023-01-25T23:50:00+08:00,10
,,,,,,,,,434,1,26,2,2023-01-26T00:50:00+08:00,10
,,,,,,,,,435,1,26,3,2023-01-26T01:50:00+08:00,10
,,,,,,,,,436,1,26,4,2023-01-26T02:50:00+08:00,10
,,,,,,,,,437,1,26,5,2023-01-26T03:50:00+08:00,10
,,,,,,,,,438,1,26,6,2023-01-26T04:50:00+08:00,10
,,,,,,,,,439,1,26,7,2023-01-26T05:50:00+08:00,16
,,,,,,,,,440,1,26,8,2023-01-26T06:50:00+08:00,16
,,,,,,,,,441,1,26,9,2023-01-26T07:50:00+08:00,16
,,,,,,,,,442,1,26,10,2023-01-26T08:50:00+08:00,16
,,,,,,,,,443,1,26,11,2023-01-26T09:50:00+08:00,16
,,,,,,,,,444,1,26,12,2023-01-26T10:50:00+08:00,16
,,,,,,,,,445,1,26,13,2023-01-26T11:50:00+08:00,16
,,,,,,,,,446,1,26,14,2023-01-26T12:50:00+08:00,16
,,,,,,,,,447,1,26,15,2023-01-26T13:50:00+08:00,16
,,,,,,,,,448,1,26,16,2023-01-26T14:50:00+08:00,16
,,,,,,,,,449,1,26,17,2023-01-26T15:50:00+08:00,13
,,,,,,,,,450,1,26,18,2023-01-26T16:50:00+08:00,13
,,,,,,,,,451,1,26,19,2023-01-26T17:50:00+08:00,13
,,,,,,,,,452,1,26,20,2023-01-26T18:50:00+08:00,13
,,,,,,,,,453,1,26,21,2023-01-26T19:50:00+08:00,13
,,,,,,,,,454,1,26,22,2023-01-26T20:50:00+08:00,13
,,,,,,,,,455,1,26,23,2023-01-26T21:50:00+08:00,13
,,,,,,,,,456,1,26,24,2023-01-26T22:50:00+08:00,13
,,,,,,,,,457,1,27,1,2023-01-26T23:50:00+08:00,10
,,,,,,,,,458,1,27,2,2023-01-27T00:50:00+08:00,10
,,,,,,,,,459,1,27,3,2023-01-27T01:50:00+08:00,10
,,,,,,,,,460,1,27,4,2023-01-27T02:50:00+08:00,10
,,,,,,,,,461,1,27,5,2023-01-27T03:50:00+08:00,10
,,,,,,,,,462,1,27,6,2023-01-27T04:50:00+08:00,10
,,,,,,,,,463,1,27,7,2023-01-27T05:50:00+08:00,16
,,,,,,,,,464,1,27,8,2023-01-27T06:50:00+08:00,16
,,,,,,,,,465,1,27,9,2023-01-27T07:50:00+08:00,16
,,,,,,,,,466,1,27,10,2023-01-27T08:50:00+08:00,16
,,,,,,,,,467,1,27,11,2023-01-27T09:50:00+08:00,16
,,,,,,,,,468,1,27,12,2023-01-27T10:50:00+08:00,16
,,,,,,,,,469,1,27,13,2023-01-27T11:50:00+08:00,16
,,,,,,,,,470,1,27,14,2023-01-27T12:50:00+08:00,16
,,,,,,,,,471,1,27,15,2023-01-27T13:50:00+08:00,16
,,,,,,,,,472,1,27,16,2023-01-27T14:50:00+08:00,16
,,,,,,,,,473,1,27,17,2023-01-27T15:50:00+08:00,13
,,,,,,,,,474,1,27,18,2023-01-27T16:50:00+08:00,13
,,,,,,,,,475,1,27,19,2023-01-27T17:50:00+08:00,13
,,,,,,,,,476,1,27,20,2023-01-27T18:50:00+08:00,13
,,,,,,,,,477,1,27,21,2023-01-27T19:50:00+08:00,13
,,,,,,,,,478,1,27,22,2023-01-27T20:50:00+08:00,13
,,,,,,,,,479,1,27,23,2023-01-27T21:50:00+08:00,13
,,,,,,,,,480,1,27,24,2023-01-27T22:50:00+08:00,13
,,,,,,,,,481,1,28,1,2023-01-27T23:50:00+08:00,10
,,,,,,,,,482,1,28,2,2023-01-28T00:00:00+08:00,10
,,,,,,,,,483,1,28,3,2023-01-28T01:00:00+08:00,10
,,,,,,,,,484,1,28,4,2023-01-28T02:00:00+08:00,10
,,,,,,,,,485,1,28,5,2023-01-28T03:00:00+08:00,10
,,,,,,,,,486,1,28,6,2023-01-28T04:00:00+08:00,10
,,,,,,,,,487,1,28,7,2023-01-28T05:00:00+08:00,16
,,,,,,,,,488,1,28,8,2023-01-28T06:00:00+08:00,16
,,,,,,,,,489,1,28,9,2023-01-28T07:00:00+08:00,16
,,,,,,,,,490,1,28,10,2023-01-28T08:00:00+08:00,16
,,,,,,,,,491,1,28,11,2023-01-28T09:00:00+08:00,16
,,,,,,,,,492,1,28,12,2023-01-28T10:00:00+08:00,16
,,,,,,,,,493,1,28,13,2023-01-28T11:00:00+08:00,16
,,,,,,,,,494,1,28,14,2023-01-28T12:00:00+08:00,16
,,,,,,,,,495,1,28,15,2023-01-28T13:00:00+08:00,16
,,,,,,,,,496,1,28,16,2023-01-28T14:00:00+08:00,16
,,,,,,,,,497,1,28,17,2023-01-28T15:00:00+08:00,13
,,,,,,,,,498,1,28,18,2023-01-28T16:00:00+08:00,13
,,,,,,,,,499,1,28,19,2023-01-28T17:00:00+08:00,13
,,,,,,,,,500,1,28,20,2023-01-28T18:00:00+08:00,13
,,,,,,,,,501,1,28,21,2023-01-28T19:00:00+08:00,13
,,,,,,,,,502,1,28,22,2023-01-28T20:00:00+08:00,13
,,,,,,,,,503,1,28,23,2023-01-28T21:00:00+08:00,13
,,,,,,,,,504,1,28,24,2023-01-28T22:00:00+08:00,13
,,,,,,,,,505,11,5,1,2023-11-04T23:00:00+08:00,10
,,,,,,,,,506,11,5,2,2023-11-05T00:00:00+08:00,10
,,,,,,,,,507,11,5,3,2023-11-05T01:00:00+08:00,10
,,,,,,,,,508,11,5,4,2023-11-05T02:00:00+08:00,10
,,,,,,,,,509,11,5,5,2023-11-05T03:00:00+08:00,10
,,,,,,,,,510,11,5,6,2023-11-05T04:00:00+08:00,10
,,,,,,,,,511,11,5,7,2023-11-05T05:00:00+08:00,16
,,,,,,,,,512,11,5,8,2023-11-05T06:00:00+08:00,16
,,,,,,,,,513,11,5,9,2023-11-05T07:00:00+08:00,16
,,,,,,,,,514,11,5,10,2023-11-05T08:00:00+08:00,16
,,,,,,,,,515,11,5,11,2023-11-05T09:00:00+08:00,16
,,,,,,,,,516,11,5,12,2023-11-05T10:00:00+08:00,16
,,,,,,,,,517,11,5,13,2023-11-05T11:00:00+08:00,16
,,,,,,,,,518,11,5,14,2023-11-05T12:00:00+08:00,16
,,,,,,,,,519,11,5,15,2023-11-05T13:00:00+08:00,16
,,,,,,,,,520,11,5,16,2023-11-05T14:00:00+08:00,16
,,,,,,,,,521,11,5,17,2023-11-05T15:00:00+08:00,13
,,,,,,,,,522,11,5,18,2023-11-05T16:00:00+08:00,13
,,,,,,,,,523,11,5,19,2023-11-05T17:00:00+08:00,13
,,,,,,,,,524,11,5,20,2023-11-05T18:00:00+08:00,13
,,,,,,,,,525,11,5,21,2023-11-05T19:00:00+08:00,13
,,,,,,,,,526,11,5,22,2023-11-05T20:00:00+08:00,13
,,,,,,,,,527,11,5,23,2023-11-05T21:00:00+08:00,13
,,,,,,,,,528,11,5,24,2023-11-05T22:00:00+08:00,13
,,,,,,,,,529,11,6,1,2023-11-05T23:00:00+08:00,10
,,,,,,,,,530,11,6,2,2023-11-06T00:00:00+08:00,10
,,,,,,,,,531,11,6,3,2023-11-06T01:00:00+08:00,10
,,,,,,,,,532,11,6,4,2023-11-06T02:00:00+08:00,10
,,,,,,,,,533,11,6,5,2023-11-06T03:00:00+08:00,10
,,,,,,,,,534,11,6,6,2023-11-06T04:00:00+08:00,10
,,,,,,,,,535,11,6,7,2023-11-06T05:00:00+08:00,16
,,,,,,,,,536,11,6,8,2023-11-06T06:00:00+08:00,16
,,,,,,,,,537,11,6,9,2023-11-06T07:00:00+08:00,16
,,,,,,,,,538,11,6,10,2023-11-06T08:00:00+08:00,16
,,,,,,,,,539,11,6,11,2023-11-06T09:00:00+08:00,16
,,,,,,,,,540,11,6,12,2023-11-06T10:00:00+08:00,16
,,,,,,,,,541,11,6,13,2023-11-06T11:00:00+08:00,16
,,,,,,,,,542,11,6,14,2023-11-06T12:00:00+08:00,16
,,,,,,,,,543,11,6,15,2023-11-06T13:00:00+08:00,16
,,,,,,,,,544,11,6,16,2023-11-06T14:00:00+08:00,16
,,,,,,,,,545,11,6,17,2023-11-06T15:00:00+08:00,13
,,,,,,,,,546,11,6,18,2023-11-06T16:00:00+08:00,13
,,,,,,,,,547,11,6,19,2023-11-06T17:00:00+08:00,13
,,,,,,,,,548,11,6,20,2023-11-06T18:00:00+08:00,13
,,,,,,,,,549,11,6,21,2023-11-06T19:00:00+08:00,13
,,,,,,,,,550,11,6,22,2023-11-06T20:00:00+08:00,13
,,,,,,,,,551,11,6,23,2023-11-06T21:00:00+08:00,13
,,,,,,,,,552,11,6,24,2023-11-06T22:00:00+08:00,13
,,,,,,,,,553,11,7,1,2023-11-06T23:00:00+08:00,10
,,,,,,,,,554,11,7,2,2023-11-07T00:00:00+08:00,10
,,,,,,,,,555,11,7,3,2023-11-07T01:00:00+08:00,10
,,,,,,,,,556,11,7,4,2023-11-07T02:00:00+08:00,10
,,,,,,,,,557,11,7,5,2023-11-07T03:00:00+08:00,10
,,,,,,,,,558,11,7,6,2023-11-07T04:00:00+08:00,10
,,,,,,,,,559,11,7,7,2023-11-07T05:00:00+08:00,16
,,,,,,,,,560,11,7,8,2023-11-07T06:00:00+08:00,16
,,,,,,,,,561,11,7,9,2023-11-07T07:00:00+08:00,16
,,,,,,,,,562,11,7,10,2023-11-07T08:00:00+08:00,16
,,,,,,,,,563,11,7,11,2023-11-07T09:00:00+08:00,16
,,,,,,,,,564,11,7,12,2023-11-07T10:00:00+08:00,16
,,,,,,,,,565,11,7,13,2023-11-07T11:00:00+08:00,16
,,,,,,,,,566,11,7,14,2023-11-07T12:00:00+08:00,16
,,,,,,,,,567,11,7,15,2023-11-07T13:00:00+08:00,16
,,,,,,,,,568,11,7,16,2023-11-07T14:00:00+08:00,16
,,,,,,,,,569,11,7,17,2023-11-07T15:00:00+08:00,13
,,,,,,,,,570,11,7,18,2023-11-07T16:00:00+08:00,13
,,,,,,,,,571,11,7,19,2023-11-07T17:00:00+08:00,13
,,,,,,,,,572,11,7,20,2023-11-07T18:00:00+08:00,13
,,,,,,,,,573,11,7,21,2023-11-07T19:00:00+08:00,13
,,,,,,,,,574,11,7,22,2023-11-07T20:00:00+08:00,13
,,,,,,,,,575,11,7,23,2023-11-07T21:00:00+08:00,13
,,,,,,,,,576,11,7,24,2023-11-07T22:00:00+08:00,13
,,,,,,,,,577,11,8,1,2023-11-07T23:00:00+08:00,10
,,,,,,,,,578,11,8,2,2023-11-08T00:00:00+08:00,10
,,,,,,,,,579,11,8,3,2023-11-08T01:00:00+08:00,10
,,,,,,,,,580,11,8,4,2023-11-08T02:00:00+08:00,10
,,,,,,,,,581,11,8,5,2023-11-08T03:00:00+08:00,10
,,,,,,,,,582,11,8,6,2023-11-08T04:00:00+08:00,10
,,,,,,,,,583,11,8,7,2023-11-08T05:00:00+08:00,16
,,,,,,,,,584,11,8,8,2023-11-08T06:00:00+08:00,16
,,,,,,,,,585,11,8,9,2023-11-08T07:00:00+08:00,16
,,,,,,,,,586,11,8,10,2023-11-08T08:00:00+08:00,16
,,,,,,,,,587,11,8,11,2023-11-08T09:00:00+08:00,16
,,,,,,,,,588,11,8,12,2023-11-08T10:00:00+08:00,16
,,,,,,,,,589,11,8,13,2023-11-08T11:00:00+08:00,16
,,,,,,,,,590,11,8,14,2023-11-08T12:00:00+08:00,16
,,,,,,,,,591,11,8,15,2023-11-08T13:00:00+08:00,16
,,,,,,,,,592,11,8,16,2023-11-08T14:00:00+08:00,16
,,,,,,,,,593,11,8,17,2023-11-08T15:00:00+08:00,13
,,,,,,,,,594,11,8,18,2023-11-08T16:00:00+08:00,13
,,,,,,,,,595,11,8,19,2023-11-08T17:00:00+08:00,13
,,,,,,,,,596,11,8,20,2023-11-08T18:00:00+08:00,13
,,,,,,,,,597,11,8,21,2023-11-08T19:00:00+08:00,13
,,,,,,,,,598,11,8,22,2023-11-08T20:00:00+08:00,13
,,,,,,,,,599,11,8,23,2023-11-08T21:00:00+08:00,13
,,,,,,,,,600,11,8,24,2023-11-08T22:00:00+08:00,13
,,,,,,,,,601,11,9,1,2023-11-08T23:00:00+08:00,10
,,,,,,,,,602,11,9,2,2023-11-09T00:00:00+08:00,10
,,,,,,,,,603,11,9,3,2023-11-09T01:00:00+08:00,10
,,,,,,,,,604,11,9,4,2023-11-09T02:00:00+08:00,10
,,,,,,,,,605,11,9,5,2023-11-09T03:00:00+08:00,10
,,,,,,,,,606,11,9,6,2023-11-09T04:00:00+08:00,10
,,,,,,,,,607,11,9,7,2023-11-09T05:00:00+08:00,16
,,,,,,,,,608,11,9,8,2023-11-09T06:00:00+08:00,16
,,,,,,,,,609,11,9,9,2023-11-09T07:00:00+08:00,16
,,,,,,,,,610,11,9,10,2023-11-09T08:00:00+08:00,16
,,,,,,,,,611,11,9,11,2023-11-09T09:00:00+08:00,16
,,,,,,,,,612,11,9,12,2023-11-09T10:00:00+08:00,16
,,,,,,,,,613,11,9,13,2023-11-09T11:00:00+08:00,16
,,,,,,,,,614,11,9,14,2023-11-09T12:00:00+08:00,16
,,,,,,,,,615,11,9,15,2023-11-09T13:00:00+08:00,16
,,,,,,,,,616,11,9,16,2023-11-09T14:00:00+08:00,16
,,,,,,,,,617,11,9,17,2023-11-09T15:00:00+08:00,13
,,,,,,,,,618,11,9,18,2023-11-09T16:00:00+08:00,13
,,,,,,,,,619,11,9,19,2023-11-09T17:00:00+08:00,13
,,,,,,,,,620,11,9,20,2023-11-09T18:00:00+08:00,13
,,,,,,,,,621,11,9,21,2023-11-09T19:00:00+08:00,13
,,,,,,,,,622,11,9,22,2023-11-09T20:00:00+08:00,13
,,,,,,,,,623,11,9,23,2023-11-09T21:00:00+08:00,13
,,,,,,,,,624,11,9,24,2023-11-09T22:00:00+08:00,13
,,,,,,,,,625,11,10,1,2023-11-09T23:00:00+08:00,10
,,,,,,,,,626,11,10,2,2023-11-10T00:00:00+08:00,10
,,,,,,,,,627,11,10,3,2023-11-10T01:00:00+08:00,10
,,,,,,,,,628,11,10,4,2023-11-10T02:00:00+08:00,10
,,,,,,,,,629,11,10,5,2023-11-10T03:00:00+08:00,10
,,,,,,,,,630,11,10,6,2023-11-10T04:00:00+08:00,10
,,,,,,,,,631,11,10,7,2023-11-10T05:00:00+08:00,16
,,,,,,,,,632,11,10,8,2023-11-10T06:00:00+08:00,16
,,,,,,,,,633,11,10,9,2023-11-10T07:00:00+08:00,16
,,,,,,,,,634,11,10,10,2023-11-10T08:00:00+08:00,16
,,,,,,,,,635,11,10,11,2023-11-10T09:00:00+08:00,16
,,,,,,,,,636,11,10,12,2023-11-10T10:00:00+08:00,16
,,,,,,,,,637,11,10,13,2023-11-10T11:00:00+08:00,16
,,,,,,,,,638,11,10,14,2023-11-10T12:00:00+08:00,16
,,,,,,,,,639,11,10,15,2023-11-10T13:00:00+08:00,16
,,,,,,,,,640,11,10,16,2023-11-10T14:00:00+08:00,16
,,,,,,,,,641,11,10,17,2023-11-10T15:00:00+08:00,13
,,,,,,,,,642,11,10,18,2023-11-10T16:00:00+08:00,13
,,,,,,,,,643,11,10,19,2023-11-10T17:00:00+08:00,13
,,,,,,,,,644,11,10,20,2023-11-10T18:00:00+08:00,13
,,,,,,,,,645,11,10,21,2023-11-10T19:00:00+08:00,13
,,,,,,,,,646,11,10,22,2023-11-10T20:00:00+08:00,13
,,,,,,,,,647,11,10,23,2023-11-10T21:00:00+08:00,13
,,,,,,,,,648,11,10,24,2023-11-10T22:00:00+08:00,13
,,,,,,,,,649,11,11,1,2023-11-10T23:00:00+08:00,10
,,,,,,,,,650,11,11,2,2023-11-11T00:00:00+08:00,10
,,,,,,,,,651,11,11,3,2023-11-11T01:00:00+08:00,10
,,,,,,,,,652,11,11,4,2023-11-11T02:00:00+08:00,10
,,,,,,,,,653,11,11,5,2023-11-11T03:00:00+08:00,10
,,,,,,,,,654,11,11,6,2023-11-11T04:00:00+08:00,10
,,,,,,,,,655,11,11,7,2023-11-11T05:00:00+08:00,16
,,,,,,,,,656,11,11,8,2023-11-11T06:00:00+08:00,16
,,,,,,,,,657,11,11,9,2023-11-11T07:00:00+08:00,16
,,,,,,,,,658,11,11,10,2023-11-11T08:00:00+08:00,16
,,,,,,,,,659,11,11,11,2023-11-11T09:00:00+08:00,16
,,,,,,,,,660,11,11,12,2023-11-11T10:00:00+08:00,16
,,,,,,,,,661,11,11,13,2023-11-11T11:00:00+08:00,16
,,,,,,,,,662,11,11,14,2023-11-11T12:00:00+08:00,16
,,,,,,,,,663,11,11,15,2023-11-11T13:00:00+08:00,16
,,,,,,,,,664,11,11,16,2023-11-11T14:00:00+08:00,16
,,,,,,,,,665,11,11,17,2023-11-11T15:00:00+08:00,13
,,,,,,,,,666,11,11,18,2023-11-11T16:00:00+08:00,13
,,,,,,,,,667,11,11,19,2023-11-11T17:00:00+08:00,13
,,,,,,,,,668,11,11,20,2023-11-11T18:00:00+08:00,13
,,,,,,,,,669,11,11,21,2023-11-11T19:00:00+08:00,13
,,,,,,,,,670,11,11,22,2023-11-11T20:00:00+08:00,13
,,,,,,,,,671,11,11,23,2023-11-11T21:00:00+08:00,13
,,,,,,,,,672,11,11,24,2023-11-11T22:00:00+08:00,13
,,,,,,,,,673,2,19,1,2023-02-18T23:50:00+08:00,10
,,,,,,,,,674,2,19,2,2023-02-19T00:50:00+08:00,10
,,,,,,,,,675,2,19,3,2023-02-19T01:50:00+08:00,10
,,,,,,,,,676,2,19,4,2023-02-19T02:50:00+08:00,10
,,,,,,,,,677,2,19,5,2023-02-19T03:50:00+08:00,10
,,,,,,,,,678,2,19,6,2023-02-19T04:50:00+08:00,10
,,,,,,,,,679,2,19,7,2023-02-19T05:50:00+08:00,16
,,,,,,,,,680,2,19,8,2023-02-19T06:50:00+08:00,16
,,,,,,,,,681,2,19,9,2023-02-19T07:50:00+08:00,16
,,,,,,,,,682,2,19,10,2023-02-19T08:50:00+08:00,16
,,,,,,,,,683,2,19,11,2023-02-19T09:50:00+08:00,16
,,,,,,,,,684,2,19,12,2023-02-19T10:50:00+08:00,16
,,,,,,,,,685,2,19,13,2023-02-19T11:50:00+08:00,16
,,,,,,,,,686,2,19,14,2023-02-19T12:50:00+08:00,16
,,,,,,,,,687,2,19,15,2023-02-19T13:50:00+08:00,16
,,,,,,,,,688,2,19,16,2023-02-19T14:50:00+08:00,16
,,,,,,,,,689,2,19,17,2023-02-19T15:50:00+08:00,13
,,,,,,,,,690,2,19,18,2023-02-19T16:50:00+08:00,13
,,,,,,,,,691,2,19,19,2023-02-19T17:50:00+08:00,13
,,,,,,,,,692,2,19,20,2023-02-19T18:50:00+08:00,13
,,,,,,,,,693,2,19,21,2023-02-19T19:50:00+08:00,13
,,,,,,,,,694,2,19,22,2023-02-19T20:50:00+08:00,13
,,,,,,,,,695,2,19,23,2023-02-19T21:50:00+08:00,13
,,,,,,,,,696,2,19,24,2023-02-19T22:50:00+08:00,13
,,,,,,,,,697,2,20,1,2023-02-19T23:50:00+08:00,10
,,,,,,,,,698,2,20,2,2023-02-20T00:50:00+08:00,10
,,,,,,,,,699,2,20,3,2023-02-20T01:50:00+08:00,10
,,,,,,,,,700,2,20,4,2023-02-20T02:50:00+08:00,10
,,,,,,,,,701,2,20,5,2023-02-20T03:50:00+08:00,10
,,,,,,,,,702,2,20,6,2023-02-20T04:50:00+08:00,10
,,,,,,,,,703,2,20,7,2023-02-20T05:50:00+08:00,16
,,,,,,,,,704,2,20,8,2023-02-20T06:50:00+08:00,16
,,,,,,,,,705,2,20,9,2023-02-20T07:50:00+08:00,16
,,,,,,,,,706,2,20,10,2023-02-20T08:50:00+08:00,16
,,,,,,,,,707,2,20,11,2023-02-20T09:50:00+08:00,16
,,,,,,,,,708,2,20,12,2023-02-20T10:50:00+08:00,16
,,,,,,,,,709,2,20,13,2023-02-20T11:50:00+08:00,16
,,,,,,,,,710,2,20,14,2023-02-20T12:50:00+08:00,16
,,,,,,,,,711,2,20,15,2023-02-20T13:50:00+08:00,16
,,,,,,,,,712,2,20,16,2023-02-20T14:50:00+08:00,16
,,,,,,,,,713,2,20,17,2023-02-20T15:50:00+08:00,13
,,,,,,,,,714,2,20,18,2023-02-20T16:50:00+08:00,13
,,,,,,,,,715,2,20,19,2023-02-20T17:50:00+08:00,13
,,,,,,,,,716,2,20,20,2023-02-20T18:50:00+08:00,13
,,,,,,,,,717,2,20,21,2023-02-20T19:50:00+08:00,13
,,,,,,,,,718,2,20,22,2023-02-20T20:50:00+08:00,13
,,,,,,,,,719,2,20,23,2023-02-20T21:50:00+08:00,13
,,,,,,,,,720,2,20,24,2023-02-20T22:50:00+08:00,13
,,,,,,,,,721,2,21,1,2023-02-20T23:50:00+08:00,10
,,,,,,,,,722,2,21,2,2023-02-21T00:50:00+08:00,10
,,,,,,,,,723,2,21,3,2023-02-21T01:50:00+08:00,10
,,,,,,,,,724,2,21,4,2023-02-21T02:50:00+08:00,10
,,,,,,,,,725,2,21,5,2023-02-21T03:50:00+08:00,10
,,,,,,,,,726,2,21,6,2023-02-21T04:50:00+08:00,10
,,,,,,,,,727,2,21,7,2023-02-21T05:50:00+08:00,16
,,,,,,,,,728,2,21,8,2023-02-21T06:50:00+08:00,16
,,,,,,,,,729,2,21,9,2023-02-21T07:50:00+08:00,16
,,,,,,,,,730,2,21,10,2023-02-21T08:50:00+08:00,16
,,,,,,,,,731,2,21,11,2023-02-21T09:50:00+08:00,16
,,,,,,,,,732,2,21,12,2023-02-21T10:50:00+08:00,16
,,,,,,,,,733,2,21,13,2023-02-21T11:50:00+08:00,16
,,,,,,,,,734,2,21,14,2023-02-21T12:50:00+08:00,16
,,,,,,,,,735,2,21,15,2023-02-21T13:50:00+08:00,16
,,,,,,,,,736,2,21,16,2023-02-21T14:50:00+08:00,16
,,,,,,,,,737,2,21,17,2023-02-21T15:50:00+08:00,13
,,,,,,,,,738,2,21,18,2023-02-21T16:50:00+08:00,13
,,,,,,,,,739,2,21,19,2023-02-21T17:50:00+08:00,13
,,,,,,,,,740,2,21,20,2023-02-21T18:50:00+08:00,13
,,,,,,,,,741,2,21,21,2023-02-21T19:50:00+08:00,13
,,,,,,,,,742,2,21,22,2023-02-21T20:50:00+08:00,13
,,,,,,,,,743,2,21,23,2023-02-21T21:50:00+08:00,13
,,,,,,,,,744,2,21,24,2023-02-21T22:50:00+08:00,13
,,,,,,,,,745,2,22,1,2023-02-21T23:50:00+08:00,10
,,,,,,,,,746,2,22,2,2023-02-22T00:50:00+08:00,10
,,,,,,,,,747,2,22,3,2023-02-22T01:50:00+08:00,10
,,,,,,,,,748,2,22,4,2023-02-22T02:50:00+08:00,10
,,,,,,,,,749,2,22,5,2023-02-22T03:50:00+08:00,10
,,,,,,,,,750,2,22,6,2023-02-22T04:50:00+08:00,10
,,,,,,,,,751,2,22,7,2023-02-22T05:50:00+08:00,16
,,,,,,,,,752,2,22,8,2023-02-22T06:50:00+08:00,16
,,,,,,,,,753,2,22,9,2023-02-22T07:50:00+08:00,16
,,,,,,,,,754,2,22,10,2023-02-22T08:50:00+08:00,16
,,,,,,,,,755,2,22,11,2023-02-22T09:50:00+08:00,16
,,,,,,,,,756,2,22,12,2023-02-22T10:50:00+08:00,16
,,,,,,,,,757,2,22,13,2023-02-22T11:50:00+08:00,16
,,,,,,,,,758,2,22,14,2023-02-22T12:50:00+08:00,16
,,,,,,,,,759,2,22,15,2023-02-22T13:50:00+08:00,16
,,,,,,,,,760,2,22,16,2023-02-22T14:50:00+08:00,16
,,,,,,,,,761,2,22,17,2023-02-22T15:50:00+08:00,13
,,,,,,,,,762,2,22,18,2023-02-22T16:50:00+08:00,13
,,,,,,,,,763,2,22,19,2023-02-22T17:50:00+08:00,13
,,,,,,,,,764,2,22,20,2023-02-22T18:50:00+08:00,13
,,,,,,,,,765,2,22,21,2023-02-22T19:50:00+08:00,13
,,,,,,,,,766,2,22,22,2023-02-22T20:50:00+08:00,13
,,,,,,,,,767,2,22,23,2023-02-22T21:50:00+08:00,13
,,,,,,,,,768,2,22,24,2023-02-22T22:50:00+08:00,13
,,,,,,,,,769,2,23,1,2023-02-22T23:50:00+08:00,10
,,,,,,,,,770,2,23,2,2023-02-23T00:50:00+08:00,10
,,,,,,,,,771,2,23,3,2023-02-23T01:50:00+08:00,10
,,,,,,,,,772,2,23,4,2023-02-23T02:50:00+08:00,10
,,,,,,,,,773,2,23,5,2023-02-23T03:50:00+08:00,10
,,,,,,,,,774,2,23,6,2023-02-23T04:50:00+08:00,10
,,,,,,,,,775,2,23,7,2023-02-23T05:50:00+08:00,16
,,,,,,,,,776,2,23,8,2023-02-23T06:50:00+08:00,16
,,,,,,,,,777,2,23,9,2023-02-23T07:50:00+08:00,16
,,,,,,,,,778,2,23,10,2023-02-23T08:50:00+08:00,16
,,,,,,,,,779,2,23,11,2023-02-23T09:50:00+08:00,16
,,,,,,,,,780,2,23,12,2023-02-23T10:50:00+08:00,16
,,,,,,,,,781,2,23,13,2023-02-23T11:50:00+08:00,16
,,,,,,,,,782,2,23,14,2023-02-23T12:50:00+08:00,16
,,,,,,,,,783,2,23,15,2023-02-23T13:50:00+08:00,16
,,,,,,,,,784,2,23,16,2023-02-23T14:50:00+08:00,16
,,,,,,,,,785,2,23,17,2023-02-23T15:50:00+08:00,13
,,,,,,,,,786,2,23,18,2023-02-23T16:50:00+08:00,13
,,,,,,,,,787,2,23,19,2023-02-23T17:50:00+08:00,13
,,,,,,,,,788,2,23,20,2023-02-23T18:50:00+08:00,13
,,,,,,,,,789,2,23,21,2023-02-23T19:50:00+08:00,13
,,,,,,,,,790,2,23,22,2023-02-23T20:50:00+08:00,13
,,,,,,,,,791,2,23,23,2023-02-23T21:50:00+08:00,13
,,,,,,,,,792,2,23,24,2023-02-23T22:50:00+08:00,13
,,,,,,,,,793,2,24,1,2023-02-23T23:50:00+08:00,10
,,,,,,,,,794,2,24,2,2023-02-24T00:50:00+08:00,10
,,,,,,,,,795,2,24,3,2023-02-24T01:50:00+08:00,10
,,,,,,,,,796,2,24,4,2023-02-24T02:50:00+08:00,10
,,,,,,,,,797,2,24,5,2023-02-24T03:50:00+08:00,10
,,,,,,,,,798,2,24,6,2023-02-24T04:50:00+08:00,10
,,,,,,,,,799,2,24,7,2023-02-24T05:50:00+08:00,16
,,,,,,,,,800,2,24,8,2023-02-24T06:50:00+08:00,16
,,,,,,,,,801,2,24,9,2023-02-24T07:50:00+08:00,16
,,,,,,,,,802,2,24,10,2023-02-24T08:50:00+08:00,16
,,,,,,,,,803,2,24,11,2023-02-24T09:50:00+08:00,16
,,,,,,,,,804,2,24,12,2023-02-24T10:50:00+08:00,16
,,,,,,,,,805,2,24,13,2023-02-24T11:50:00+08:00,16
,,,,,,,,,806,2,24,14,2023-02-24T12:50:00+08:00,16
,,,,,,,,,807,2,24,15,2023-02-24T13:50:00+08:00,16
,,,,,,,,,808,2,24,16,2023-02-24T14:50:00+08:00,16
,,,,,,,,,809,2,24,17,2023-02-24T15:50:00+08:00,13
,,,,,,,,,810,2,24,18,2023-02-24T16:50:00+08:00,13
,,,,,,,,,811,2,24,19,2023-02-24T17:50:00+08:00,13
,,,,,,,,,812,2,24,20,2023-02-24T18:50:00+08:00,13
,,,,,,,,,813,2,24,21,2023-02-24T19:50:00+08:00,13
,,,,,,,,,814,2,24,22,2023-02-24T20:50:00+08:00,13
,,,,,,,,,815,2,24,23,2023-02-24T21:50:00+08:00,13
,,,,,,,,,816,2,24,24,2023-02-24T22:50:00+08:00,13
,,,,,,,,,817,2,25,1,2023-02-24T23:50:00+08:00,10
,,,,,,,,,818,2,25,2,2023-02-25T00:50:00+08:00,10
,,,,,,,,,819,2,25,3,2023-02-25T01:50:00+08:00,10
,,,,,,,,,820,2,25,4,2023-02-25T02:50:00+08:00,10
,,,,,,,,,821,2,25,5,2023-02-25T03:50:00+08:00,10
,,,,,,,,,822,2,25,6,2023-02-25T04:50:00+08:00,10
,,,,,,,,,823,2,25,7,2023-02-25T05:50:00+08:00,16
,,,,,,,,,824,2,25,8,2023-02-25T06:50:00+08:00,16
,,,,,,,,,825,2,25,9,2023-02-25T07:50:00+08:00,16
,,,,,,,,,826,2,25,10,2023-02-25T08:50:00+08:00,16
,,,,,,,,,827,2,25,11,2023-02-25T09:50:00+08:00,16
,,,,,,,,,828,2,25,12,2023-02-25T10:50:00+08:00,16
,,,,,,,,,829,2,25,13,2023-02-25T11:50:00+08:00,16
,,,,,,,,,830,2,25,14,2023-02-25T12:50:00+08:00,16
,,,,,,,,,831,2,25,15,2023-02-25T13:50:00+08:00,16
,,,,,,,,,832,2,25,16,2023-02-25T14:50:00+08:00,16
,,,,,,,,,833,2,25,17,2023-02-25T15:50:00+08:00,13
,,,,,,,,,834,2,25,18,2023-02-25T16:50:00+08:00,13
,,,,,,,,,835,2,25,19,2023-02-25T17:50:00+08:00,13
,,,,,,,,,836,2,25,20,2023-02-25T18:50:00+08:00,13
,,,,,,,,,837,2,25,21,2023-02-25T19:50:00+08:00,13
,,,,,,,,,838,2,25,22,2023-02-25T20:50:00+08:00,13
,,,,,,,,,839,2,25,23,2023-02-25T21:50:00+08:00,13
,,,,,,,,,840,2,25,24,2023-02-25T22:50:00+08:00,13
,,,,,,,,,841,11,12,1,2023-11-11T23:00:00+08:00,10
,,,,,,,,,842,11,12,2,2023-11-12T00:00:00+08:00,10
,,,,,,,,,843,11,12,3,2023-11-12T01:00:00+08:00,10
,,,,,,,,,844,11,12,4,2023-11-12T02:00:00+08:00,10
,,,,,,,,,845,11,12,5,2023-11-12T03:00:00+08:00,10
,,,,,,,,,846,11,12,6,2023-11-12T04:00:00+08:00,10
,,,,,,,,,847,11,12,7,2023-11-12T05:00:00+08:00,16
,,,,,,,,,848,11,12,8,2023-11-12T06:00:00+08:00,16
,,,,,,,,,849,11,12,9,2023-11-12T07:00:00+08:00,16
,,,,,,,,,850,11,12,10,2023-11-12T08:00:00+08:00,16
,,,,,,,,,851,11,12,11,2023-11-12T09:00:00+08:00,16
,,,,,,,,,852,11,12,12,2023-11-12T10:00:00+08:00,16
,,,,,,,,,853,11,12,13,2023-11-12T11:00:00+08:00,16
,,,,,,,,,854,11,12,14,2023-11-12T12:00:00+08:00,16
,,,,,,,,,855,11,12,15,2023-11-12T13:00:00+08:00,16
,,,,,,,,,856,11,12,16,2023-11-12T14:00:00+08:00,16
,,,,,,,,,857,11,12,17,2023-11-12T15:00:00+08:00,13
,,,,,,,,,858,11,12,18,2023-11-12T16:00:00+08:00,13
,,,,,,,,,859,11,12,19,2023-11-12T17:00:00+08:00,13
,,,,,,,,,860,11,12,20,2023-11-12T18:00:00+08:00,13
,,,,,,,,,861,11,12,21,2023-11-12T19:00:00+08:00,13
,,,,,,,,,862,11,12,22,2023-11-12T20:00:00+08:00,13
,,,,,,,,,863,11,12,23,2023-11-12T21:00:00+08:00,13
,,,,,,,,,864,11,12,24,2023-11-12T22:00:00+08:00,13
,,,,,,,,,865,11,13,1,2023-11-12T23:00:00+08:00,10
,,,,,,,,,866,11,13,2,2023-11-13T00:00:00+08:00,10
,,,,,,,,,867,11,13,3,2023-11-13T01:00:00+08:00,10
,,,,,,,,,868,11,13,4,2023-11-13T02:00:00+08:00,10
,,,,,,,,,869,11,13,5,2023-11-13T03:00:00+08:00,10
,,,,,,,,,870,11,13,6,2023-11-13T04:00:00+08:00,10
,,,,,,,,,871,11,13,7,2023-11-13T05:00:00+08:00,16
,,,,,,,,,872,11,13,8,2023-11-13T06:00:00+08:00,16
,,,,,,,,,873,11,13,9,2023-11-13T07:00:00+08:00,16
,,,,,,,,,874,11,13,10,2023-11-13T08:00:00+08:00,16
,,,,,,,,,875,11,13,11,2023-11-13T09:00:00+08:00,16
,,,,,,,,,876,11,13,12,2023-11-13T10:00:00+08:00,16
,,,,,,,,,877,11,13,13,2023-11-13T11:00:00+08:00,16
,,,,,,,,,878,11,13,14,2023-11-13T12:00:00+08:00,16
,,,,,,,,,879,11,13,15,2023-11-13T13:00:00+08:00,16
,,,,,,,,,880,11,13,16,2023-11-13T14:00:00+08:00,16
,,,,,,,,,881,11,13,17,2023-11-13T15:00:00+08:00,13
,,,,,,,,,882,11,13,18,2023-11-13T16:00:00+08:00,13
,,,,,,,,,883,11,13,19,2023-11-13T17:00:00+08:00,13
,,,,,,,,,884,11,13,20,2023-11-13T18:00:00+08:00,13
,,,,,,,,,885,11,13,21,2023-11-13T19:00:00+08:00,13
,,,,,,,,,886,11,13,22,2023-11-13T20:00:00+08:00,13
,,,,,,,,,887,11,13,23,2023-11-13T21:00:00+08:00,13
,,,,,,,,,888,11,13,24,2023-11-13T22:00:00+08:00,13
,,,,,,,,,889,11,14,1,2023-11-13T23:00:00+08:00,10
,,,,,,,,,890,11,14,2,2023-11-14T00:00:00+08:00,10
,,,,,,,,,891,11,14,3,2023-11-14T01:00:00+08:00,10
,,,,,,,,,892,11,14,4,2023-11-14T02:00:00+08:00,10
,,,,,,,,,893,11,14,5,2023-11-14T03:00:00+08:00,10
,,,,,,,,,894,11,14,6,2023-11-14T04:00:00+08:00,10
,,,,,,,,,895,11,14,7,2023-11-14T05:00:00+08:00,16
,,,,,,,,,896,11,14,8,2023-11-14T06:00:00+08:00,16
,,,,,,,,,897,11,14,9,2023-11-14T07:00:00+08:00,16
,,,,,,,,,898,11,14,10,2023-11-14T08:00:00+08:00,16
,,,,,,,,,899,11,14,11,2023-11-14T09:00:00+08:00,16
,,,,,,,,,900,11,14,12,2023-11-14T10:00:00+08:00,16
,,,,,,,,,901,11,14,13,2023-11-14T11:00:00+08:00,16
,,,,,,,,,902,11,14,14,2023-11-14T12:00:00+08:00,16
,,,,,,,,,903,11,14,15,2023-11-14T13:00:00+08:00,16
,,,,,,,,,904,11,14,16,2023-11-14T14:00:00+08:00,16
,,,,,,,,,905,11,14,17,2023-11-14T15:00:00+08:00,13
,,,,,,,,,906,11,14,18,2023-11-14T16:00:00+08:00,13
,,,,,,,,,907,11,14,19,2023-11-14T17:00:00+08:00,13
,,,,,,,,,908,11,14,20,2023-11-14T18:00:00+08:00,13
,,,,,,,,,909,11,14,21,2023-11-14T19:00:00+08:00,13
,,,,,,,,,910,11,14,22,2023-11-14T20:00:00+08:00,13
,,,,,,,,,911,11,14,23,2023-11-14T21:00:00+08:00,13
,,,,,,,,,912,11,14,24,2023-11-14T22:00:00+08:00,13
,,,,,,,,,913,11,15,1,2023-11-14T23:00:00+08:00,10
,,,,,,,,,914,11,15,2,2023-11-15T00:00:00+08:00,10
,,,,,,,,,915,11,15,3,2023-11-15T01:00:00+08:00,10
,,,,,,,,,916,11,15,4,2023-11-15T02:00:00+08:00,10
,,,,,,,,,917,11,15,5,2023-11-15T03:00:00+08:00,10
,,,,,,,,,918,11,15,6,2023-11-15T04:00:00+08:00,10
,,,,,,,,,919,11,15,7,2023-11-15T05:00:00+08:00,16
,,,,,,,,,920,11,15,8,2023-11-15T06:00:00+08:00,16
,,,,,,,,,921,11,15,9,2023-11-15T07:00:00+08:00,16
,,,,,,,,,922,11,15,10,2023-11-15T08:00:00+08:00,16
,,,,,,,,,923,11,15,11,2023-11-15T09:00:00+08:00,16
,,,,,,,,,924,11,15,12,2023-11-15T10:00:00+08:00,16
,,,,,,,,,925,11,15,13,2023-11-15T11:00:00+08:00,16
,,,,,,,,,926,11,15,14,2023-11-15T12:00:00+08:00,16
,,,,,,,,,927,11,15,15,2023-11-15T13:00:00+08:00,16
,,,,,,,,,928,11,15,16,2023-11-15T14:00:00+08:00,16
,,,,,,,,,929,11,15,17,2023-11-15T15:00:00+08:00,13
,,,,,,,,,930,11,15,18,2023-11-15T16:00:00+08:00,13
,,,,,,,,,931,11,15,19,2023-11-15T17:00:00+08:00,13
,,,,,,,,,932,11,15,20,2023-11-15T18:00:00+08:00,13
,,,,,,,,,933,11,15,21,2023-11-15T19:00:00+08:00,13
,,,,,,,,,934,11,15,22,2023-11-15T20:00:00+08:00,13
,,,,,,,,,935,11,15,23,2023-11-15T21:00:00+08:00,13
,,,,,,,,,936,11,15,24,2023-11-15T22:00:00+08:00,13
,,,,,,,,,937,11,16,1,2023-11-15T23:00:00+08:00,10
,,,,,,,,,938,11,16,2,2023-11-16T00:00:00+08:00,10
,,,,,,,,,939,11,16,3,2023-11-16T01:00:00+08:00,10
,,,,,,,,,940,11,16,4,2023-11-16T02:00:00+08:00,10
,,,,,,,,,941,11,16,5,2023-11-16T03:00:00+08:00,10
,,,,,,,,,942,11,16,6,2023-11-16T04:00:00+08:00,10
,,,,,,,,,943,11,16,7,2023-11-16T05:00:00+08:00,16
,,,,,,,,,944,11,16,8,2023-11-16T06:00:00+08:00,16
,,,,,,,,,945,11,16,9,2023-11-16T07:00:00+08:00,16
,,,,,,,,,946,11,16,10,2023-11-16T08:00:00+08:00,16
,,,,,,,,,947,11,16,11,2023-11-16T09:00:00+08:00,16
,,,,,,,,,948,11,16,12,2023-11-16T10:00:00+08:00,16
,,,,,,,,,949,11,16,13,2023-11-16T11:00:00+08:00,16
,,,,,,,,,950,11,16,14,2023-11-16T12:00:00+08:00,16
,,,,,,,,,951,11,16,15,2023-11-16T13:00:00+08:00,16
,,,,,,,,,952,11,16,16,2023-11-16T14:00:00+08:00,16
,,,,,,,,,953,11,16,17,2023-11-16T15:00:00+08:00,13
,,,,,,,,,954,11,16,18,2023-11-16T16:00:00+08:00,13
,,,,,,,,,955,11,16,19,2023-11-16T17:00:00+08:00,13
,,,,,,,,,956,11,16,20,2023-11-16T18:00:00+08:00,13
,,,,,,,,,957,11,16,21,2023-11-16T19:00:00+08:00,13
,,,,,,,,,958,11,16,22,2023-11-16T20:00:00+08:00,13
,,,,,,,,,959,11,16,23,2023-11-16T21:00:00+08:00,13
,,,,,,,,,960,11,16,24,2023-11-16T22:00:00+08:00,13
,,,,,,,,,961,11,17,1,2023-11-16T23:00:00+08:00,10
,,,,,,,,,962,11,17,2,2023-11-17T00:00:00+08:00,10
,,,,,,,,,963,11,17,3,2023-11-17T01:00:00+08:00,10
,,,,,,,,,964,11,17,4,2023-11-17T02:00:00+08:00,10
,,,,,,,,,965,11,17,5,2023-11-17T03:00:00+08:00,10
,,,,,,,,,966,11,17,6,2023-11-17T04:00:00+08:00,10
,,,,,,,,,967,11,17,7,2023-11-17T05:00:00+08:00,16
,,,,,,,,,968,11,17,8,2023-11-17T06:00:00+08:00,16
,,,,,,,,,969,11,17,9,2023-11-17T07:00:00+08:00,16
,,,,,,,,,970,11,17,10,2023-11-17T08:00:00+08:00,16
,,,,,,,,,971,11,17,11,2023-11-17T09:00:00+08:00,16
,,,,,,,,,972,11,17,12,2023-11-17T10:00:00+08:00,16
,,,,,,,,,973,11,17,13,2023-11-17T11:00:00+08:00,16
,,,,,,,,,974,11,17,14,2023-11-17T12:00:00+08:00,16
,,,,,,,,,975,11,17,15,2023-11-17T13:00:00+08:00,16
,,,,,,,,,976,11,17,16,2023-11-17T14:00:00+08:00,16
,,,,,,,,,977,11,17,17,2023-11-17T15:00:00+08:00,13
,,,,,,,,,978,11,17,18,2023-11-17T16:00:00+08:00,13
,,,,,,,,,979,11,17,19,2023-11-17T17:00:00+08:00,13
,,,,,,,,,980,11,17,20,2023-11-17T18:00:00+08:00,13
,,,,,,,,,981,11,17,21,2023-11-17T19:00:00+08:00,13
,,,,,,,,,982,11,17,22,2023-11-17T20:00:00+08:00,13
,,,,,,,,,983,11,17,23,2023-11-17T21:00:00+08:00,13
,,,,,,,,,984,11,17,24,2023-11-17T22:00:00+08:00,13
,,,,,,,,,985,11,18,1,2023-11-17T23:00:00+08:00,10
,,,,,,,,,986,11,18,2,2023-11-18T00:00:00+08:00,10
,,,,,,,,,987,11,18,3,2023-11-18T01:00:00+08:00,10
,,,,,,,,,988,11,18,4,2023-11-18T02:00:00+08:00,10
,,,,,,,,,989,11,18,5,2023-11-18T03:00:00+08:00,10
,,,,,,,,,990,11,18,6,2023-11-18T04:00:00+08:00,10
,,,,,,,,,991,11,18,7,2023-11-18T05:00:00+08:00,16
,,,,,,,,,992,11,18,8,2023-11-18T06:00:00+08:00,16
,,,,,,,,,993,11,18,9,2023-11-18T07:00:00+08:00,16
,,,,,,,,,994,11,18,10,2023-11-18T08:00:00+08:00,16
,,,,,,,,,995,11,18,11,2023-11-18T09:00:00+08:00,16
,,,,,,,,,996,11,18,12,2023-11-18T10:00:00+08:00,16
,,,,,,,,,997,11,18,13,2023-11-18T11:00:00+08:00,16
,,,,,,,,,998,11,18,14,2023-11-18T12:00:00+08:00,16
,,,,,,,,,999,11,18,15,2023-11-18T13:00:00+08:00,16
,,,,,,,,,1000,11,18,16,2023-11-18T14:00:00+08:00,16
,,,,,,,,,1001,11,18,17,2023-11-18T15:00:00+08:00,13
,,,,,,,,,1002,11,18,18,2023-11-18T16:00:00+08:00,13
,,,,,,,,,1003,11,18,19,2023-11-18T17:00:00+08:00,13
,,,,,,,,,1004,11,18,20,2023-11-18T18:00:00+08:00,13
,,,,,,,,,1005,11,18,21,2023-11-18T19:00:00+08:00,13
,,,,,,,,,1006,11,18,22,2023-11-18T20:00:00+08:00,13
,,,,,,,,,1007,11,18,23,2023-11-18T21:00:00+08:00,13
,,,,,,,,,1008,11,18,24,2023-11-18T22:00:00+08:00,13
,,,,,,,,,1009,9,24,1,2023-09-23T23:00:00+08:00,10
,,,,,,,,,1010,9,24,2,2023-09-24T00:00:00+08:00,10
,,,,,,,,,1011,9,24,3,2023-09-24T01:00:00+08:00,10
,,,,,,,,,1012,9,24,4,2023-09-24T02:00:00+08:00,10
,,,,,,,,,1013,9,24,5,2023-09-24T03:00:00+08:00,10
,,,,,,,,,1014,9,24,6,2023-09-24T04:00:00+08:00,10
,,,,,,,,,1015,9,24,7,2023-09-24T05:00:00+08:00,16
,,,,,,,,,1016,9,24,8,2023-09-24T06:00:00+08:00,16
,,,,,,,,,1017,9,24,9,2023-09-24T07:00:00+08:00,16
,,,,,,,,,1018,9,24,10,2023-09-24T08:00:00+08:00,16
,,,,,,,,,1019,9,24,11,2023-09-24T09:00:00+08:00,16
,,,,,,,,,1020,9,24,12,2023-09-24T10:00:00+08:00,16
,,,,,,,,,1021,9,24,13,2023-09-24T11:00:00+08:00,16
,,,,,,,,,1022,9,24,14,2023-09-24T12:00:00+08:00,16
,,,,,,,,,1023,9,24,15,2023-09-24T13:00:00+08:00,16
,,,,,,,,,1024,9,24,16,2023-09-24T14:00:00+08:00,16
,,,,,,,,,1025,9,24,17,2023-09-24T15:00:00+08:00,13
,,,,,,,,,1026,9,24,18,2023-09-24T16:00:00+08:00,13
,,,,,,,,,1027,9,24,19,2023-09-24T17:00:00+08:00,13
,,,,,,,,,1028,9,24,20,2023-09-24T18:00:00+08:00,13
,,,,,,,,,1029,9,24,21,2023-09-24T19:00:00+08:00,13
,,,,,,,,,1030,9,24,22,2023-09-24T20:00:00+08:00,13
,,,,,,,,,1031,9,24,23,2023-09-24T21:00:00+08:00,13
,,,,,,,,,1032,9,24,24,2023-09-24T22:00:00+08:00,13
,,,,,,,,,1033,9,25,1,2023-09-24T23:00:00+08:00,10
,,,,,,,,,1034,9,25,2,2023-09-25T00:00:00+08:00,10
,,,,,,,,,1035,9,25,3,2023-09-25T01:00:00+08:00,10
,,,,,,,,,1036,9,25,4,2023-09-25T02:00:00+08:00,10
,,,,,,,,,1037,9,25,5,2023-09-25T03:00:00+08:00,10
,,,,,,,,,1038,9,25,6,2023-09-25T04:00:00+08:00,10
,,,,,,,,,1039,9,25,7,2023-09-25T05:00:00+08:00,16
,,,,,,,,,1040,9,25,8,2023-09-25T06:00:00+08:00,16
,,,,,,,,,1041,9,25,9,2023-09-25T07:00:00+08:00,16
,,,,,,,,,1042,9,25,10,2023-09-25T08:00:00+08:00,16
,,,,,,,,,1043,9,25,11,2023-09-25T09:00:00+08:00,16
,,,,,,,,,1044,9,25,12,2023-09-25T10:00:00+08:00,16
,,,,,,,,,1045,9,25,13,2023-09-25T11:00:00+08:00,16
,,,,,,,,,1046,9,25,14,2023-09-25T12:00:00+08:00,16
,,,,,,,,,1047,9,25,15,2023-09-25T13:00:00+08:00,16
,,,,,,,,,1048,9,25,16,2023-09-25T14:00:00+08:00,16
,,,,,,,,,1049,9,25,17,2023-09-25T15:00:00+08:00,13
,,,,,,,,,1050,9,25,18,2023-09-25T16:00:00+08:00,13
,,,,,,,,,1051,9,25,19,2023-09-25T17:00:00+08:00,13
,,,,,,,,,1052,9,25,20,2023-09-25T18:00:00+08:00,13
,,,,,,,,,1053,9,25,21,2023-09-25T19:00:00+08:00,13
,,,,,,,,,1054,9,25,22,2023-09-25T20:00:00+08:00,13
,,,,,,,,,1055,9,25,23,2023-09-25T21:00:00+08:00,13
,,,,,,,,,1056,9,25,24,2023-09-25T22:00:00+08:00,13
,,,,,,,,,1057,9,26,1,2023-09-25T23:00:00+08:00,10
,,,,,,,,,1058,9,26,2,2023-09-26T00:00:00+08:00,10
,,,,,,,,,1059,9,26,3,2023-09-26T01:00:00+08:00,10
,,,,,,,,,1060,9,26,4,2023-09-26T02:00:00+08:00,10
,,,,,,,,,1061,9,26,5,2023-09-26T03:00:00+08:00,10
,,,,,,,,,1062,9,26,6,2023-09-26T04:00:00+08:00,10
,,,,,,,,,1063,9,26,7,2023-09-26T05:00:00+08:00,16
,,,,,,,,,1064,9,26,8,2023-09-26T06:00:00+08:00,16
,,,,,,,,,1065,9,26,9,2023-09-26T07:00:00+08:00,16
,,,,,,,,,1066,9,26,10,2023-09-26T08:00:00+08:00,16
,,,,,,,,,1067,9,26,11,2023-09-26T09:00:00+08:00,16
,,,,,,,,,1068,9,26,12,2023-09-26T10:00:00+08:00,16
,,,,,,,,,1069,9,26,13,2023-09-26T11:00:00+08:00,16
,,,,,,,,,1070,9,26,14,2023-09-26T12:00:00+08:00,16
,,,,,,,,,1071,9,26,15,2023-09-26T13:00:00+08:00,16
,,,,,,,,,1072,9,26,16,2023-09-26T14:00:00+08:00,16
,,,,,,,,,1073,9,26,17,2023-09-26T15:00:00+08:00,13
,,,,,,,,,1074,9,26,18,2023-09-26T16:00:00+08:00,13
,,,,,,,,,1075,9,26,19,2023-09-26T17:00:00+08:00,13
,,,,,,,,,1076,9,26,20,2023-09-26T18:00:00+08:00,13
,,,,,,,,,1077,9,26,21,2023-09-26T19:00:00+08:00,13
,,,,,,,,,1078,9,26,22,2023-09-26T20:00:00+08:00,13
,,,,,,,,,1079,9,26,23,2023-09-26T21:00:00+08:00,13
,,,,,,,,,1080,9,26,24,2023-09-26T22:00:00+08:00,13
,,,,,,,,,1081,9,27,1,2023-09-26T23:00:00+08:00,10
,,,,,,,,,1082,9,27,2,2023-09-27T00:00:00+08:00,10
,,,,,,,,,1083,9,27,3,2023-09-27T01:00:00+08:00,10
,,,,,,,,,1084,9,27,4,2023-09-27T02:00:00+08:00,10
,,,,,,,,,1085,9,27,5,2023-09-27T03:00:00+08:00,10
,,,,,,,,,1086,9,27,6,2023-09-27T04:00:00+08:00,10
,,,,,,,,,1087,9,27,7,2023-09-27T05:00:00+08:00,16
,,,,,,,,,1088,9,27,8,2023-09-27T06:00:00+08:00,16
,,,,,,,,,1089,9,27,9,2023-09-27T07:00:00+08:00,16
,,,,,,,,,1090,9,27,10,2023-09-27T08:00:00+08:00,16
,,,,,,,,,1091,9,27,11,2023-09-27T09:00:00+08:00,16
,,,,,,,,,1092,9,27,12,2023-09-27T10:00:00+08:00,16
,,,,,,,,,1093,9,27,13,2023-09-27T11:00:00+08:00,16
,,,,,,,,,1094,9,27,14,2023-09-27T12:00:00+08:00,16
,,,,,,,,,1095,9,27,15,2023-09-27T13:00:00+08:00,16
,,,,,,,,,1096,9,27,16,2023-09-27T14:00:00+08:00,16
,,,,,,,,,1097,9,27,17,2023-09-27T15:00:00+08:00,13
,,,,,,,,,1098,9,27,18,2023-09-27T16:00:00+08:00,13
,,,,,,,,,1099,9,27,19,2023-09-27T17:00:00+08:00,13
,,,,,,,,,1100,9,27,20,2023-09-27T18:00:00+08:00,13
,,,,,,,,,1101,9,27,21,2023-09-27T19:00:00+08:00,13
,,,,,,,,,1102,9,27,22,2023-09-27T20:00:00+08:00,13
,,,,,,,,,1103,9,27,23,2023-09-27T21:00:00+08:00,13
,,,,,,,,,1104,9,27,24,2023-09-27T22:00:00+08:00,13
,,,,,,,,,1105,9,28,1,2023-09-27T23:00:00+08:00,10
,,,,,,,,,1106,9,28,2,2023-09-28T00:00:00+08:00,10
,,,,,,,,,1107,9,28,3,2023-09-28T01:00:00+08:00,10
,,,,,,,,,1108,9,28,4,2023-09-28T02:00:00+08:00,10
,,,,,,,,,1109,9,28,5,2023-09-28T03:00:00+08:00,10
,,,,,,,,,1110,9,28,6,2023-09-28T04:00:00+08:00,10
,,,,,,,,,1111,9,28,7,2023-09-28T05:00:00+08:00,16
,,,,,,,,,1112,9,28,8,2023-09-28T06:00:00+08:00,16
,,,,,,,,,1113,9,28,9,2023-09-28T07:00:00+08:00,16
,,,,,,,,,1114,9,28,10,2023-09-28T08:00:00+08:00,16
,,,,,,,,,1115,9,28,11,2023-09-28T09:00:00+08:00,16
,,,,,,,,,1116,9,28,12,2023-09-28T10:00:00+08:00,16
,,,,,,,,,1117,9,28,13,2023-09-28T11:00:00+08:00,16
,,,,,,,,,1118,9,28,14,2023-09-28T12:00:00+08:00,16
,,,,,,,,,1119,9,28,15,2023-09-28T13:00:00+08:00,16
,,,,,,,,,1120,9,28,16,2023-09-28T14:00:00+08:00,16
,,,,,,,,,1121,9,28,17,2023-09-28T15:00:00+08:00,13
,,,,,,,,,1122,9,28,18,2023-09-28T16:00:00+08:00,13
,,,,,,,,,1123,9,28,19,2023-09-28T17:00:00+08:00,13
,,,,,,,,,1124,9,28,20,2023-09-28T18:00:00+08:00,13
,,,,,,,,,1125,9,28,21,2023-09-28T19:00:00+08:00,13
,,,,,,,,,1126,9,28,22,2023-09-28T20:00:00+08:00,13
,,,,,,,,,1127,9,28,23,2023-09-28T21:00:00+08:00,13
,,,,,,,,,1128,9,28,24,2023-09-28T22:00:00+08:00,13
,,,,,,,,,1129,9,29,1,2023-09-28T23:00:00+08:00,10
,,,,,,,,,1130,9,29,2,2023-09-29T00:00:00+08:00,10
,,,,,,,,,1131,9,29,3,2023-09-29T01:00:00+08:00,10
,,,,,,,,,1132,9,29,4,2023-09-29T02:00:00+08:00,10
,,,,,,,,,1133,9,29,5,2023-09-29T03:00:00+08:00,10
,,,,,,,,,1134,9,29,6,2023-09-29T04:00:00+08:00,10
,,,,,,,,,1135,9,29,7,2023-09-29T05:00:00+08:00,16
,,,,,,,,,1136,9,29,8,2023-09-29T06:00:00+08:00,16
,,,,,,,,,1137,9,29,9,2023-09-29T07:00:00+08:00,16
,,,,,,,,,1138,9,29,10,2023-09-29T08:00:00+08:00,16
,,,,,,,,,1139,9,29,11,2023-09-29T09:00:00+08:00,16
,,,,,,,,,1140,9,29,12,2023-09-29T10:00:00+08:00,16
,,,,,,,,,1141,9,29,13,2023-09-29T11:00:00+08:00,16
,,,,,,,,,1142,9,29,14,2023-09-29T12:00:00+08:00,16
,,,,,,,,,1143,9,29,15,2023-09-29T13:00:00+08:00,16
,,,,,,,,,1144,9,29,16,2023-09-29T14:00:00+08:00,16
,,,,,,,,,1145,9,29,17,2023-09-29T15:00:00+08:00,13
,,,,,,,,,1146,9,29,18,2023-09-29T16:00:00+08:00,13
,,,,,,,,,1147,9,29,19,2023-09-29T17:00:00+08:00,13
,,,,,,,,,1148,9,29,20,2023-09-29T18:00:00+08:00,13
,,,,,,,,,1149,9,29,21,2023-09-29T19:00:00+08:00,13
,,,,,,,,,1150,9,29,22,2023-09-29T20:00:00+08:00,13
,,,,,,,,,1151,9,29,23,2023-09-29T21:00:00+08:00,13
,,,,,,,,,1152,9,29,24,2023-09-29T22:00:00+08:00,13
,,,,,,,,,1153,9,30,1,2023-09-29T23:00:00+08:00,10
,,,,,,,,,1154,9,30,2,2023-09-30T00:00:00+08:00,10
,,,,,,,,,1155,9,30,3,2023-09-30T01:00:00+08:00,10
,,,,,,,,,1156,9,30,4,2023-09-30T02:00:00+08:00,10
,,,,,,,,,1157,9,30,5,2023-09-30T03:00:00+08:00,10
,,,,,,,,,1158,9,30,6,2023-09-30T04:00:00+08:00,10
,,,,,,,,,1159,9,30,7,2023-09-30T05:00:00+08:00,16
,,,,,,,,,1160,9,30,8,2023-09-30T06:00:00+08:00,16
,,,,,,,,,1161,9,30,9,2023-09-30T07:00:00+08:00,16
,,,,,,,,,1162,9,30,10,2023-09-30T08:00:00+08:00,16
,,,,,,,,,1163,9,30,11,2023-09-30T09:00:00+08:00,16
,,,,,,,,,1164,9,30,12,2023-09-30T10:00:00+08:00,16
,,,,,,,,,1165,9,30,13,2023-09-30T11:00:00+08:00,16
,,,,,,,,,1166,9,30,14,2023-09-30T12:00:00+08:00,16
,,,,,,,,,1167,9,30,15,2023-09-30T13:00:00+08:00,16
,,,,,,,,,1168,9,30,16,2023-09-30T14:00:00+08:00,16
,,,,,,,,,1169,9,30,17,2023-09-30T15:00:00+08:00,13
,,,,,,,,,1170,9,30,18,2023-09-30T16:00:00+08:00,13
,,,,,,,,,1171,9,30,19,2023-09-30T17:00:00+08:00,13
,,,,,,,,,1172,9,30,20,2023-09-30T18:00:00+08:00,13
,,,,,,,,,1173,9,30,21,2023-09-30T19:00:00+08:00,13
,,,,,,,,,1174,9,30,22,2023-09-30T20:00:00+08:00,13
,,,,,,,,,1175,9,30,23,2023-09-30T21:00:00+08:00,13
,,,,,,,,,1176,9,30,24,2023-09-30T22:00:00+08:00,13
,,,,,,,,,1177,1,29,1,2023-01-28T23:00:00+08:00,10
,,,,,,,,,1178,1,29,2,2023-01-29T00:00:00+08:00,10
,,,,,,,,,1179,1,29,3,2023-01-29T01:00:00+08:00,10
,,,,,,,,,1180,1,29,4,2023-01-29T02:00:00+08:00,10
,,,,,,,,,1181,1,29,5,2023-01-29T03:00:00+08:00,10
,,,,,,,,,1182,1,29,6,2023-01-29T04:00:00+08:00,10
,,,,,,,,,1183,1,29,7,2023-01-29T05:00:00+08:00,16
,,,,,,,,,1184,1,29,8,2023-01-29T06:00:00+08:00,16
,,,,,,,,,1185,1,29,9,2023-01-29T07:00:00+08:00,16
,,,,,,,,,1186,1,29,10,2023-01-29T08:00:00+08:00,16
,,,,,,,,,1187,1,29,11,2023-01-29T09:00:00+08:00,16
,,,,,,,,,1188,1,29,12,2023-01-29T10:00:00+08:00,16
,,,,,,,,,1189,1,29,13,2023-01-29T11:00:00+08:00,16
,,,,,,,,,1190,1,29,14,2023-01-29T12:00:00+08:00,16
,,,,,,,,,1191,1,29,15,2023-01-29T13:00:00+08:00,16
,,,,,,,,,1192,1,29,16,2023-01-29T14:00:00+08:00,16
,,,,,,,,,1193,1,29,17,2023-01-29T15:00:00+08:00,13
,,,,,,,,,1194,1,29,18,2023-01-29T16:00:00+08:00,13
,,,,,,,,,1195,1,29,19,2023-01-29T17:00:00+08:00,13
,,,,,,,,,1196,1,29,20,2023-01-29T18:00:00+08:00,13
,,,,,,,,,1197,1,29,21,2023-01-29T19:00:00+08:00,13
,,,,,,,,,1198,1,29,22,2023-01-29T20:00:00+08:00,13
,,,,,,,,,1199,1,29,23,2023-01-29T21:00:00+08:00,13
,,,,,,,,,1200,1,29,24,2023-01-29T22:00:00+08:00,13
,,,,,,,,,1201,1,30,1,2023-01-29T23:00:00+08:00,10
,,,,,,,,,1202,1,30,2,2023-01-30T00:00:00+08:00,10
,,,,,,,,,1203,1,30,3,2023-01-30T01:00:00+08:00,10
,,,,,,,,,1204,1,30,4,2023-01-30T02:00:00+08:00,10
,,,,,,,,,1205,1,30,5,2023-01-30T03:00:00+08:00,10
,,,,,,,,,1206,1,30,6,2023-01-30T04:00:00+08:00,10
,,,,,,,,,1207,1,30,7,2023-01-30T05:00:00+08:00,16
,,,,,,,,,1208,1,30,8,2023-01-30T06:00:00+08:00,16
,,,,,,,,,1209,1,30,9,2023-01-30T07:00:00+08:00,16
,,,,,,,,,1210,1,30,10,2023-01-30T08:00:00+08:00,16
,,,,,,,,,1211,1,30,11,2023-01-30T09:00:00+08:00,16
,,,,,,,,,1212,1,30,12,2023-01-30T10:00:00+08:00,16
,,,,,,,,,1213,1,30,13,2023-01-30T11:00:00+08:00,16
,,,,,,,,,1214,1,30,14,2023-01-30T12:00:00+08:00,16
,,,,,,,,,1215,1,30,15,2023-01-30T13:00:00+08:00,16
,,,,,,,,,1216,1,30,16,2023-01-30T14:00:00+08:00,16
,,,,,,,,,1217,1,30,17,2023-01-30T15:00:00+08:00,13
,,,,,,,,,1218,1,30,18,2023-01-30T16:00:00+08:00,13
,,,,,,,,,1219,1,30,19,2023-01-30T17:00:00+08:00,13
,,,,,,,,,1220,1,30,20,2023-01-30T18:00:00+08:00,13
,,,,,,,,,1221,1,30,21,2023-01-30T19:00:00+08:00,13
,,,,,,,,,1222,1,30,22,2023-01-30T20:00:00+08:00,13
,,,,,,,,,1223,1,30,23,2023-01-30T21:00:00+08:00,13
,,,,,,,,,1224,1,30,24,2023-01-30T22:00:00+08:00,13
,,,,,,,,,1225,1,31,1,2023-01-30T23:00:00+08:00,10
,,,,,,,,,1226,1,31,2,2023-01-31T00:00:00+08:00,10
,,,,,,,,,1227,1,31,3,2023-01-31T01:00:00+08:00,10
,,,,,,,,,1228,1,31,4,2023-01-31T02:00:00+08:00,10
,,,,,,,,,1229,1,31,5,2023-01-31T03:00:00+08:00,10
,,,,,,,,,1230,1,31,6,2023-01-31T04:00:00+08:00,10
,,,,,,,,,1231,1,31,7,2023-01-31T05:00:00+08:00,16
,,,,,,,,,1232,1,31,8,2023-01-31T06:00:00+08:00,16
,,,,,,,,,1233,1,31,9,2023-01-31T07:00:00+08:00,16
,,,,,,,,,1234,1,31,10,2023-01-31T08:00:00+08:00,16
,,,,,,,,,1235,1,31,11,2023-01-31T09:00:00+08:00,16
,,,,,,,,,1236,1,31,12,2023-01-31T10:00:00+08:00,16
,,,,,,,,,1237,1,31,13,2023-01-31T11:00:00+08:00,16
,,,,,,,,,1238,1,31,14,2023-01-31T12:00:00+08:00,16
,,,,,,,,,1239,1,31,15,2023-01-31T13:00:00+08:00,16
,,,,,,,,,1240,1,31,16,2023-01-31T14:00:00+08:00,16
,,,,,,,,,1241,1,31,17,2023-01-31T15:00:00+08:00,13
,,,,,,,,,1242,1,31,18,2023-01-31T16:00:00+08:00,13
,,,,,,,,,1243,1,31,19,2023-01-31T17:00:00+08:00,13
,,,,,,,,,1244,1,31,20,2023-01-31T18:00:00+08:00,13
,,,,,,,,,1245,1,31,21,2023-01-31T19:00:00+08:00,13
,,,,,,,,,1246,1,31,22,2023-01-31T20:00:00+08:00,13
,,,,,,,,,1247,1,31,23,2023-01-31T21:00:00+08:00,13
,,,,,,,,,1248,1,31,24,2023-01-31T22:00:00+08:00,13
,,,,,,,,,1249,2,1,1,2023-01-31T23:00:00+08:00,10
,,,,,,,,,1250,2,1,2,2023-02-01T00:30:00+08:00,10
,,,,,,,,,1251,2,1,3,2023-02-01T01:30:00+08:00,10
,,,,,,,,,1252,2,1,4,2023-02-01T02:30:00+08:00,10
,,,,,,,,,1253,2,1,5,2023-02-01T03:30:00+08:00,10
,,,,,,,,,1254,2,1,6,2023-02-01T04:30:00+08:00,10
,,,,,,,,,1255,2,1,7,2023-02-01T05:30:00+08:00,16
,,,,,,,,,1256,2,1,8,2023-02-01T06:30:00+08:00,16
,,,,,,,,,1257,2,1,9,2023-02-01T07:30:00+08:00,16
,,,,,,,,,1258,2,1,10,2023-02-01T08:30:00+08:00,16
,,,,,,,,,1259,2,1,11,2023-02-01T09:30:00+08:00,16
,,,,,,,,,1260,2,1,12,2023-02-01T10:30:00+08:00,16
,,,,,,,,,1261,2,1,13,2023-02-01T11:30:00+08:00,16
,,,,,,,,,1262,2,1,14,2023-02-01T12:30:00+08:00,16
,,,,,,,,,1263,2,1,15,2023-02-01T13:30:00+08:00,16
,,,,,,,,,1264,2,1,16,2023-02-01T14:30:00+08:00,16
,,,,,,,,,1265,2,1,17,2023-02-01T15:30:00+08:00,13
,,,,,,,,,1266,2,1,18,2023-02-01T16:30:00+08:00,13
,,,,,,,,,1267,2,1,19,2023-02-01T17:30:00+08:00,13
,,,,,,,,,1268,2,1,20,2023-02-01T18:30:00+08:00,13
,,,,,,,,,1269,2,1,21,2023-02-01T19:30:00+08:00,13
,,,,,,,,,1270,2,1,22,2023-02-01T20:30:00+08:00,13
,,,,,,,,,1271,2,1,23,2023-02-01T21:30:00+08:00,13
,,,,,,,,,1272,2,1,24,2023-02-01T22:30:00+08:00,13
,,,,,,,,,1273,2,2,1,2023-02-01T23:30:00+08:00,10
,,,,,,,,,1274,2,2,2,2023-02-02T00:30:00+08:00,10
,,,,,,,,,1275,2,2,3,2023-02-02T01:30:00+08:00,10
,,,,,,,,,1276,2,2,4,2023-02-02T02:30:00+08:00,10
,,,,,,,,,1277,2,2,5,2023-02-02T03:30:00+08:00,10
,,,,,,,,,1278,2,2,6,2023-02-02T04:30:00+08:00,10
,,,,,,,,,1279,2,2,7,2023-02-02T05:30:00+08:00,16
,,,,,,,,,1280,2,2,8,2023-02-02T06:30:00+08:00,16
,,,,,,,,,1281,2,2,9,2023-02-02T07:30:00+08:00,16
,,,,,,,,,1282,2,2,10,2023-02-02T08:30:00+08:00,16
,,,,,,,,,1283,2,2,11,2023-02-02T09:30:00+08:00,16
,,,,,,,,,1284,2,2,12,2023-02-02T10:30:00+08:00,16
,,,,,,,,,1285,2,2,13,2023-02-02T11:30:00+08:00,16
,,,,,,,,,1286,2,2,14,2023-02-02T12:30:00+08:00,16
,,,,,,,,,1287,2,2,15,2023-02-02T13:30:00+08:00,16
,,,,,,,,,1288,2,2,16,2023-02-02T14:30:00+08:00,16
,,,,,,,,,1289,2,2,17,2023-02-02T15:30:00+08:00,13
,,,,,,,,,1290,2,2,18,2023-02-02T16:30:00+08:00,13
,,,,,,,,,1291,2,2,19,2023-02-02T17:30:00+08:00,13
,,,,,,,,,1292,2,2,20,2023-02-02T18:30:00+08:00,13
,,,,,,,,,1293,2,2,21,2023-02-02T19:30:00+08:00,13
,,,,,,,,,1294,2,2,22,2023-02-02T20:30:00+08:00,13
,,,,,,,,,1295,2,2,23,2023-02-02T21:30:00+08:00,13
,,,,,,,,,1296,2,2,24,2023-02-02T22:30:00+08:00,13
,,,,,,,,,1297,2,3,1,2023-02-02T23:30:00+08:00,10
,,,,,,,,,1298,2,3,2,2023-02-03T00:30:00+08:00,10
,,,,,,,,,1299,2,3,3,2023-02-03T01:30:00+08:00,10
,,,,,,,,,1300,2,3,4,2023-02-03T02:30:00+08:00,10
,,,,,,,,,1301,2,3,5,2023-02-03T03:30:00+08:00,10
,,,,,,,,,1302,2,3,6,2023-02-03T04:30:00+08:00,10
,,,,,,,,,1303,2,3,7,2023-02-03T05:30:00+08:00,16
,,,,,,,,,1304,2,3,8,2023-02-03T06:30:00+08:00,16
,,,,,,,,,1305,2,3,9,2023-02-03T07:30:00+08:00,16
,,,,,,,,,1306,2,3,10,2023-02-03T08:30:00+08:00,16
,,,,,,,,,1307,2,3,11,2023-02-03T09:30:00+08:00,16
,,,,,,,,,1308,2,3,12,2023-02-03T10:30:00+08:00,16
,,,,,,,,,1309,2,3,13,2023-02-03T11:30:00+08:00,16
,,,,,,,,,1310,2,3,14,2023-02-03T12:30:00+08:00,16
,,,,,,,,,1311,2,3,15,2023-02-03T13:30:00+08:00,16
,,,,,,,,,1312,2,3,16,2023-02-03T14:30:00+08:00,16
,,,,,,,,,1313,2,3,17,2023-02-03T15:30:00+08:00,13
,,,,,,,,,1314,2,3,18,2023-02-03T16:30:00+08:00,13
,,,,,,,,,1315,2,3,19,2023-02-03T17:30:00+08:00,13
,,,,,,,,,1316,2,3,20,2023-02-03T18:30:00+08:00,13
,,,,,,,,,1317,2,3,21,2023-02-03T19:30:00+08:00,13
,,,,,,,,,1318,2,3,22,2023-02-03T20:30:00+08:00,13
,,,,,,,,,1319,2,3,23,2023-02-03T21:30:00+08:00,13
,,,,,,,,,1320,2,3,24,2023-02-03T22:30:00+08:00,13
,,,,,,,,,1321,2,4,1,2023-02-03T23:30:00+08:00,10
,,,,,,,,,1322,2,4,2,2023-02-04T00:30:00+08:00,10
,,,,,,,,,1323,2,4,3,2023-02-04T01:30:00+08:00,10
,,,,,,,,,1324,2,4,4,2023-02-04T02:30:00+08:00,10
,,,,,,,,,1325,2,4,5,2023-02-04T03:30:00+08:00,10
,,,,,,,,,1326,2,4,6,2023-02-04T04:30:00+08:00,10
,,,,,,,,,1327,2,4,7,2023-02-04T05:30:00+08:00,16
,,,,,,,,,1328,2,4,8,2023-02-04T06:30:00+08:00,16
,,,,,,,,,1329,2,4,9,2023-02-04T07:30:00+08:00,16
,,,,,,,,,1330,2,4,10,2023-02-04T08:30:00+08:00,16
,,,,,,,,,1331,2,4,11,2023-02-04T09:30:00+08:00,16
,,,,,,,,,1332,2,4,12,2023-02-04T10:30:00+08:00,16
,,,,,,,,,1333,2,4,13,2023-02-04T11:30:00+08:00,16
,,,,,,,,,1334,2,4,14,2023-02-04T12:30:00+08:00,16
,,,,,,,,,1335,2,4,15,2023-02-04T13:30:00+08:00,16
,,,,,,,,,1336,2,4,16,2023-02-04T14:30:00+08:00,16
,,,,,,,,,1337,2,4,17,2023-02-04T15:30:00+08:00,13
,,,,,,,,,1338,2,4,18,2023-02-04T16:30:00+08:00,13
,,,,,,,,,1339,2,4,19,2023-02-04T17:30:00+08:00,13
,,,,,,,,,1340,2,4,20,2023-02-04T18:30:00+08:00,13
,,,,,,,,,1341,2,4,21,2023-02-04T19:30:00+08:00,13
,,,,,,,,,1342,2,4,22,2023-02-04T20:30:00+08:00,13
,,,,,,,,,1343,2,4,23,2023-02-04T21:30:00+08:00,13
,,,,,,,,,1344,2,4,24,2023-02-04T22:30:00+08:00,13