r_id,amman_mineral_power_station_unit_1,amman_mineral_power_station_unit_2,amman_mineral_power_station_unit_3,amman_mineral_power_station_unit_4,amman_mineral_power_station_geothermal,amman_mineral_power_station_geothermal,amman_mineral_power_station_geothermal,amman_mineral_power_station_geothermal,amman_mineral_power_station_geothermal,amman_mineral_power_station_solar,amman_mineral_power_station_solar,amman_mineral_power_station_solar,amman_mineral_power_station_solar,amman_mineral_power_station_solar,amman_mineral_power_station_wind
1,1,1,1,1,1,1,1,1,1,0,0,0,0,0,0.063
2,1,1,1,1,1,1,1,1,1,0,0,0,0,0,0.073
3,1,1,1,1,1,1,1,1,1,0,0,0,0,0,0.08
4,1,1,1,1,1,1,1,1,1,0,0,0,0,0,0.082
5,1,1,1,1,1,1,1,1,1,0,0,0,0,0,0.082
6,1,1,1,1,1,1,1,1,1,0.007,0.007,0.007,0.007,0.007,0.083
7,1,1,1,1,1,1,1,1,1,0.126,0.126,0.126,0.126,0.126,0.068
8,1,1,1,1,1,1,1,1,1,0.299,0.299,0.299,0.299,0.299,0.087
9,1,1,1,1,1,1,1,1,1,0.453,0.453,0.453,0.453,0.453,0.112
10,1,1,1,1,1,1,1,1,1,0.556,0.556,0.556,0.556,0.556,0.105
11,1,1,1,1,1,1,1,1,1,0.609,0.609,0.609,0.609,0.609,0.093
12,1,1,1,1,1,1,1,1,1,0.618,0.618,0.618,0.618,0.618,0.083
13,1,1,1,1,1,1,1,1,1,0.582,0.582,0.582,0.582,0.582,0.073
14,1,1,1,1,1,1,1,1,1,0.497,0.497,0.497,0.497,0.497,0.066
15,1,1,1,1,1,1,1,1,1,0.356,0.356,0.356,0.356,0.356,0.06
16,1,1,1,1,1,1,1,1,1,0.198,0.198,0.198,0.198,0.198,0.046
17,1,1,1,1,1,1,1,1,1,0.051,0.051,0.051,0.051,0.051,0.043
18,1,1,1,1,1,1,1,1,1,0,0,0,0,0,0.06
19,1,1,1,1,1,1,1,1,1,0,0,0,0,0,0.068
20,1,1,1,1,1,1,1,1,1,0,0,0,0,0,0.073
21,1,1,1,1,1,1,1,1,1,0,0,0,0,0,0.088
22,1,1,1,1,1,1,1,1,1,0,0,0,0,0,0.098
23,1,1,1,1,1,1,1,1,1,0,0,0,0,0,0.104
24,1,1,1,1,1,1,1,1,1,0,0,0,0,0,0.102
25,1,1,1,1,1,1,1,1,1,0,0,0,0,0,0.1
26,1,1,1,1,1,1,1,1,1,0,0,0,0,0,0.103
27,1,1,1,1,1,1,1,1,1,0,0,0,0,0,0.114
28,1,1,1,1,1,1,1,1,1,0,0,0,0,0,0.117
29,1,1,1,1,1,1,1,1,1,0,0,0,0,0,0.133
30,1,1,1,1,1,1,1,1,1,0.01,0.01,0.01,0.01,0.01,0.134
31,1,1,1,1,1,1,1,1,1,0.166,0.166,0.166,0.166,0.166,0.117
32,1,1,1,1,1,1,1,1,1,0.364,0.364,0.364,0.364,0.364,0.177
33,1,1,1,1,1,1,1,1,1,0.515,0.515,0.515,0.515,0.515,0.223
34,1,1,1,1,1,1,1,1,1,0.618,0.618,0.618,0.618,0.618,0.223
35,1,1,1,1,1,1,1,1,1,0.674,0.674,0.674,0.674,0.674,0.21
36,1,1,1,1,1,1,1,1,1,0.689,0.689,0.689,0.689,0.689,0.202
37,1,1,1,1,1,1,1,1,1,0.651,0.651,0.651,0.651,0.651,0.201
38,1,1,1,1,1,1,1,1,1,0.554,0.554,0.554,0.554,0.554,0.212
39,1,1,1,1,1,1,1,1,1,0.415,0.415,0.415,0.415,0.415,0.223
40,1,1,1,1,1,1,1,1,1,0.211,0.211,0.211,0.211,0.211,0.179
41,1,1,1,1,1,1,1,1,1,0.045,0.045,0.045,0.045,0.045,0.138
42,1,1,1,1,1,1,1,1,1,0,0,0,0,0,0.127
43,1,1,1,1,1,1,1,1,1,0,0,0,0,0,0.128
44,1,1,1,1,1,1,1,1,1,0,0,0,0,0,0.132
45,1,1,1,1,1,1,1,1,1,0,0,0,0,0,0.128
46,1,1,1,1,1,1,1,1,1,0,0,0,0,0,0.133
47,1,1,1,1,1,1,1,1,1,0,0,0,0,0,0.147
48,1,1,1,1,1,1,1,1,1,0,0,0,0,0,0.167
49,1,1,1,1,1,1,1,1,1,0,0,0,0,0,0.21
50,1,1,1,1,1,1,1,1,1,0,0,0,0,0,0.209
51,1,1,1,1,1,1,1,1,1,0,0,0,0,0,0.21
52,1,1,1,1,1,1,1,1,1,0,0,0,0,0,0.186
53,1,1,1,1,1,1,1,1,1,0,0,0,0,0,0.19
54,1,1,1,1,1,1,1,1,1,0.01,0.01,0.01,0.01,0.01,0.205
55,1,1,1,1,1,1,1,1,1,0.16,0.16,0.16,0.16,0.16,0.178
56,1,1,1,1,1,1,1,1,1,0.332,0.332,0.332,0.332,0.332,0.224
57,1,1,1,1,1,1,1,1,1,0.525,0.525,0.525,0.525,0.525,0.243
58,1,1,1,1,1,1,1,1,1,0.627,0.627,0.627,0.627,0.627,0.214
59,1,1,1,1,1,1,1,1,1,0.684,0.684,0.684,0.684,0.684,0.188
60,1,1,1,1,1,1,1,1,1,0.696,0.696,0.696,0.696,0.696,0.167
61,1,1,1,1,1,1,1,1,1,0.669,0.669,0.669,0.669,0.669,0.146
62,1,1,1,1,1,1,1,1,1,0.589,0.589,0.589,0.589,0.589,0.127
63,1,1,1,1,1,1,1,1,1,0.46,0.46,0.46,0.46,0.46,0.112
64,1,1,1,1,1,1,1,1,1,0.279,0.279,0.279,0.279,0.279,0.09
65,1,1,1,1,1,1,1,1,1,0.064,0.064,0.064,0.064,0.064,0.077
66,1,1,1,1,1,1,1,1,1,0,0,0,0,0,0.095
67,1,1,1,1,1,1,1,1,1,0,0,0,0,0,0.106
68,1,1,1,1,1,1,1,1,1,0,0,0,0,0,0.119
69,1,1,1,1,1,1,1,1,1,0,0,0,0,0,0.125
70,1,1,1,1,1,1,1,1,1,0,0,0,0,0,0.13
71,1,1,1,1,1,1,1,1,1,0,0,0,0,0,0.13
72,1,1,1,1,1,1,1,1,1,0,0,0,0,0,0.125
73,1,1,1,1,1,1,1,1,1,0,0,0,0,0,0.128
74,1,1,1,1,1,1,1,1,1,0,0,0,0,0,0.135
75,1,1,1,1,1,1,1,1,1,0,0,0,0,0,0.146
76,1,1,1,1,1,1,1,1,1,0,0,0,0,0,0.143
77,1,1,1,1,1,1,1,1,1,0,0,0,0,0,0.133
78,1,1,1,1,1,1,1,1,1,0.013,0.013,0.013,0.013,0.013,0.138
79,1,1,1,1,1,1,1,1,1,0.179,0.179,0.179,0.179,0.179,0.105
80,1,1,1,1,1,1,1,1,1,0.375,0.375,0.375,0.375,0.375,0.124
81,1,1,1,1,1,1,1,1,1,0.541,0.541,0.541,0.541,0.541,0.12
82,1,1,1,1,1,1,1,1,1,0.655,0.655,0.655,0.655,0.655,0.089
83,1,1,1,1,1,1,1,1,1,0.711,0.711,0.711,0.711,0.711,0.067
84,1,1,1,1,1,1,1,1,1,0.722,0.722,0.722,0.722,0.722,0.055
85,1,1,1,1,1,1,1,1,1,0.688,0.688,0.688,0.688,0.688,0.048
86,1,1,1,1,1,1,1,1,1,0.609,0.609,0.609,0.609,0.609,0.045
87,1,1,1,1,1,1,1,1,1,0.48,0.48,0.48,0.48,0.48,0.045
88,1,1,1,1,1,1,1,1,1,0.298,0.298,0.298,0.298,0.298,0.043
89,1,1,1,1,1,1,1,1,1,0.08,0.08,0.08,0.08,0.08,0.04
90,1,1,1,1,1,1,1,1,1,0,0,0,0,0,0.058
91,1,1,1,1,1,1,1,1,1,0,0,0,0,0,0.064
92,1,1,1,1,1,1,1,1,1,0,0,0,0,0,0.066
93,1,1,1,1,1,1,1,1,1,0,0,0,0,0,0.068
94,1,1,1,1,1,1,1,1,1,0,0,0,0,0,0.07
95,1,1,1,1,1,1,1,1,1,0,0,0,0,0,0.07
96,1,1,1,1,1,1,1,1,1,0,0,0,0,0,0.071
97,1,1,1,1,1,1,1,1,1,0,0,0,0,0,0.085
98,1,1,1,1,1,1,1,1,1,0,0,0,0,0,0.101
99,1,1,1,1,1,1,1,1,1,0,0,0,0,0,0.108
100,1,1,1,1,1,1,1,1,1,0,0,0,0,0,0.106
101,1,1,1,1,1,1,1,1,1,0,0,0,0,0,0.102
102,1,1,1,1,1,1,1,1,1,0.011,0.011,0.011,0.011,0.011,0.104
103,1,1,1,1,1,1,1,1,1,0.192,0.192,0.192,0.192,0.192,0.09
104,1,1,1,1,1,1,1,1,1,0.416,0.416,0.416,0.416,0.416,0.104
105,1,1,1,1,1,1,1,1,1,0.571,0.571,0.571,0.571,0.571,0.116
106,1,1,1,1,1,1,1,1,1,0.673,0.673,0.673,0.673,0.673,0.11
107,1,1,1,1,1,1,1,1,1,0.724,0.724,0.724,0.724,0.724,0.1
108,1,1,1,1,1,1,1,1,1,0.731,0.731,0.731,0.731,0.731,0.093
109,1,1,1,1,1,1,1,1,1,0.691,0.691,0.691,0.691,0.691,0.084
110,1,1,1,1,1,1,1,1,1,0.609,0.609,0.609,0.609,0.609,0.074
111,1,1,1,1,1,1,1,1,1,0.482,0.482,0.482,0.482,0.482,0.066
112,1,1,1,1,1,1,1,1,1,0.301,0.301,0.301,0.301,0.301,0.054
113,1,1,1,1,1,1,1,1,1,0.081,0.081,0.081,0.081,0.081,0.054
114,1,1,1,1,1,1,1,1,1,0,0,0,0,0,0.082
115,1,1,1,1,1,1,1,1,1,0,0,0,0,0,0.09
116,1,1,1,1,1,1,1,1,1,0,0,0,0,0,0.099
117,1,1,1,1,1,1,1,1,1,0,0,0,0,0,0.102
118,1,1,1,1,1,1,1,1,1,0,0,0,0,0,0.118
119,1,1,1,1,1,1,1,1,1,0,0,0,0,0,0.117
120,1,1,1,1,1,1,1,1,1,0,0,0,0,0,0.11
121,1,1,1,1,1,1,1,1,1,0,0,0,0,0,0.102
122,1,1,1,1,1,1,1,1,1,0,0,0,0,0,0.094
123,1,1,1,1,1,1,1,1,1,0,0,0,0,0,0.092
124,1,1,1,1,1,1,1,1,1,0,0,0,0,0,0.091
125,1,1,1,1,1,1,1,1,1,0,0,0,0,0,0.107
126,1,1,1,1,1,1,1,1,1,0.012,0.012,0.012,0.012,0.012,0.113
127,1,1,1,1,1,1,1,1,1,0.188,0.188,0.188,0.188,0.188,0.084
128,1,1,1,1,1,1,1,1,1,0.402,0.402,0.402,0.402,0.402,0.112
129,1,1,1,1,1,1,1,1,1,0.551,0.551,0.551,0.551,0.551,0.122
130,1,1,1,1,1,1,1,1,1,0.651,0.651,0.651,0.651,0.651,0.108
131,1,1,1,1,1,1,1,1,1,0.705,0.705,0.705,0.705,0.705,0.09
132,1,1,1,1,1,1,1,1,1,0.714,0.714,0.714,0.714,0.714,0.069
133,1,1,1,1,1,1,1,1,1,0.671,0.671,0.671,0.671,0.671,0.055
134,1,1,1,1,1,1,1,1,1,0.583,0.583,0.583,0.583,0.583,0.045
135,1,1,1,1,1,1,1,1,1,0.445,0.445,0.445,0.445,0.445,0.036
136,1,1,1,1,1,1,1,1,1,0.219,0.219,0.219,0.219,0.219,0.021
137,1,1,1,1,1,1,1,1,1,0.043,0.043,0.043,0.043,0.043,0.022
138,1,1,1,1,1,1,1,1,1,0,0,0,0,0,0.033
139,1,1,1,1,1,1,1,1,1,0,0,0,0,0,0.045
140,1,1,1,1,1,1,1,1,1,0,0,0,0,0,0.058
141,1,1,1,1,1,1,1,1,1,0,0,0,0,0,0.075
142,1,1,1,1,1,1,1,1,1,0,0,0,0,0,0.09
143,1,1,1,1,1,1,1,1,1,0,0,0,0,0,0.086
144,1,1,1,1,1,1,1,1,1,0,0,0,0,0,0.09
145,1,1,1,1,1,1,1,1,1,0,0,0,0,0,0.096
146,1,1,1,1,1,1,1,1,1,0,0,0,0,0,0.104
147,1,1,1,1,1,1,1,1,1,0,0,0,0,0,0.111
148,1,1,1,1,1,1,1,1,1,0,0,0,0,0,0.104
149,1,1,1,1,1,1,1,1,1,0,0,0,0,0,0.11
150,1,1,1,1,1,1,1,1,1,0.016,0.016,0.016,0.016,0.016,0.118
151,1,1,1,1,1,1,1,1,1,0.219,0.219,0.219,0.219,0.219,0.082
152,1,1,1,1,1,1,1,1,1,0.41,0.41,0.41,0.41,0.41,0.079
153,1,1,1,1,1,1,1,1,1,0.536,0.536,0.536,0.536,0.536,0.087
154,1,1,1,1,1,1,1,1,1,0.599,0.599,0.599,0.599,0.599,0.072
155,1,1,1,1,1,1,1,1,1,0.619,0.619,0.619,0.619,0.619,0.067
156,1,1,1,1,1,1,1,1,1,0.609,0.609,0.609,0.609,0.609,0.064
157,1,1,1,1,1,1,1,1,1,0.572,0.572,0.572,0.572,0.572,0.059
158,1,1,1,1,1,1,1,1,1,0.51,0.51,0.51,0.51,0.51,0.055
159,1,1,1,1,1,1,1,1,1,0.415,0.415,0.415,0.415,0.415,0.054
160,1,1,1,1,1,1,1,1,1,0.277,0.277,0.277,0.277,0.277,0.052
161,1,1,1,1,1,1,1,1,1,0.072,0.072,0.072,0.072,0.072,0.056
162,1,1,1,1,1,1,1,1,1,0,0,0,0,0,0.082
163,1,1,1,1,1,1,1,1,1,0,0,0,0,0,0.093
164,1,1,1,1,1,1,1,1,1,0,0,0,0,0,0.104
165,1,1,1,1,1,1,1,1,1,0,0,0,0,0,0.107
166,1,1,1,1,1,1,1,1,1,0,0,0,0,0,0.104
167,1,1,1,1,1,1,1,1,1,0,0,0,0,0,0.104
168,1,1,1,1,1,1,1,1,1,0,0,0,0,0,0.102
169,1,1,1,1,1,1,1,1,1,0,0,0,0,0,0.047
170,1,1,1,1,1,1,1,1,1,0,0,0,0,0,0.048
171,1,1,1,1,1,1,1,1,1,0,0,0,0,0,0.051
172,1,1,1,1,1,1,1,1,1,0,0,0,0,0,0.048
173,1,1,1,1,1,1,1,1,1,0,0,0,0,0,0.037
174,1,1,1,1,1,1,1,1,1,0.021,0.021,0.021,0.021,0.021,0.027
175,1,1,1,1,1,1,1,1,1,0.115,0.115,0.115,0.115,0.115,0.021
176,1,1,1,1,1,1,1,1,1,0.22,0.22,0.22,0.22,0.22,0.023
177,1,1,1,1,1,1,1,1,1,0.31,0.31,0.31,0.31,0.31,0.038
178,1,1,1,1,1,1,1,1,1,0.369,0.369,0.369,0.369,0.369,0.057
179,1,1,1,1,1,1,1,1,1,0.366,0.366,0.366,0.366,0.366,0.068
180,1,1,1,1,1,1,1,1,1,0.318,0.318,0.318,0.318,0.318,0.073
181,1,1,1,1,1,1,1,1,1,0.268,0.268,0.268,0.268,0.268,0.079
182,1,1,1,1,1,1,1,1,1,0.215,0.215,0.215,0.215,0.215,0.09
183,1,1,1,1,1,1,1,1,1,0.15,0.15,0.15,0.15,0.15,0.089
184,1,1,1,1,1,1,1,1,1,0.081,0.081,0.081,0.081,0.081,0.071
185,1,1,1,1,1,1,1,1,1,0.024,0.024,0.024,0.024,0.024,0.056
186,1,1,1,1,1,1,1,1,1,0,0,0,0,0,0.063
187,1,1,1,1,1,1,1,1,1,0,0,0,0,0,0.057
188,1,1,1,1,1,1,1,1,1,0,0,0,0,0,0.047
189,1,1,1,1,1,1,1,1,1,0,0,0,0,0,0.058
190,1,1,1,1,1,1,1,1,1,0,0,0,0,0,0.052
191,1,1,1,1,1,1,1,1,1,0,0,0,0,0,0.061
192,1,1,1,1,1,1,1,1,1,0,0,0,0,0,0.076
193,1,1,1,1,1,1,1,1,1,0,0,0,0,0,0.084
194,1,1,1,1,1,1,1,1,1,0,0,0,0,0,0.082
195,1,1,1,1,1,1,1,1,1,0,0,0,0,0,0.082
196,1,1,1,1,1,1,1,1,1,0,0,0,0,0,0.068
197,1,1,1,1,1,1,1,1,1,0,0,0,0,0,0.061
198,1,1,1,1,1,1,1,1,1,0.004,0.004,0.004,0.004,0.004,0.054
199,1,1,1,1,1,1,1,1,1,0.04,0.04,0.04,0.04,0.04,0.045
200,1,1,1,1,1,1,1,1,1,0.09,0.09,0.09,0.09,0.09,0.035
201,1,1,1,1,1,1,1,1,1,0.136,0.136,0.136,0.136,0.136,0.035
202,1,1,1,1,1,1,1,1,1,0.183,0.183,0.183,0.183,0.183,0.045
203,1,1,1,1,1,1,1,1,1,0.217,0.217,0.217,0.217,0.217,0.03
204,1,1,1,1,1,1,1,1,1,0.238,0.238,0.238,0.238,0.238,0.01
205,1,1,1,1,1,1,1,1,1,0.235,0.235,0.235,0.235,0.235,0.004
206,1,1,1,1,1,1,1,1,1,0.204,0.204,0.204,0.204,0.204,0.006
207,1,1,1,1,1,1,1,1,1,0.147,0.147,0.147,0.147,0.147,0.013
208,1,1,1,1,1,1,1,1,1,0.078,0.078,0.078,0.078,0.078,0.02
209,1,1,1,1,1,1,1,1,1,0.022,0.022,0.022,0.022,0.022,0.033
210,1,1,1,1,1,1,1,1,1,0,0,0,0,0,0.057
211,1,1,1,1,1,1,1,1,1,0,0,0,0,0,0.068
212,1,1,1,1,1,1,1,1,1,0,0,0,0,0,0.07
213,1,1,1,1,1,1,1,1,1,0,0,0,0,0,0.072
214,1,1,1,1,1,1,1,1,1,0,0,0,0,0,0.073
215,1,1,1,1,1,1,1,1,1,0,0,0,0,0,0.08
216,1,1,1,1,1,1,1,1,1,0,0,0,0,0,0.084
217,1,1,1,1,1,1,1,1,1,0,0,0,0,0,0.089
218,1,1,1,1,1,1,1,1,1,0,0,0,0,0,0.085
219,1,1,1,1,1,1,1,1,1,0,0,0,0,0,0.081
220,1,1,1,1,1,1,1,1,1,0,0,0,0,0,0.08
221,1,1,1,1,1,1,1,1,1,0,0,0,0,0,0.083
222,1,1,1,1,1,1,1,1,1,0.012,0.012,0.012,0.012,0.012,0.078
223,1,1,1,1,1,1,1,1,1,0.062,0.062,0.062,0.062,0.062,0.053
224,1,1,1,1,1,1,1,1,1,0.133,0.133,0.133,0.133,0.133,0.031
225,1,1,1,1,1,1,1,1,1,0.204,0.204,0.204,0.204,0.204,0.017
226,1,1,1,1,1,1,1,1,1,0.235,0.235,0.235,0.235,0.235,0.015
227,1,1,1,1,1,1,1,1,1,0.256,0.256,0.256,0.256,0.256,0.014
228,1,1,1,1,1,1,1,1,1,0.259,0.259,0.259,0.259,0.259,0.02
229,1,1,1,1,1,1,1,1,1,0.239,0.239,0.239,0.239,0.239,0.03
230,1,1,1,1,1,1,1,1,1,0.203,0.203,0.203,0.203,0.203,0.029
231,1,1,1,1,1,1,1,1,1,0.161,0.161,0.161,0.161,0.161,0.019
232,1,1,1,1,1,1,1,1,1,0.094,0.094,0.094,0.094,0.094,0.012
233,1,1,1,1,1,1,1,1,1,0.026,0.026,0.026,0.026,0.026,0.014
234,1,1,1,1,1,1,1,1,1,0,0,0,0,0,0.023
235,1,1,1,1,1,1,1,1,1,0,0,0,0,0,0.032
236,1,1,1,1,1,1,1,1,1,0,0,0,0,0,0.039
237,1,1,1,1,1,1,1,1,1,0,0,0,0,0,0.045
238,1,1,1,1,1,1,1,1,1,0,0,0,0,0,0.048
239,1,1,1,1,1,1,1,1,1,0,0,0,0,0,0.051
240,1,1,1,1,1,1,1,1,1,0,0,0,0,0,0.052
241,1,1,1,1,1,1,1,1,1,0,0,0,0,0,0.053
242,1,1,1,1,1,1,1,1,1,0,0,0,0,0,0.044
243,1,1,1,1,1,1,1,1,1,0,0,0,0,0,0.038
244,1,1,1,1,1,1,1,1,1,0,0,0,0,0,0.037
245,1,1,1,1,1,1,1,1,1,0,0,0,0,0,0.023
246,1,1,1,1,1,1,1,1,1,0.017,0.017,0.017,0.017,0.017,0.011
247,1,1,1,1,1,1,1,1,1,0.091,0.091,0.091,0.091,0.091,0.005
248,1,1,1,1,1,1,1,1,1,0.183,0.183,0.183,0.183,0.183,0.001
249,1,1,1,1,1,1,1,1,1,0.281,0.281,0.281,0.281,0.281,0.001
250,1,1,1,1,1,1,1,1,1,0.359,0.359,0.359,0.359,0.359,0.001
251,1,1,1,1,1,1,1,1,1,0.41,0.41,0.41,0.41,0.41,0.004
252,1,1,1,1,1,1,1,1,1,0.422,0.422,0.422,0.422,0.422,0.012
253,1,1,1,1,1,1,1,1,1,0.404,0.404,0.404,0.404,0.404,0.026
254,1,1,1,1,1,1,1,1,1,0.357,0.357,0.357,0.357,0.357,0.04
255,1,1,1,1,1,1,1,1,1,0.262,0.262,0.262,0.262,0.262,0.046
256,1,1,1,1,1,1,1,1,1,0.152,0.152,0.152,0.152,0.152,0.045
257,1,1,1,1,1,1,1,1,1,0.048,0.048,0.048,0.048,0.048,0.045
258,1,1,1,1,1,1,1,1,1,0,0,0,0,0,0.057
259,1,1,1,1,1,1,1,1,1,0,0,0,0,0,0.067
260,1,1,1,1,1,1,1,1,1,0,0,0,0,0,0.063
261,1,1,1,1,1,1,1,1,1,0,0,0,0,0,0.059
262,1,1,1,1,1,1,1,1,1,0,0,0,0,0,0.054
263,1,1,1,1,1,1,1,1,1,0,0,0,0,0,0.054
264,1,1,1,1,1,1,1,1,1,0,0,0,0,0,0.069
265,1,1,1,1,1,1,1,1,1,0,0,0,0,0,0.083
266,1,1,1,1,1,1,1,1,1,0,0,0,0,0,0.093
267,1,1,1,1,1,1,1,1,1,0,0,0,0,0,0.077
268,1,1,1,1,1,1,1,1,1,0,0,0,0,0,0.056
269,1,1,1,1,1,1,1,1,1,0,0,0,0,0,0.053
270,1,1,1,1,1,1,1,1,1,0.014,0.014,0.014,0.014,0.014,0.044
271,1,1,1,1,1,1,1,1,1,0.079,0.079,0.079,0.079,0.079,0.025
272,1,1,1,1,1,1,1,1,1,0.165,0.165,0.165,0.165,0.165,0.015
273,1,1,1,1,1,1,1,1,1,0.248,0.248,0.248,0.248,0.248,0.015
274,1,1,1,1,1,1,1,1,1,0.321,0.321,0.321,0.321,0.321,0.012
275,1,1,1,1,1,1,1,1,1,0.387,0.387,0.387,0.387,0.387,0.011
276,1,1,1,1,1,1,1,1,1,0.447,0.447,0.447,0.447,0.447,0.016
277,1,1,1,1,1,1,1,1,1,0.443,0.443,0.443,0.443,0.443,0.028
278,1,1,1,1,1,1,1,1,1,0.386,0.386,0.386,0.386,0.386,0.041
279,1,1,1,1,1,1,1,1,1,0.298,0.298,0.298,0.298,0.298,0.049
280,1,1,1,1,1,1,1,1,1,0.17,0.17,0.17,0.17,0.17,0.047
281,1,1,1,1,1,1,1,1,1,0.054,0.054,0.054,0.054,0.054,0.045
282,1,1,1,1,1,1,1,1,1,0,0,0,0,0,0.054
283,1,1,1,1,1,1,1,1,1,0,0,0,0,0,0.068
284,1,1,1,1,1,1,1,1,1,0,0,0,0,0,0.07
285,1,1,1,1,1,1,1,1,1,0,0,0,0,0,0.067
286,1,1,1,1,1,1,1,1,1,0,0,0,0,0,0.068
287,1,1,1,1,1,1,1,1,1,0,0,0,0,0,0.071
288,1,1,1,1,1,1,1,1,1,0,0,0,0,0,0.071
289,1,1,1,1,1,1,1,1,1,0,0,0,0,0,0.062
290,1,1,1,1,1,1,1,1,1,0,0,0,0,0,0.053
291,1,1,1,1,1,1,1,1,1,0,0,0,0,0,0.045
292,1,1,1,1,1,1,1,1,1,0,0,0,0,0,0.038
293,1,1,1,1,1,1,1,1,1,0,0,0,0,0,0.032
294,1,1,1,1,1,1,1,1,1,0.012,0.012,0.012,0.012,0.012,0.026
295,1,1,1,1,1,1,1,1,1,0.071,0.071,0.071,0.071,0.071,0.016
296,1,1,1,1,1,1,1,1,1,0.153,0.153,0.153,0.153,0.153,0.008
297,1,1,1,1,1,1,1,1,1,0.226,0.226,0.226,0.226,0.226,0.006
298,1,1,1,1,1,1,1,1,1,0.3,0.3,0.3,0.3,0.3,0.006
299,1,1,1,1,1,1,1,1,1,0.362,0.362,0.362,0.362,0.362,0.01
300,1,1,1,1,1,1,1,1,1,0.384,0.384,0.384,0.384,0.384,0.016
301,1,1,1,1,1,1,1,1,1,0.361,0.361,0.361,0.361,0.361,0.019
302,1,1,1,1,1,1,1,1,1,0.292,0.292,0.292,0.292,0.292,0.017
303,1,1,1,1,1,1,1,1,1,0.194,0.194,0.194,0.194,0.194,0.011
304,1,1,1,1,1,1,1,1,1,0.102,0.102,0.102,0.102,0.102,0.006
305,1,1,1,1,1,1,1,1,1,0.031,0.031,0.031,0.031,0.031,0.005
306,1,1,1,1,1,1,1,1,1,0,0,0,0,0,0.007
307,1,1,1,1,1,1,1,1,1,0,0,0,0,0,0.015
308,1,1,1,1,1,1,1,1,1,0,0,0,0,0,0.032
309,1,1,1,1,1,1,1,1,1,0,0,0,0,0,0.052
310,1,1,1,1,1,1,1,1,1,0,0,0,0,0,0.081
311,1,1,1,1,1,1,1,1,1,0,0,0,0,0,0.097
312,1,1,1,1,1,1,1,1,1,0,0,0,0,0,0.095
313,1,1,1,1,1,1,1,1,1,0,0,0,0,0,0.08
314,1,1,1,1,1,1,1,1,1,0,0,0,0,0,0.068
315,1,1,1,1,1,1,1,1,1,0,0,0,0,0,0.06
316,1,1,1,1,1,1,1,1,1,0,0,0,0,0,0.053
317,1,1,1,1,1,1,1,1,1,0,0,0,0,0,0.049
318,1,1,1,1,1,1,1,1,1,0.026,0.026,0.026,0.026,0.026,0.045
319,1,1,1,1,1,1,1,1,1,0.152,0.152,0.152,0.152,0.152,0.026
320,1,1,1,1,1,1,1,1,1,0.292,0.292,0.292,0.292,0.292,0.016
321,1,1,1,1,1,1,1,1,1,0.428,0.428,0.428,0.428,0.428,0.013
322,1,1,1,1,1,1,1,1,1,0.527,0.527,0.527,0.527,0.527,0.01
323,1,1,1,1,1,1,1,1,1,0.586,0.586,0.586,0.586,0.586,0.008
324,1,1,1,1,1,1,1,1,1,0.598,0.598,0.598,0.598,0.598,0.007
325,1,1,1,1,1,1,1,1,1,0.562,0.562,0.562,0.562,0.562,0.008
326,1,1,1,1,1,1,1,1,1,0.485,0.485,0.485,0.485,0.485,0.01
327,1,1,1,1,1,1,1,1,1,0.366,0.366,0.366,0.366,0.366,0.011
328,1,1,1,1,1,1,1,1,1,0.21,0.21,0.21,0.21,0.21,0.011
329,1,1,1,1,1,1,1,1,1,0.068,0.068,0.068,0.068,0.068,0.011
330,1,1,1,1,1,1,1,1,1,0,0,0,0,0,0.014
331,1,1,1,1,1,1,1,1,1,0,0,0,0,0,0.011
332,1,1,1,1,1,1,1,1,1,0,0,0,0,0,0.005
333,1,1,1,1,1,1,1,1,1,0,0,0,0,0,0.002
334,1,1,1,1,1,1,1,1,1,0,0,0,0,0,0.002
335,1,1,1,1,1,1,1,1,1,0,0,0,0,0,0.004
336,1,1,1,1,1,1,1,1,1,0,0,0,0,0,0.008
337,1,1,1,1,1,1,1,1,1,0,0,0,0,0,0.015
338,1,1,1,1,1,1,1,1,1,0,0,0,0,0,0.024
339,1,1,1,1,1,1,1,1,1,0,0,0,0,0,0.03
340,1,1,1,1,1,1,1,1,1,0,0,0,0,0,0.033
341,1,1,1,1,1,1,1,1,1,0,0,0,0,0,0.027
342,1,1,1,1,1,1,1,1,1,0.028,0.028,0.028,0.028,0.028,0.016
343,1,1,1,1,1,1,1,1,1,0.14,0.14,0.14,0.14,0.14,0.006
344,1,1,1,1,1,1,1,1,1,0.285,0.285,0.285,0.285,0.285,0.003
345,1,1,1,1,1,1,1,1,1,0.423,0.423,0.423,0.423,0.423,0.004
346,1,1,1,1,1,1,1,1,1,0.503,0.503,0.503,0.503,0.503,0.016
347,1,1,1,1,1,1,1,1,1,0.539,0.539,0.539,0.539,0.539,0.037
348,1,1,1,1,1,1,1,1,1,0.538,0.538,0.538,0.538,0.538,0.047
349,1,1,1,1,1,1,1,1,1,0.503,0.503,0.503,0.503,0.503,0.046
350,1,1,1,1,1,1,1,1,1,0.443,0.443,0.443,0.443,0.443,0.037
351,1,1,1,1,1,1,1,1,1,0.327,0.327,0.327,0.327,0.327,0.025
352,1,1,1,1,1,1,1,1,1,0.195,0.195,0.195,0.195,0.195,0.013
353,1,1,1,1,1,1,1,1,1,0.067,0.067,0.067,0.067,0.067,0.01
354,1,1,1,1,1,1,1,1,1,0,0,0,0,0,0.017
355,1,1,1,1,1,1,1,1,1,0,0,0,0,0,0.027
356,1,1,1,1,1,1,1,1,1,0,0,0,0,0,0.037
357,1,1,1,1,1,1,1,1,1,0,0,0,0,0,0.044
358,1,1,1,1,1,1,1,1,1,0,0,0,0,0,0.036
359,1,1,1,1,1,1,1,1,1,0,0,0,0,0,0.032
360,1,1,1,1,1,1,1,1,1,0,0,0,0,0,0.035
361,1,1,1,1,1,1,1,1,1,0,0,0,0,0,0.041
362,1,1,1,1,1,1,1,1,1,0,0,0,0,0,0.026
363,1,1,1,1,1,1,1,1,1,0,0,0,0,0,0.006
364,1,1,1,1,1,1,1,1,1,0,0,0,0,0,0.002
365,1,1,1,1,1,1,1,1,1,0,0,0,0,0,0.005
366,1,1,1,1,1,1,1,1,1,0.014,0.014,0.014,0.014,0.014,0.008
367,1,1,1,1,1,1,1,1,1,0.096,0.096,0.096,0.096,0.096,0.003
368,1,1,1,1,1,1,1,1,1,0.26,0.26,0.26,0.26,0.26,0.001
369,1,1,1,1,1,1,1,1,1,0.411,0.411,0.411,0.411,0.411,0.001
370,1,1,1,1,1,1,1,1,1,0.505,0.505,0.505,0.505,0.505,0.001
371,1,1,1,1,1,1,1,1,1,0.56,0.56,0.56,0.56,0.56,0.001
372,1,1,1,1,1,1,1,1,1,0.568,0.568,0.568,0.568,0.568,0.003
373,1,1,1,1,1,1,1,1,1,0.538,0.538,0.538,0.538,0.538,0.005
374,1,1,1,1,1,1,1,1,1,0.465,0.465,0.465,0.465,0.465,0.009
375,1,1,1,1,1,1,1,1,1,0.35,0.35,0.35,0.35,0.35,0.011
376,1,1,1,1,1,1,1,1,1,0.205,0.205,0.205,0.205,0.205,0.01
377,1,1,1,1,1,1,1,1,1,0.071,0.071,0.071,0.071,0.071,0.005
378,1,1,1,1,1,1,1,1,1,0,0,0,0,0,0.005
379,1,1,1,1,1,1,1,1,1,0,0,0,0,0,0.004
380,1,1,1,1,1,1,1,1,1,0,0,0,0,0,0.002
381,1,1,1,1,1,1,1,1,1,0,0,0,0,0,0.001
382,1,1,1,1,1,1,1,1,1,0,0,0,0,0,0.001
383,1,1,1,1,1,1,1,1,1,0,0,0,0,0,0.002
384,1,1,1,1,1,1,1,1,1,0,0,0,0,0,0.003
385,1,1,1,1,1,1,1,1,1,0,0,0,0,0,0.004
386,1,1,1,1,1,1,1,1,1,0,0,0,0,0,0.004
387,1,1,1,1,1,1,1,1,1,0,0,0,0,0,0.005
388,1,1,1,1,1,1,1,1,1,0,0,0,0,0,0.005
389,1,1,1,1,1,1,1,1,1,0,0,0,0,0,0.005
390,1,1,1,1,1,1,1,1,1,0.028,0.028,0.028,0.028,0.028,0.006
391,1,1,1,1,1,1,1,1,1,0.145,0.145,0.145,0.145,0.145,0.003
392,1,1,1,1,1,1,1,1,1,0.288,0.288,0.288,0.288,0.288,0.001
393,1,1,1,1,1,1,1,1,1,0.406,0.406,0.406,0.406,0.406,0.002
394,1,1,1,1,1,1,1,1,1,0.471,0.471,0.471,0.471,0.471,0.004
395,1,1,1,1,1,1,1,1,1,0.474,0.474,0.474,0.474,0.474,0.004
396,1,1,1,1,1,1,1,1,1,0.45,0.45,0.45,0.45,0.45,0.005
397,1,1,1,1,1,1,1,1,1,0.37,0.37,0.37,0.37,0.37,0.005
398,1,1,1,1,1,1,1,1,1,0.296,0.296,0.296,0.296,0.296,0.005
399,1,1,1,1,1,1,1,1,1,0.217,0.217,0.217,0.217,0.217,0.004
400,1,1,1,1,1,1,1,1,1,0.138,0.138,0.138,0.138,0.138,0.003
401,1,1,1,1,1,1,1,1,1,0.049,0.049,0.049,0.049,0.049,0.002
402,1,1,1,1,1,1,1,1,1,0,0,0,0,0,0.003
403,1,1,1,1,1,1,1,1,1,0,0,0,0,0,0.002
404,1,1,1,1,1,1,1,1,1,0,0,0,0,0,0.002
405,1,1,1,1,1,1,1,1,1,0,0,0,0,0,0.001
406,1,1,1,1,1,1,1,1,1,0,0,0,0,0,0
407,1,1,1,1,1,1,1,1,1,0,0,0,0,0,0
408,1,1,1,1,1,1,1,1,1,0,0,0,0,0,0
409,1,1,1,1,1,1,1,1,1,0,0,0,0,0,0
410,1,1,1,1,1,1,1,1,1,0,0,0,0,0,0
411,1,1,1,1,1,1,1,1,1,0,0,0,0,0,0
412,1,1,1,1,1,1,1,1,1,0,0,0,0,0,0
413,1,1,1,1,1,1,1,1,1,0,0,0,0,0,0
414,1,1,1,1,1,1,1,1,1,0.026,0.026,0.026,0.026,0.026,0
415,1,1,1,1,1,1,1,1,1,0.142,0.142,0.142,0.142,0.142,0
416,1,1,1,1,1,1,1,1,1,0.292,0.292,0.292,0.292,0.292,0
417,1,1,1,1,1,1,1,1,1,0.412,0.412,0.412,0.412,0.412,0
418,1,1,1,1,1,1,1,1,1,0.478,0.478,0.478,0.478,0.478,0
419,1,1,1,1,1,1,1,1,1,0.5,0.5,0.5,0.5,0.5,0
420,1,1,1,1,1,1,1,1,1,0.507,0.507,0.507,0.507,0.507,0.001
421,1,1,1,1,1,1,1,1,1,0.485,0.485,0.485,0.485,0.485,0.002
422,1,1,1,1,1,1,1,1,1,0.423,0.423,0.423,0.423,0.423,0.003
423,1,1,1,1,1,1,1,1,1,0.311,0.311,0.311,0.311,0.311,0.005
424,1,1,1,1,1,1,1,1,1,0.169,0.169,0.169,0.169,0.169,0.008
425,1,1,1,1,1,1,1,1,1,0.055,0.055,0.055,0.055,0.055,0.007
426,1,1,1,1,1,1,1,1,1,0,0,0,0,0,0.01
427,1,1,1,1,1,1,1,1,1,0,0,0,0,0,0.019
428,1,1,1,1,1,1,1,1,1,0,0,0,0,0,0.024
429,1,1,1,1,1,1,1,1,1,0,0,0,0,0,0.022
430,1,1,1,1,1,1,1,1,1,0,0,0,0,0,0.026
431,1,1,1,1,1,1,1,1,1,0,0,0,0,0,0.035
432,1,1,1,1,1,1,1,1,1,0,0,0,0,0,0.049
433,1,1,1,1,1,1,1,1,1,0,0,0,0,0,0.066
434,1,1,1,1,1,1,1,1,1,0,0,0,0,0,0.087
435,1,1,1,1,1,1,1,1,1,0,0,0,0,0,0.108
436,1,1,1,1,1,1,1,1,1,0,0,0,0,0,0.115
437,1,1,1,1,1,1,1,1,1,0,0,0,0,0,0.114
438,1,1,1,1,1,1,1,1,1,0.021,0.021,0.021,0.021,0.021,0.101
439,1,1,1,1,1,1,1,1,1,0.112,0.112,0.112,0.112,0.112,0.054
440,1,1,1,1,1,1,1,1,1,0.222,0.222,0.222,0.222,0.222,0.036
441,1,1,1,1,1,1,1,1,1,0.329,0.329,0.329,0.329,0.329,0.037
442,1,1,1,1,1,1,1,1,1,0.423,0.423,0.423,0.423,0.423,0.029
443,1,1,1,1,1,1,1,1,1,0.481,0.481,0.481,0.481,0.481,0.017
444,1,1,1,1,1,1,1,1,1,0.492,0.492,0.492,0.492,0.492,0.011
445,1,1,1,1,1,1,1,1,1,0.446,0.446,0.446,0.446,0.446,0.009
446,1,1,1,1,1,1,1,1,1,0.337,0.337,0.337,0.337,0.337,0.008
447,1,1,1,1,1,1,1,1,1,0.225,0.225,0.225,0.225,0.225,0.012
448,1,1,1,1,1,1,1,1,1,0.114,0.114,0.114,0.114,0.114,0.018
449,1,1,1,1,1,1,1,1,1,0.035,0.035,0.035,0.035,0.035,0.017
450,1,1,1,1,1,1,1,1,1,0,0,0,0,0,0.019
451,1,1,1,1,1,1,1,1,1,0,0,0,0,0,0.027
452,1,1,1,1,1,1,1,1,1,0,0,0,0,0,0.026
453,1,1,1,1,1,1,1,1,1,0,0,0,0,0,0.029
454,1,1,1,1,1,1,1,1,1,0,0,0,0,0,0.042
455,1,1,1,1,1,1,1,1,1,0,0,0,0,0,0.061
456,1,1,1,1,1,1,1,1,1,0,0,0,0,0,0.064
457,1,1,1,1,1,1,1,1,1,0,0,0,0,0,0.066
458,1,1,1,1,1,1,1,1,1,0,0,0,0,0,0.068
459,1,1,1,1,1,1,1,1,1,0,0,0,0,0,0.064
460,1,1,1,1,1,1,1,1,1,0,0,0,0,0,0.06
461,1,1,1,1,1,1,1,1,1,0,0,0,0,0,0.046
462,1,1,1,1,1,1,1,1,1,0.011,0.011,0.011,0.011,0.011,0.035
463,1,1,1,1,1,1,1,1,1,0.075,0.075,0.075,0.075,0.075,0.022
464,1,1,1,1,1,1,1,1,1,0.159,0.159,0.159,0.159,0.159,0.011
465,1,1,1,1,1,1,1,1,1,0.224,0.224,0.224,0.224,0.224,0.01
466,1,1,1,1,1,1,1,1,1,0.291,0.291,0.291,0.291,0.291,0.011
467,1,1,1,1,1,1,1,1,1,0.337,0.337,0.337,0.337,0.337,0.013
468,1,1,1,1,1,1,1,1,1,0.364,0.364,0.364,0.364,0.364,0.017
469,1,1,1,1,1,1,1,1,1,0.355,0.355,0.355,0.355,0.355,0.021
470,1,1,1,1,1,1,1,1,1,0.294,0.294,0.294,0.294,0.294,0.022
471,1,1,1,1,1,1,1,1,1,0.2,0.2,0.2,0.2,0.2,0.017
472,1,1,1,1,1,1,1,1,1,0.104,0.104,0.104,0.104,0.104,0.009
473,1,1,1,1,1,1,1,1,1,0.025,0.025,0.025,0.025,0.025,0.004
474,1,1,1,1,1,1,1,1,1,0,0,0,0,0,0.005
475,1,1,1,1,1,1,1,1,1,0,0,0,0,0,0.007
476,1,1,1,1,1,1,1,1,1,0,0,0,0,0,0.013
477,1,1,1,1,1,1,1,1,1,0,0,0,0,0,0.023
478,1,1,1,1,1,1,1,1,1,0,0,0,0,0,0.035
479,1,1,1,1,1,1,1,1,1,0,0,0,0,0,0.036
480,1,1,1,1,1,1,1,1,1,0,0,0,0,0,0.031
481,1,1,1,1,1,1,1,1,1,0,0,0,0,0,0.022
482,1,1,1,1,1,1,1,1,1,0,0,0,0,0,0.019
483,1,1,1,1,1,1,1,1,1,0,0,0,0,0,0.028
484,1,1,1,1,1,1,1,1,1,0,0,0,0,0,0.039
485,1,1,1,1,1,1,1,1,1,0,0,0,0,0,0.051
486,1,1,1,1,1,1,1,1,1,0.005,0.005,0.005,0.005,0.005,0.059
487,1,1,1,1,1,1,1,1,1,0.039,0.039,0.039,0.039,0.039,0.044
488,1,1,1,1,1,1,1,1,1,0.096,0.096,0.096,0.096,0.096,0.027
489,1,1,1,1,1,1,1,1,1,0.152,0.152,0.152,0.152,0.152,0.025
490,1,1,1,1,1,1,1,1,1,0.195,0.195,0.195,0.195,0.195,0.039
491,1,1,1,1,1,1,1,1,1,0.202,0.202,0.202,0.202,0.202,0.067
492,1,1,1,1,1,1,1,1,1,0.196,0.196,0.196,0.196,0.196,0.095
493,1,1,1,1,1,1,1,1,1,0.192,0.192,0.192,0.192,0.192,0.132
494,1,1,1,1,1,1,1,1,1,0.182,0.182,0.182,0.182,0.182,0.145
495,1,1,1,1,1,1,1,1,1,0.13,0.13,0.13,0.13,0.13,0.116
496,1,1,1,1,1,1,1,1,1,0.064,0.064,0.064,0.064,0.064,0.073
497,1,1,1,1,1,1,1,1,1,0.014,0.014,0.014,0.014,0.014,0.068
498,1,1,1,1,1,1,1,1,1,0,0,0,0,0,0.062
499,1,1,1,1,1,1,1,1,1,0,0,0,0,0,0.07
500,1,1,1,1,1,1,1,1,1,0,0,0,0,0,0.088
501,1,1,1,1,1,1,1,1,1,0,0,0,0,0,0.08
502,1,1,1,1,1,1,1,1,1,0,0,0,0,0,0.09
503,1,1,1,1,1,1,1,1,1,0,0,0,0,0,0.103
504,1,1,1,1,1,1,1,1,1,0,0,0,0,0,0.094
505,1,1,1,1,1,1,1,1,1,0,0,0,0,0,0.005
506,1,1,1,1,1,1,1,1,1,0,0,0,0,0,0.008
507,1,1,1,1,1,1,1,1,1,0,0,0,0,0,0.013
508,1,1,1,1,1,1,1,1,1,0,0,0,0,0,0.023
509,1,1,1,1,1,1,1,1,1,0,0,0,0,0,0.035
510,1,1,1,1,1,1,1,1,1,0.034,0.034,0.034,0.034,0.034,0.046
511,1,1,1,1,1,1,1,1,1,0.183,0.183,0.183,0.183,0.183,0.036
512,1,1,1,1,1,1,1,1,1,0.345,0.345,0.345,0.345,0.345,0.031
513,1,1,1,1,1,1,1,1,1,0.483,0.483,0.483,0.483,0.483,0.035
514,1,1,1,1,1,1,1,1,1,0.579,0.579,0.579,0.579,0.579,0.041
515,1,1,1,1,1,1,1,1,1,0.631,0.631,0.631,0.631,0.631,0.039
516,1,1,1,1,1,1,1,1,1,0.636,0.636,0.636,0.636,0.636,0.031
517,1,1,1,1,1,1,1,1,1,0.596,0.596,0.596,0.596,0.596,0.026
518,1,1,1,1,1,1,1,1,1,0.506,0.506,0.506,0.506,0.506,0.026
519,1,1,1,1,1,1,1,1,1,0.379,0.379,0.379,0.379,0.379,0.025
520,1,1,1,1,1,1,1,1,1,0.22,0.22,0.22,0.22,0.22,0.025
521,1,1,1,1,1,1,1,1,1,0.067,0.067,0.067,0.067,0.067,0.027
522,1,1,1,1,1,1,1,1,1,0,0,0,0,0,0.023
523,1,1,1,1,1,1,1,1,1,0,0,0,0,0,0.011
524,1,1,1,1,1,1,1,1,1,0,0,0,0,0,0.004
525,1,1,1,1,1,1,1,1,1,0,0,0,0,0,0.002
526,1,1,1,1,1,1,1,1,1,0,0,0,0,0,0.002
527,1,1,1,1,1,1,1,1,1,0,0,0,0,0,0.002
528,1,1,1,1,1,1,1,1,1,0,0,0,0,0,0.002
529,1,1,1,1,1,1,1,1,1,0,0,0,0,0,0.002
530,1,1,1,1,1,1,1,1,1,0,0,0,0,0,0.003
531,1,1,1,1,1,1,1,1,1,0,0,0,0,0,0.003
532,1,1,1,1,1,1,1,1,1,0,0,0,0,0,0.004
533,1,1,1,1,1,1,1,1,1,0,0,0,0,0,0.004
534,1,1,1,1,1,1,1,1,1,0.031,0.031,0.031,0.031,0.031,0.003
535,1,1,1,1,1,1,1,1,1,0.172,0.172,0.172,0.172,0.172,0.002
536,1,1,1,1,1,1,1,1,1,0.334,0.334,0.334,0.334,0.334,0.002
537,1,1,1,1,1,1,1,1,1,0.471,0.471,0.471,0.471,0.471,0.006
538,1,1,1,1,1,1,1,1,1,0.567,0.567,0.567,0.567,0.567,0.022
539,1,1,1,1,1,1,1,1,1,0.616,0.616,0.616,0.616,0.616,0.036
540,1,1,1,1,1,1,1,1,1,0.623,0.623,0.623,0.623,0.623,0.043
541,1,1,1,1,1,1,1,1,1,0.586,0.586,0.586,0.586,0.586,0.051
542,1,1,1,1,1,1,1,1,1,0.497,0.497,0.497,0.497,0.497,0.056
543,1,1,1,1,1,1,1,1,1,0.371,0.371,0.371,0.371,0.371,0.053
544,1,1,1,1,1,1,1,1,1,0.215,0.215,0.215,0.215,0.215,0.042
545,1,1,1,1,1,1,1,1,1,0.067,0.067,0.067,0.067,0.067,0.031
546,1,1,1,1,1,1,1,1,1,0,0,0,0,0,0.021
547,1,1,1,1,1,1,1,1,1,0,0,0,0,0,0.009
548,1,1,1,1,1,1,1,1,1,0,0,0,0,0,0.003
549,1,1,1,1,1,1,1,1,1,0,0,0,0,0,0.001
550,1,1,1,1,1,1,1,1,1,0,0,0,0,0,0
551,1,1,1,1,1,1,1,1,1,0,0,0,0,0,0
552,1,1,1,1,1,1,1,1,1,0,0,0,0,0,0
553,1,1,1,1,1,1,1,1,1,0,0,0,0,0,0
554,1,1,1,1,1,1,1,1,1,0,0,0,0,0,0
555,1,1,1,1,1,1,1,1,1,0,0,0,0,0,0
556,1,1,1,1,1,1,1,1,1,0,0,0,0,0,0.001
557,1,1,1,1,1,1,1,1,1,0,0,0,0,0,0.002
558,1,1,1,1,1,1,1,1,1,0.025,0.025,0.025,0.025,0.025,0.004
559,1,1,1,1,1,1,1,1,1,0.144,0.144,0.144,0.144,0.144,0.001
560,1,1,1,1,1,1,1,1,1,0.303,0.303,0.303,0.303,0.303,0
561,1,1,1,1,1,1,1,1,1,0.439,0.439,0.439,0.439,0.439,0
562,1,1,1,1,1,1,1,1,1,0.534,0.534,0.534,0.534,0.534,0
563,1,1,1,1,1,1,1,1,1,0.59,0.59,0.59,0.59,0.59,0.001
564,1,1,1,1,1,1,1,1,1,0.602,0.602,0.602,0.602,0.602,0.003
565,1,1,1,1,1,1,1,1,1,0.561,0.561,0.561,0.561,0.561,0.006
566,1,1,1,1,1,1,1,1,1,0.457,0.457,0.457,0.457,0.457,0.011
567,1,1,1,1,1,1,1,1,1,0.339,0.339,0.339,0.339,0.339,0.021
568,1,1,1,1,1,1,1,1,1,0.18,0.18,0.18,0.18,0.18,0.027
569,1,1,1,1,1,1,1,1,1,0.054,0.054,0.054,0.054,0.054,0.031
570,1,1,1,1,1,1,1,1,1,0,0,0,0,0,0.035
571,1,1,1,1,1,1,1,1,1,0,0,0,0,0,0.036
572,1,1,1,1,1,1,1,1,1,0,0,0,0,0,0.03
573,1,1,1,1,1,1,1,1,1,0,0,0,0,0,0.023
574,1,1,1,1,1,1,1,1,1,0,0,0,0,0,0.018
575,1,1,1,1,1,1,1,1,1,0,0,0,0,0,0.014
576,1,1,1,1,1,1,1,1,1,0,0,0,0,0,0.012
577,1,1,1,1,1,1,1,1,1,0,0,0,0,0,0.007
578,1,1,1,1,1,1,1,1,1,0,0,0,0,0,0.003
579,1,1,1,1,1,1,1,1,1,0,0,0,0,0,0.001
580,1,1,1,1,1,1,1,1,1,0,0,0,0,0,0
581,1,1,1,1,1,1,1,1,1,0,0,0,0,0,0
582,1,1,1,1,1,1,1,1,1,0.03,0.03,0.03,0.03,0.03,0
583,1,1,1,1,1,1,1,1,1,0.167,0.167,0.167,0.167,0.167,0
584,1,1,1,1,1,1,1,1,1,0.319,0.319,0.319,0.319,0.319,0
585,1,1,1,1,1,1,1,1,1,0.451,0.451,0.451,0.451,0.451,0
586,1,1,1,1,1,1,1,1,1,0.545,0.545,0.545,0.545,0.545,0
587,1,1,1,1,1,1,1,1,1,0.593,0.593,0.593,0.593,0.593,0.001
588,1,1,1,1,1,1,1,1,1,0.6,0.6,0.6,0.6,0.6,0.002
589,1,1,1,1,1,1,1,1,1,0.562,0.562,0.562,0.562,0.562,0.006
590,1,1,1,1,1,1,1,1,1,0.472,0.472,0.472,0.472,0.472,0.011
591,1,1,1,1,1,1,1,1,1,0.347,0.347,0.347,0.347,0.347,0.011
592,1,1,1,1,1,1,1,1,1,0.198,0.198,0.198,0.198,0.198,0.014
593,1,1,1,1,1,1,1,1,1,0.06,0.06,0.06,0.06,0.06,0.021
594,1,1,1,1,1,1,1,1,1,0,0,0,0,0,0.025
595,1,1,1,1,1,1,1,1,1,0,0,0,0,0,0.031
596,1,1,1,1,1,1,1,1,1,0,0,0,0,0,0.033
597,1,1,1,1,1,1,1,1,1,0,0,0,0,0,0.03
598,1,1,1,1,1,1,1,1,1,0,0,0,0,0,0.023
599,1,1,1,1,1,1,1,1,1,0,0,0,0,0,0.017
600,1,1,1,1,1,1,1,1,1,0,0,0,0,0,0.011
601,1,1,1,1,1,1,1,1,1,0,0,0,0,0,0.009
602,1,1,1,1,1,1,1,1,1,0,0,0,0,0,0.011
603,1,1,1,1,1,1,1,1,1,0,0,0,0,0,0.013
604,1,1,1,1,1,1,1,1,1,0,0,0,0,0,0.015
605,1,1,1,1,1,1,1,1,1,0,0,0,0,0,0.017
606,1,1,1,1,1,1,1,1,1,0.025,0.025,0.025,0.025,0.025,0.013
607,1,1,1,1,1,1,1,1,1,0.137,0.137,0.137,0.137,0.137,0.004
608,1,1,1,1,1,1,1,1,1,0.272,0.272,0.272,0.272,0.272,0.001
609,1,1,1,1,1,1,1,1,1,0.402,0.402,0.402,0.402,0.402,0
610,1,1,1,1,1,1,1,1,1,0.492,0.492,0.492,0.492,0.492,0
611,1,1,1,1,1,1,1,1,1,0.523,0.523,0.523,0.523,0.523,0
612,1,1,1,1,1,1,1,1,1,0.502,0.502,0.502,0.502,0.502,0
613,1,1,1,1,1,1,1,1,1,0.455,0.455,0.455,0.455,0.455,0.003
614,1,1,1,1,1,1,1,1,1,0.332,0.332,0.332,0.332,0.332,0.007
615,1,1,1,1,1,1,1,1,1,0.244,0.244,0.244,0.244,0.244,0.007
616,1,1,1,1,1,1,1,1,1,0.134,0.134,0.134,0.134,0.134,0.004
617,1,1,1,1,1,1,1,1,1,0.039,0.039,0.039,0.039,0.039,0.002
618,1,1,1,1,1,1,1,1,1,0,0,0,0,0,0.001
619,1,1,1,1,1,1,1,1,1,0,0,0,0,0,0.001
620,1,1,1,1,1,1,1,1,1,0,0,0,0,0,0.002
621,1,1,1,1,1,1,1,1,1,0,0,0,0,0,0.004
622,1,1,1,1,1,1,1,1,1,0,0,0,0,0,0.006
623,1,1,1,1,1,1,1,1,1,0,0,0,0,0,0.008
624,1,1,1,1,1,1,1,1,1,0,0,0,0,0,0.006
625,1,1,1,1,1,1,1,1,1,0,0,0,0,0,0.003
626,1,1,1,1,1,1,1,1,1,0,0,0,0,0,0.002
627,1,1,1,1,1,1,1,1,1,0,0,0,0,0,0.001
628,1,1,1,1,1,1,1,1,1,0,0,0,0,0,0.002
629,1,1,1,1,1,1,1,1,1,0,0,0,0,0,0.005
630,1,1,1,1,1,1,1,1,1,0.022,0.022,0.022,0.022,0.022,0.007
631,1,1,1,1,1,1,1,1,1,0.143,0.143,0.143,0.143,0.143,0.003
632,1,1,1,1,1,1,1,1,1,0.283,0.283,0.283,0.283,0.283,0
633,1,1,1,1,1,1,1,1,1,0.404,0.404,0.404,0.404,0.404,0
634,1,1,1,1,1,1,1,1,1,0.496,0.496,0.496,0.496,0.496,0
635,1,1,1,1,1,1,1,1,1,0.554,0.554,0.554,0.554,0.554,0.001
636,1,1,1,1,1,1,1,1,1,0.57,0.57,0.57,0.57,0.57,0.001
637,1,1,1,1,1,1,1,1,1,0.538,0.538,0.538,0.538,0.538,0.003
638,1,1,1,1,1,1,1,1,1,0.46,0.46,0.46,0.46,0.46,0.006
639,1,1,1,1,1,1,1,1,1,0.329,0.329,0.329,0.329,0.329,0.009
640,1,1,1,1,1,1,1,1,1,0.201,0.201,0.201,0.201,0.201,0.011
641,1,1,1,1,1,1,1,1,1,0.064,0.064,0.064,0.064,0.064,0.009
642,1,1,1,1,1,1,1,1,1,0,0,0,0,0,0.007
643,1,1,1,1,1,1,1,1,1,0,0,0,0,0,0.004
644,1,1,1,1,1,1,1,1,1,0,0,0,0,0,0.003
645,1,1,1,1,1,1,1,1,1,0,0,0,0,0,0.004
646,1,1,1,1,1,1,1,1,1,0,0,0,0,0,0.007
647,1,1,1,1,1,1,1,1,1,0,0,0,0,0,0.013
648,1,1,1,1,1,1,1,1,1,0,0,0,0,0,0.025
649,1,1,1,1,1,1,1,1,1,0,0,0,0,0,0.032
650,1,1,1,1,1,1,1,1,1,0,0,0,0,0,0.03
651,1,1,1,1,1,1,1,1,1,0,0,0,0,0,0.025
652,1,1,1,1,1,1,1,1,1,0,0,0,0,0,0.017
653,1,1,1,1,1,1,1,1,1,0,0,0,0,0,0.01
654,1,1,1,1,1,1,1,1,1,0.024,0.024,0.024,0.024,0.024,0.004
655,1,1,1,1,1,1,1,1,1,0.141,0.141,0.141,0.141,0.141,0.001
656,1,1,1,1,1,1,1,1,1,0.282,0.282,0.282,0.282,0.282,0
657,1,1,1,1,1,1,1,1,1,0.416,0.416,0.416,0.416,0.416,0
658,1,1,1,1,1,1,1,1,1,0.515,0.515,0.515,0.515,0.515,0
659,1,1,1,1,1,1,1,1,1,0.573,0.573,0.573,0.573,0.573,0
660,1,1,1,1,1,1,1,1,1,0.575,0.575,0.575,0.575,0.575,0.001
661,1,1,1,1,1,1,1,1,1,0.545,0.545,0.545,0.545,0.545,0.004
662,1,1,1,1,1,1,1,1,1,0.462,0.462,0.462,0.462,0.462,0.009
663,1,1,1,1,1,1,1,1,1,0.317,0.317,0.317,0.317,0.317,0.013
664,1,1,1,1,1,1,1,1,1,0.174,0.174,0.174,0.174,0.174,0.012
665,1,1,1,1,1,1,1,1,1,0.053,0.053,0.053,0.053,0.053,0.009
666,1,1,1,1,1,1,1,1,1,0,0,0,0,0,0.007
667,1,1,1,1,1,1,1,1,1,0,0,0,0,0,0.005
668,1,1,1,1,1,1,1,1,1,0,0,0,0,0,0.005
669,1,1,1,1,1,1,1,1,1,0,0,0,0,0,0.005
670,1,1,1,1,1,1,1,1,1,0,0,0,0,0,0.006
671,1,1,1,1,1,1,1,1,1,0,0,0,0,0,0.005
672,1,1,1,1,1,1,1,1,1,0,0,0,0,0,0.005
673,1,1,1,1,1,1,1,1,1,0,0,0,0,0,0.045
674,1,1,1,1,1,1,1,1,1,0,0,0,0,0,0.045
675,1,1,1,1,1,1,1,1,1,0,0,0,0,0,0.049
676,1,1,1,1,1,1,1,1,1,0,0,0,0,0,0.049
677,1,1,1,1,1,1,1,1,1,0,0,0,0,0,0.053
678,1,1,1,1,1,1,1,1,1,0.02,0.02,0.02,0.02,0.02,0.058
679,1,1,1,1,1,1,1,1,1,0.133,0.133,0.133,0.133,0.133,0.045
680,1,1,1,1,1,1,1,1,1,0.268,0.268,0.268,0.268,0.268,0.045
681,1,1,1,1,1,1,1,1,1,0.385,0.385,0.385,0.385,0.385,0.05
682,1,1,1,1,1,1,1,1,1,0.466,0.466,0.466,0.466,0.466,0.054
683,1,1,1,1,1,1,1,1,1,0.511,0.511,0.511,0.511,0.511,0.059
684,1,1,1,1,1,1,1,1,1,0.522,0.522,0.522,0.522,0.522,0.07
685,1,1,1,1,1,1,1,1,1,0.489,0.489,0.489,0.489,0.489,0.083
686,1,1,1,1,1,1,1,1,1,0.396,0.396,0.396,0.396,0.396,0.082
687,1,1,1,1,1,1,1,1,1,0.289,0.289,0.289,0.289,0.289,0.065
688,1,1,1,1,1,1,1,1,1,0.17,0.17,0.17,0.17,0.17,0.046
689,1,1,1,1,1,1,1,1,1,0.054,0.054,0.054,0.054,0.054,0.034
690,1,1,1,1,1,1,1,1,1,0,0,0,0,0,0.035
691,1,1,1,1,1,1,1,1,1,0,0,0,0,0,0.042
692,1,1,1,1,1,1,1,1,1,0,0,0,0,0,0.048
693,1,1,1,1,1,1,1,1,1,0,0,0,0,0,0.059
694,1,1,1,1,1,1,1,1,1,0,0,0,0,0,0.073
695,1,1,1,1,1,1,1,1,1,0,0,0,0,0,0.084
696,1,1,1,1,1,1,1,1,1,0,0,0,0,0,0.088
697,1,1,1,1,1,1,1,1,1,0,0,0,0,0,0.092
698,1,1,1,1,1,1,1,1,1,0,0,0,0,0,0.096
699,1,1,1,1,1,1,1,1,1,0,0,0,0,0,0.106
700,1,1,1,1,1,1,1,1,1,0,0,0,0,0,0.114
701,1,1,1,1,1,1,1,1,1,0,0,0,0,0,0.11
702,1,1,1,1,1,1,1,1,1,0.016,0.016,0.016,0.016,0.016,0.093
703,1,1,1,1,1,1,1,1,1,0.11,0.11,0.11,0.11,0.11,0.048
704,1,1,1,1,1,1,1,1,1,0.22,0.22,0.22,0.22,0.22,0.037
705,1,1,1,1,1,1,1,1,1,0.321,0.321,0.321,0.321,0.321,0.028
706,1,1,1,1,1,1,1,1,1,0.39,0.39,0.39,0.39,0.39,0.025
707,1,1,1,1,1,1,1,1,1,0.451,0.451,0.451,0.451,0.451,0.032
708,1,1,1,1,1,1,1,1,1,0.5,0.5,0.5,0.5,0.5,0.038
709,1,1,1,1,1,1,1,1,1,0.484,0.484,0.484,0.484,0.484,0.036
710,1,1,1,1,1,1,1,1,1,0.405,0.405,0.405,0.405,0.405,0.031
711,1,1,1,1,1,1,1,1,1,0.285,0.285,0.285,0.285,0.285,0.03
712,1,1,1,1,1,1,1,1,1,0.151,0.151,0.151,0.151,0.151,0.025
713,1,1,1,1,1,1,1,1,1,0.043,0.043,0.043,0.043,0.043,0.025
714,1,1,1,1,1,1,1,1,1,0,0,0,0,0,0.034
715,1,1,1,1,1,1,1,1,1,0,0,0,0,0,0.042
716,1,1,1,1,1,1,1,1,1,0,0,0,0,0,0.047
717,1,1,1,1,1,1,1,1,1,0,0,0,0,0,0.049
718,1,1,1,1,1,1,1,1,1,0,0,0,0,0,0.06
719,1,1,1,1,1,1,1,1,1,0,0,0,0,0,0.072
720,1,1,1,1,1,1,1,1,1,0,0,0,0,0,0.073
721,1,1,1,1,1,1,1,1,1,0,0,0,0,0,0.068
722,1,1,1,1,1,1,1,1,1,0,0,0,0,0,0.059
723,1,1,1,1,1,1,1,1,1,0,0,0,0,0,0.055
724,1,1,1,1,1,1,1,1,1,0,0,0,0,0,0.049
725,1,1,1,1,1,1,1,1,1,0,0,0,0,0,0.038
726,1,1,1,1,1,1,1,1,1,0.012,0.012,0.012,0.012,0.012,0.027
727,1,1,1,1,1,1,1,1,1,0.092,0.092,0.092,0.092,0.092,0.017
728,1,1,1,1,1,1,1,1,1,0.198,0.198,0.198,0.198,0.198,0.009
729,1,1,1,1,1,1,1,1,1,0.279,0.279,0.279,0.279,0.279,0.008
730,1,1,1,1,1,1,1,1,1,0.348,0.348,0.348,0.348,0.348,0.007
731,1,1,1,1,1,1,1,1,1,0.422,0.422,0.422,0.422,0.422,0.009
732,1,1,1,1,1,1,1,1,1,0.46,0.46,0.46,0.46,0.46,0.017
733,1,1,1,1,1,1,1,1,1,0.434,0.434,0.434,0.434,0.434,0.025
734,1,1,1,1,1,1,1,1,1,0.345,0.345,0.345,0.345,0.345,0.03
735,1,1,1,1,1,1,1,1,1,0.235,0.235,0.235,0.235,0.235,0.028
736,1,1,1,1,1,1,1,1,1,0.126,0.126,0.126,0.126,0.126,0.018
737,1,1,1,1,1,1,1,1,1,0.034,0.034,0.034,0.034,0.034,0.011
738,1,1,1,1,1,1,1,1,1,0,0,0,0,0,0.015
739,1,1,1,1,1,1,1,1,1,0,0,0,0,0,0.02
740,1,1,1,1,1,1,1,1,1,0,0,0,0,0,0.024
741,1,1,1,1,1,1,1,1,1,0,0,0,0,0,0.025
742,1,1,1,1,1,1,1,1,1,0,0,0,0,0,0.027
743,1,1,1,1,1,1,1,1,1,0,0,0,0,0,0.039
744,1,1,1,1,1,1,1,1,1,0,0,0,0,0,0.055
745,1,1,1,1,1,1,1,1,1,0,0,0,0,0,0.054
746,1,1,1,1,1,1,1,1,1,0,0,0,0,0,0.051
747,1,1,1,1,1,1,1,1,1,0,0,0,0,0,0.056
748,1,1,1,1,1,1,1,1,1,0,0,0,0,0,0.07
749,1,1,1,1,1,1,1,1,1,0,0,0,0,0,0.079
750,1,1,1,1,1,1,1,1,1,0.015,0.015,0.015,0.015,0.015,0.073
751,1,1,1,1,1,1,1,1,1,0.108,0.108,0.108,0.108,0.108,0.027
752,1,1,1,1,1,1,1,1,1,0.225,0.225,0.225,0.225,0.225,0.014
753,1,1,1,1,1,1,1,1,1,0.309,0.309,0.309,0.309,0.309,0.015
754,1,1,1,1,1,1,1,1,1,0.386,0.386,0.386,0.386,0.386,0.021
755,1,1,1,1,1,1,1,1,1,0.446,0.446,0.446,0.446,0.446,0.041
756,1,1,1,1,1,1,1,1,1,0.493,0.493,0.493,0.493,0.493,0.064
757,1,1,1,1,1,1,1,1,1,0.508,0.508,0.508,0.508,0.508,0.081
758,1,1,1,1,1,1,1,1,1,0.442,0.442,0.442,0.442,0.442,0.086
759,1,1,1,1,1,1,1,1,1,0.343,0.343,0.343,0.343,0.343,0.087
760,1,1,1,1,1,1,1,1,1,0.203,0.203,0.203,0.203,0.203,0.069
761,1,1,1,1,1,1,1,1,1,0.061,0.061,0.061,0.061,0.061,0.063
762,1,1,1,1,1,1,1,1,1,0,0,0,0,0,0.069
763,1,1,1,1,1,1,1,1,1,0,0,0,0,0,0.071
764,1,1,1,1,1,1,1,1,1,0,0,0,0,0,0.07
765,1,1,1,1,1,1,1,1,1,0,0,0,0,0,0.077
766,1,1,1,1,1,1,1,1,1,0,0,0,0,0,0.09
767,1,1,1,1,1,1,1,1,1,0,0,0,0,0,0.101
768,1,1,1,1,1,1,1,1,1,0,0,0,0,0,0.107
769,1,1,1,1,1,1,1,1,1,0,0,0,0,0,0.114
770,1,1,1,1,1,1,1,1,1,0,0,0,0,0,0.118
771,1,1,1,1,1,1,1,1,1,0,0,0,0,0,0.114
772,1,1,1,1,1,1,1,1,1,0,0,0,0,0,0.103
773,1,1,1,1,1,1,1,1,1,0,0,0,0,0,0.09
774,1,1,1,1,1,1,1,1,1,0.009,0.009,0.009,0.009,0.009,0.078
775,1,1,1,1,1,1,1,1,1,0.073,0.073,0.073,0.073,0.073,0.062
776,1,1,1,1,1,1,1,1,1,0.164,0.164,0.164,0.164,0.164,0.07
777,1,1,1,1,1,1,1,1,1,0.257,0.257,0.257,0.257,0.257,0.104
778,1,1,1,1,1,1,1,1,1,0.321,0.321,0.321,0.321,0.321,0.124
779,1,1,1,1,1,1,1,1,1,0.337,0.337,0.337,0.337,0.337,0.103
780,1,1,1,1,1,1,1,1,1,0.326,0.326,0.326,0.326,0.326,0.099
781,1,1,1,1,1,1,1,1,1,0.24,0.24,0.24,0.24,0.24,0.112
782,1,1,1,1,1,1,1,1,1,0.145,0.145,0.145,0.145,0.145,0.113
783,1,1,1,1,1,1,1,1,1,0.102,0.102,0.102,0.102,0.102,0.082
784,1,1,1,1,1,1,1,1,1,0.056,0.056,0.056,0.056,0.056,0.033
785,1,1,1,1,1,1,1,1,1,0.018,0.018,0.018,0.018,0.018,0.02
786,1,1,1,1,1,1,1,1,1,0,0,0,0,0,0.032
787,1,1,1,1,1,1,1,1,1,0,0,0,0,0,0.045
788,1,1,1,1,1,1,1,1,1,0,0,0,0,0,0.047
789,1,1,1,1,1,1,1,1,1,0,0,0,0,0,0.049
790,1,1,1,1,1,1,1,1,1,0,0,0,0,0,0.053
791,1,1,1,1,1,1,1,1,1,0,0,0,0,0,0.058
792,1,1,1,1,1,1,1,1,1,0,0,0,0,0,0.06
793,1,1,1,1,1,1,1,1,1,0,0,0,0,0,0.064
794,1,1,1,1,1,1,1,1,1,0,0,0,0,0,0.068
795,1,1,1,1,1,1,1,1,1,0,0,0,0,0,0.073
796,1,1,1,1,1,1,1,1,1,0,0,0,0,0,0.068
797,1,1,1,1,1,1,1,1,1,0,0,0,0,0,0.06
798,1,1,1,1,1,1,1,1,1,0.012,0.012,0.012,0.012,0.012,0.058
799,1,1,1,1,1,1,1,1,1,0.087,0.087,0.087,0.087,0.087,0.049
800,1,1,1,1,1,1,1,1,1,0.171,0.171,0.171,0.171,0.171,0.048
801,1,1,1,1,1,1,1,1,1,0.239,0.239,0.239,0.239,0.239,0.068
802,1,1,1,1,1,1,1,1,1,0.289,0.289,0.289,0.289,0.289,0.082
803,1,1,1,1,1,1,1,1,1,0.309,0.309,0.309,0.309,0.309,0.09
804,1,1,1,1,1,1,1,1,1,0.302,0.302,0.302,0.302,0.302,0.098
805,1,1,1,1,1,1,1,1,1,0.271,0.271,0.271,0.271,0.271,0.093
806,1,1,1,1,1,1,1,1,1,0.216,0.216,0.216,0.216,0.216,0.083
807,1,1,1,1,1,1,1,1,1,0.15,0.15,0.15,0.15,0.15,0.061
808,1,1,1,1,1,1,1,1,1,0.076,0.076,0.076,0.076,0.076,0.051
809,1,1,1,1,1,1,1,1,1,0.02,0.02,0.02,0.02,0.02,0.041
810,1,1,1,1,1,1,1,1,1,0,0,0,0,0,0.041
811,1,1,1,1,1,1,1,1,1,0,0,0,0,0,0.049
812,1,1,1,1,1,1,1,1,1,0,0,0,0,0,0.059
813,1,1,1,1,1,1,1,1,1,0,0,0,0,0,0.073
814,1,1,1,1,1,1,1,1,1,0,0,0,0,0,0.099
815,1,1,1,1,1,1,1,1,1,0,0,0,0,0,0.129
816,1,1,1,1,1,1,1,1,1,0,0,0,0,0,0.123
817,1,1,1,1,1,1,1,1,1,0,0,0,0,0,0.122
818,1,1,1,1,1,1,1,1,1,0,0,0,0,0,0.113
819,1,1,1,1,1,1,1,1,1,0,0,0,0,0,0.101
820,1,1,1,1,1,1,1,1,1,0,0,0,0,0,0.095
821,1,1,1,1,1,1,1,1,1,0,0,0,0,0,0.086
822,1,1,1,1,1,1,1,1,1,0.013,0.013,0.013,0.013,0.013,0.081
823,1,1,1,1,1,1,1,1,1,0.1,0.1,0.1,0.1,0.1,0.063
824,1,1,1,1,1,1,1,1,1,0.207,0.207,0.207,0.207,0.207,0.079
825,1,1,1,1,1,1,1,1,1,0.296,0.296,0.296,0.296,0.296,0.102
826,1,1,1,1,1,1,1,1,1,0.356,0.356,0.356,0.356,0.356,0.144
827,1,1,1,1,1,1,1,1,1,0.357,0.357,0.357,0.357,0.357,0.179
828,1,1,1,1,1,1,1,1,1,0.352,0.352,0.352,0.352,0.352,0.201
829,1,1,1,1,1,1,1,1,1,0.32,0.32,0.32,0.32,0.32,0.198
830,1,1,1,1,1,1,1,1,1,0.265,0.265,0.265,0.265,0.265,0.164
831,1,1,1,1,1,1,1,1,1,0.177,0.177,0.177,0.177,0.177,0.115
832,1,1,1,1,1,1,1,1,1,0.084,0.084,0.084,0.084,0.084,0.08
833,1,1,1,1,1,1,1,1,1,0.021,0.021,0.021,0.021,0.021,0.069
834,1,1,1,1,1,1,1,1,1,0,0,0,0,0,0.062
835,1,1,1,1,1,1,1,1,1,0,0,0,0,0,0.065
836,1,1,1,1,1,1,1,1,1,0,0,0,0,0,0.076
837,1,1,1,1,1,1,1,1,1,0,0,0,0,0,0.078
838,1,1,1,1,1,1,1,1,1,0,0,0,0,0,0.094
839,1,1,1,1,1,1,1,1,1,0,0,0,0,0,0.111
840,1,1,1,1,1,1,1,1,1,0,0,0,0,0,0.141
841,1,1,1,1,1,1,1,1,1,0,0,0,0,0,0.009
842,1,1,1,1,1,1,1,1,1,0,0,0,0,0,0.016
843,1,1,1,1,1,1,1,1,1,0,0,0,0,0,0.026
844,1,1,1,1,1,1,1,1,1,0,0,0,0,0,0.034
845,1,1,1,1,1,1,1,1,1,0,0,0,0,0,0.043
846,1,1,1,1,1,1,1,1,1,0.014,0.014,0.014,0.014,0.014,0.051
847,1,1,1,1,1,1,1,1,1,0.091,0.091,0.091,0.091,0.091,0.084
848,1,1,1,1,1,1,1,1,1,0.177,0.177,0.177,0.177,0.177,0.106
849,1,1,1,1,1,1,1,1,1,0.254,0.254,0.254,0.254,0.254,0.095
850,1,1,1,1,1,1,1,1,1,0.309,0.309,0.309,0.309,0.309,0.07
851,1,1,1,1,1,1,1,1,1,0.332,0.332,0.332,0.332,0.332,0.053
852,1,1,1,1,1,1,1,1,1,0.341,0.341,0.341,0.341,0.341,0.05
853,1,1,1,1,1,1,1,1,1,0.351,0.351,0.351,0.351,0.351,0.054
854,1,1,1,1,1,1,1,1,1,0.321,0.321,0.321,0.321,0.321,0.063
855,1,1,1,1,1,1,1,1,1,0.23,0.23,0.23,0.23,0.23,0.08
856,1,1,1,1,1,1,1,1,1,0.13,0.13,0.13,0.13,0.13,0.101
857,1,1,1,1,1,1,1,1,1,0.036,0.036,0.036,0.036,0.036,0.1
858,1,1,1,1,1,1,1,1,1,0,0,0,0,0,0.073
859,1,1,1,1,1,1,1,1,1,0,0,0,0,0,0.054
860,1,1,1,1,1,1,1,1,1,0,0,0,0,0,0.052
861,1,1,1,1,1,1,1,1,1,0,0,0,0,0,0.053
862,1,1,1,1,1,1,1,1,1,0,0,0,0,0,0.06
863,1,1,1,1,1,1,1,1,1,0,0,0,0,0,0.066
864,1,1,1,1,1,1,1,1,1,0,0,0,0,0,0.067
865,1,1,1,1,1,1,1,1,1,0,0,0,0,0,0.068
866,1,1,1,1,1,1,1,1,1,0,0,0,0,0,0.078
867,1,1,1,1,1,1,1,1,1,0,0,0,0,0,0.083
868,1,1,1,1,1,1,1,1,1,0,0,0,0,0,0.093
869,1,1,1,1,1,1,1,1,1,0,0,0,0,0,0.088
870,1,1,1,1,1,1,1,1,1,0.031,0.031,0.031,0.031,0.031,0.07
871,1,1,1,1,1,1,1,1,1,0.16,0.16,0.16,0.16,0.16,0.058
872,1,1,1,1,1,1,1,1,1,0.296,0.296,0.296,0.296,0.296,0.05
873,1,1,1,1,1,1,1,1,1,0.418,0.418,0.418,0.418,0.418,0.035
874,1,1,1,1,1,1,1,1,1,0.503,0.503,0.503,0.503,0.503,0.023
875,1,1,1,1,1,1,1,1,1,0.548,0.548,0.548,0.548,0.548,0.021
876,1,1,1,1,1,1,1,1,1,0.56,0.56,0.56,0.56,0.56,0.023
877,1,1,1,1,1,1,1,1,1,0.526,0.526,0.526,0.526,0.526,0.023
878,1,1,1,1,1,1,1,1,1,0.443,0.443,0.443,0.443,0.443,0.025
879,1,1,1,1,1,1,1,1,1,0.332,0.332,0.332,0.332,0.332,0.031
880,1,1,1,1,1,1,1,1,1,0.18,0.18,0.18,0.18,0.18,0.042
881,1,1,1,1,1,1,1,1,1,0.056,0.056,0.056,0.056,0.056,0.048
882,1,1,1,1,1,1,1,1,1,0,0,0,0,0,0.046
883,1,1,1,1,1,1,1,1,1,0,0,0,0,0,0.044
884,1,1,1,1,1,1,1,1,1,0,0,0,0,0,0.044
885,1,1,1,1,1,1,1,1,1,0,0,0,0,0,0.042
886,1,1,1,1,1,1,1,1,1,0,0,0,0,0,0.044
887,1,1,1,1,1,1,1,1,1,0,0,0,0,0,0.045
888,1,1,1,1,1,1,1,1,1,0,0,0,0,0,0.045
889,1,1,1,1,1,1,1,1,1,0,0,0,0,0,0.047
890,1,1,1,1,1,1,1,1,1,0,0,0,0,0,0.049
891,1,1,1,1,1,1,1,1,1,0,0,0,0,0,0.054
892,1,1,1,1,1,1,1,1,1,0,0,0,0,0,0.061
893,1,1,1,1,1,1,1,1,1,0,0,0,0,0,0.073
894,1,1,1,1,1,1,1,1,1,0.025,0.025,0.025,0.025,0.025,0.069
895,1,1,1,1,1,1,1,1,1,0.14,0.14,0.14,0.14,0.14,0.058
896,1,1,1,1,1,1,1,1,1,0.289,0.289,0.289,0.289,0.289,0.058
897,1,1,1,1,1,1,1,1,1,0.42,0.42,0.42,0.42,0.42,0.049
898,1,1,1,1,1,1,1,1,1,0.514,0.514,0.514,0.514,0.514,0.043
899,1,1,1,1,1,1,1,1,1,0.566,0.566,0.566,0.566,0.566,0.04
900,1,1,1,1,1,1,1,1,1,0.574,0.574,0.574,0.574,0.574,0.037
901,1,1,1,1,1,1,1,1,1,0.543,0.543,0.543,0.543,0.543,0.035
902,1,1,1,1,1,1,1,1,1,0.471,0.471,0.471,0.471,0.471,0.034
903,1,1,1,1,1,1,1,1,1,0.355,0.355,0.355,0.355,0.355,0.035
904,1,1,1,1,1,1,1,1,1,0.198,0.198,0.198,0.198,0.198,0.032
905,1,1,1,1,1,1,1,1,1,0.067,0.067,0.067,0.067,0.067,0.02
906,1,1,1,1,1,1,1,1,1,0,0,0,0,0,0.021
907,1,1,1,1,1,1,1,1,1,0,0,0,0,0,0.032
908,1,1,1,1,1,1,1,1,1,0,0,0,0,0,0.038
909,1,1,1,1,1,1,1,1,1,0,0,0,0,0,0.048
910,1,1,1,1,1,1,1,1,1,0,0,0,0,0,0.059
911,1,1,1,1,1,1,1,1,1,0,0,0,0,0,0.069
912,1,1,1,1,1,1,1,1,1,0,0,0,0,0,0.074
913,1,1,1,1,1,1,1,1,1,0,0,0,0,0,0.078
914,1,1,1,1,1,1,1,1,1,0,0,0,0,0,0.091
915,1,1,1,1,1,1,1,1,1,0,0,0,0,0,0.102
916,1,1,1,1,1,1,1,1,1,0,0,0,0,0,0.102
917,1,1,1,1,1,1,1,1,1,0,0,0,0,0,0.108
918,1,1,1,1,1,1,1,1,1,0.031,0.031,0.031,0.031,0.031,0.098
919,1,1,1,1,1,1,1,1,1,0.165,0.165,0.165,0.165,0.165,0.087
920,1,1,1,1,1,1,1,1,1,0.322,0.322,0.322,0.322,0.322,0.086
921,1,1,1,1,1,1,1,1,1,0.453,0.453,0.453,0.453,0.453,0.065
922,1,1,1,1,1,1,1,1,1,0.546,0.546,0.546,0.546,0.546,0.051
923,1,1,1,1,1,1,1,1,1,0.597,0.597,0.597,0.597,0.597,0.048
924,1,1,1,1,1,1,1,1,1,0.603,0.603,0.603,0.603,0.603,0.048
925,1,1,1,1,1,1,1,1,1,0.567,0.567,0.567,0.567,0.567,0.052
926,1,1,1,1,1,1,1,1,1,0.482,0.482,0.482,0.482,0.482,0.059
927,1,1,1,1,1,1,1,1,1,0.36,0.36,0.36,0.36,0.36,0.067
928,1,1,1,1,1,1,1,1,1,0.21,0.21,0.21,0.21,0.21,0.073
929,1,1,1,1,1,1,1,1,1,0.07,0.07,0.07,0.07,0.07,0.075
930,1,1,1,1,1,1,1,1,1,0,0,0,0,0,0.064
931,1,1,1,1,1,1,1,1,1,0,0,0,0,0,0.059
932,1,1,1,1,1,1,1,1,1,0,0,0,0,0,0.058
933,1,1,1,1,1,1,1,1,1,0,0,0,0,0,0.063
934,1,1,1,1,1,1,1,1,1,0,0,0,0,0,0.067
935,1,1,1,1,1,1,1,1,1,0,0,0,0,0,0.067
936,1,1,1,1,1,1,1,1,1,0,0,0,0,0,0.074
937,1,1,1,1,1,1,1,1,1,0,0,0,0,0,0.088
938,1,1,1,1,1,1,1,1,1,0,0,0,0,0,0.094
939,1,1,1,1,1,1,1,1,1,0,0,0,0,0,0.088
940,1,1,1,1,1,1,1,1,1,0,0,0,0,0,0.084
941,1,1,1,1,1,1,1,1,1,0,0,0,0,0,0.08
942,1,1,1,1,1,1,1,1,1,0.03,0.03,0.03,0.03,0.03,0.07
943,1,1,1,1,1,1,1,1,1,0.156,0.156,0.156,0.156,0.156,0.044
944,1,1,1,1,1,1,1,1,1,0.313,0.313,0.313,0.313,0.313,0.037
945,1,1,1,1,1,1,1,1,1,0.446,0.446,0.446,0.446,0.446,0.031
946,1,1,1,1,1,1,1,1,1,0.538,0.538,0.538,0.538,0.538,0.025
947,1,1,1,1,1,1,1,1,1,0.575,0.575,0.575,0.575,0.575,0.02
948,1,1,1,1,1,1,1,1,1,0.58,0.58,0.58,0.58,0.58,0.017
949,1,1,1,1,1,1,1,1,1,0.546,0.546,0.546,0.546,0.546,0.022
950,1,1,1,1,1,1,1,1,1,0.459,0.459,0.459,0.459,0.459,0.035
951,1,1,1,1,1,1,1,1,1,0.331,0.331,0.331,0.331,0.331,0.049
952,1,1,1,1,1,1,1,1,1,0.189,0.189,0.189,0.189,0.189,0.049
953,1,1,1,1,1,1,1,1,1,0.062,0.062,0.062,0.062,0.062,0.045
954,1,1,1,1,1,1,1,1,1,0,0,0,0,0,0.036
955,1,1,1,1,1,1,1,1,1,0,0,0,0,0,0.038
956,1,1,1,1,1,1,1,1,1,0,0,0,0,0,0.044
957,1,1,1,1,1,1,1,1,1,0,0,0,0,0,0.05
958,1,1,1,1,1,1,1,1,1,0,0,0,0,0,0.062
959,1,1,1,1,1,1,1,1,1,0,0,0,0,0,0.078
960,1,1,1,1,1,1,1,1,1,0,0,0,0,0,0.079
961,1,1,1,1,1,1,1,1,1,0,0,0,0,0,0.086
962,1,1,1,1,1,1,1,1,1,0,0,0,0,0,0.1
963,1,1,1,1,1,1,1,1,1,0,0,0,0,0,0.109
964,1,1,1,1,1,1,1,1,1,0,0,0,0,0,0.121
965,1,1,1,1,1,1,1,1,1,0,0,0,0,0,0.121
966,1,1,1,1,1,1,1,1,1,0.028,0.028,0.028,0.028,0.028,0.105
967,1,1,1,1,1,1,1,1,1,0.149,0.149,0.149,0.149,0.149,0.091
968,1,1,1,1,1,1,1,1,1,0.294,0.294,0.294,0.294,0.294,0.094
969,1,1,1,1,1,1,1,1,1,0.423,0.423,0.423,0.423,0.423,0.077
970,1,1,1,1,1,1,1,1,1,0.516,0.516,0.516,0.516,0.516,0.061
971,1,1,1,1,1,1,1,1,1,0.559,0.559,0.559,0.559,0.559,0.061
972,1,1,1,1,1,1,1,1,1,0.574,0.574,0.574,0.574,0.574,0.067
973,1,1,1,1,1,1,1,1,1,0.546,0.546,0.546,0.546,0.546,0.071
974,1,1,1,1,1,1,1,1,1,0.468,0.468,0.468,0.468,0.468,0.076
975,1,1,1,1,1,1,1,1,1,0.35,0.35,0.35,0.35,0.35,0.083
976,1,1,1,1,1,1,1,1,1,0.206,0.206,0.206,0.206,0.206,0.088
977,1,1,1,1,1,1,1,1,1,0.067,0.067,0.067,0.067,0.067,0.089
978,1,1,1,1,1,1,1,1,1,0,0,0,0,0,0.099
979,1,1,1,1,1,1,1,1,1,0,0,0,0,0,0.103
980,1,1,1,1,1,1,1,1,1,0,0,0,0,0,0.112
981,1,1,1,1,1,1,1,1,1,0,0,0,0,0,0.113
982,1,1,1,1,1,1,1,1,1,0,0,0,0,0,0.12
983,1,1,1,1,1,1,1,1,1,0,0,0,0,0,0.124
984,1,1,1,1,1,1,1,1,1,0,0,0,0,0,0.135
985,1,1,1,1,1,1,1,1,1,0,0,0,0,0,0.137
986,1,1,1,1,1,1,1,1,1,0,0,0,0,0,0.135
987,1,1,1,1,1,1,1,1,1,0,0,0,0,0,0.132
988,1,1,1,1,1,1,1,1,1,0,0,0,0,0,0.121
989,1,1,1,1,1,1,1,1,1,0,0,0,0,0,0.115
990,1,1,1,1,1,1,1,1,1,0.037,0.037,0.037,0.037,0.037,0.101
991,1,1,1,1,1,1,1,1,1,0.176,0.176,0.176,0.176,0.176,0.078
992,1,1,1,1,1,1,1,1,1,0.328,0.328,0.328,0.328,0.328,0.081
993,1,1,1,1,1,1,1,1,1,0.467,0.467,0.467,0.467,0.467,0.072
994,1,1,1,1,1,1,1,1,1,0.563,0.563,0.563,0.563,0.563,0.071
995,1,1,1,1,1,1,1,1,1,0.611,0.611,0.611,0.611,0.611,0.074
996,1,1,1,1,1,1,1,1,1,0.617,0.617,0.617,0.617,0.617,0.076
997,1,1,1,1,1,1,1,1,1,0.578,0.578,0.578,0.578,0.578,0.083
998,1,1,1,1,1,1,1,1,1,0.493,0.493,0.493,0.493,0.493,0.09
999,1,1,1,1,1,1,1,1,1,0.367,0.367,0.367,0.367,0.367,0.1
1000,1,1,1,1,1,1,1,1,1,0.21,0.21,0.21,0.21,0.21,0.107
1001,1,1,1,1,1,1,1,1,1,0.07,0.07,0.07,0.07,0.07,0.111
1002,1,1,1,1,1,1,1,1,1,0,0,0,0,0,0.108
1003,1,1,1,1,1,1,1,1,1,0,0,0,0,0,0.115
1004,1,1,1,1,1,1,1,1,1,0,0,0,0,0,0.116
1005,1,1,1,1,1,1,1,1,1,0,0,0,0,0,0.115
1006,1,1,1,1,1,1,1,1,1,0,0,0,0,0,0.115
1007,1,1,1,1,1,1,1,1,1,0,0,0,0,0,0.122
1008,1,1,1,1,1,1,1,1,1,0,0,0,0,0,0.132
1009,1,1,1,1,1,1,1,1,1,0,0,0,0,0,0.083
1010,1,1,1,1,1,1,1,1,1,0,0,0,0,0,0.077
1011,1,1,1,1,1,1,1,1,1,0,0,0,0,0,0.075
1012,1,1,1,1,1,1,1,1,1,0,0,0,0,0,0.076
1013,1,1,1,1,1,1,1,1,1,0,0,0,0,0,0.076
1014,1,1,1,1,1,1,1,1,1,0.028,0.028,0.028,0.028,0.028,0.073
1015,1,1,1,1,1,1,1,1,1,0.201,0.201,0.201,0.201,0.201,0.062
1016,1,1,1,1,1,1,1,1,1,0.408,0.408,0.408,0.408,0.408,0.07
1017,1,1,1,1,1,1,1,1,1,0.556,0.556,0.556,0.556,0.556,0.09
1018,1,1,1,1,1,1,1,1,1,0.655,0.655,0.655,0.655,0.655,0.114
1019,1,1,1,1,1,1,1,1,1,0.707,0.707,0.707,0.707,0.707,0.122
1020,1,1,1,1,1,1,1,1,1,0.714,0.714,0.714,0.714,0.714,0.117
1021,1,1,1,1,1,1,1,1,1,0.676,0.676,0.676,0.676,0.676,0.11
1022,1,1,1,1,1,1,1,1,1,0.59,0.59,0.59,0.59,0.59,0.1
1023,1,1,1,1,1,1,1,1,1,0.459,0.459,0.459,0.459,0.459,0.084
1024,1,1,1,1,1,1,1,1,1,0.284,0.284,0.284,0.284,0.284,0.066
1025,1,1,1,1,1,1,1,1,1,0.08,0.08,0.08,0.08,0.08,0.048
1026,1,1,1,1,1,1,1,1,1,0,0,0,0,0,0.027
1027,1,1,1,1,1,1,1,1,1,0,0,0,0,0,0.022
1028,1,1,1,1,1,1,1,1,1,0,0,0,0,0,0.022
1029,1,1,1,1,1,1,1,1,1,0,0,0,0,0,0.026
1030,1,1,1,1,1,1,1,1,1,0,0,0,0,0,0.035
1031,1,1,1,1,1,1,1,1,1,0,0,0,0,0,0.042
1032,1,1,1,1,1,1,1,1,1,0,0,0,0,0,0.053
1033,1,1,1,1,1,1,1,1,1,0,0,0,0,0,0.061
1034,1,1,1,1,1,1,1,1,1,0,0,0,0,0,0.07
1035,1,1,1,1,1,1,1,1,1,0,0,0,0,0,0.08
1036,1,1,1,1,1,1,1,1,1,0,0,0,0,0,0.093
1037,1,1,1,1,1,1,1,1,1,0,0,0,0,0,0.092
1038,1,1,1,1,1,1,1,1,1,0.032,0.032,0.032,0.032,0.032,0.077
1039,1,1,1,1,1,1,1,1,1,0.217,0.217,0.217,0.217,0.217,0.048
1040,1,1,1,1,1,1,1,1,1,0.407,0.407,0.407,0.407,0.407,0.051
1041,1,1,1,1,1,1,1,1,1,0.554,0.554,0.554,0.554,0.554,0.069
1042,1,1,1,1,1,1,1,1,1,0.652,0.652,0.652,0.652,0.652,0.085
1043,1,1,1,1,1,1,1,1,1,0.704,0.704,0.704,0.704,0.704,0.093
1044,1,1,1,1,1,1,1,1,1,0.71,0.71,0.71,0.71,0.71,0.095
1045,1,1,1,1,1,1,1,1,1,0.672,0.672,0.672,0.672,0.672,0.097
1046,1,1,1,1,1,1,1,1,1,0.588,0.588,0.588,0.588,0.588,0.103
1047,1,1,1,1,1,1,1,1,1,0.45,0.45,0.45,0.45,0.45,0.11
1048,1,1,1,1,1,1,1,1,1,0.27,0.27,0.27,0.27,0.27,0.113
1049,1,1,1,1,1,1,1,1,1,0.073,0.073,0.073,0.073,0.073,0.112
1050,1,1,1,1,1,1,1,1,1,0,0,0,0,0,0.104
1051,1,1,1,1,1,1,1,1,1,0,0,0,0,0,0.102
1052,1,1,1,1,1,1,1,1,1,0,0,0,0,0,0.102
1053,1,1,1,1,1,1,1,1,1,0,0,0,0,0,0.111
1054,1,1,1,1,1,1,1,1,1,0,0,0,0,0,0.121
1055,1,1,1,1,1,1,1,1,1,0,0,0,0,0,0.139
1056,1,1,1,1,1,1,1,1,1,0,0,0,0,0,0.136
1057,1,1,1,1,1,1,1,1,1,0,0,0,0,0,0.14
1058,1,1,1,1,1,1,1,1,1,0,0,0,0,0,0.146
1059,1,1,1,1,1,1,1,1,1,0,0,0,0,0,0.128
1060,1,1,1,1,1,1,1,1,1,0,0,0,0,0,0.113
1061,1,1,1,1,1,1,1,1,1,0,0,0,0,0,0.094
1062,1,1,1,1,1,1,1,1,1,0.029,0.029,0.029,0.029,0.029,0.08
1063,1,1,1,1,1,1,1,1,1,0.21,0.21,0.21,0.21,0.21,0.05
1064,1,1,1,1,1,1,1,1,1,0.411,0.411,0.411,0.411,0.411,0.054
1065,1,1,1,1,1,1,1,1,1,0.559,0.559,0.559,0.559,0.559,0.086
1066,1,1,1,1,1,1,1,1,1,0.657,0.657,0.657,0.657,0.657,0.113
1067,1,1,1,1,1,1,1,1,1,0.709,0.709,0.709,0.709,0.709,0.129
1068,1,1,1,1,1,1,1,1,1,0.714,0.714,0.714,0.714,0.714,0.127
1069,1,1,1,1,1,1,1,1,1,0.676,0.676,0.676,0.676,0.676,0.119
1070,1,1,1,1,1,1,1,1,1,0.592,0.592,0.592,0.592,0.592,0.114
1071,1,1,1,1,1,1,1,1,1,0.459,0.459,0.459,0.459,0.459,0.109
1072,1,1,1,1,1,1,1,1,1,0.283,0.283,0.283,0.283,0.283,0.101
1073,1,1,1,1,1,1,1,1,1,0.087,0.087,0.087,0.087,0.087,0.07
1074,1,1,1,1,1,1,1,1,1,0,0,0,0,0,0.043
1075,1,1,1,1,1,1,1,1,1,0,0,0,0,0,0.037
1076,1,1,1,1,1,1,1,1,1,0,0,0,0,0,0.037
1077,1,1,1,1,1,1,1,1,1,0,0,0,0,0,0.035
1078,1,1,1,1,1,1,1,1,1,0,0,0,0,0,0.033
1079,1,1,1,1,1,1,1,1,1,0,0,0,0,0,0.03
1080,1,1,1,1,1,1,1,1,1,0,0,0,0,0,0.026
1081,1,1,1,1,1,1,1,1,1,0,0,0,0,0,0.022
1082,1,1,1,1,1,1,1,1,1,0,0,0,0,0,0.023
1083,1,1,1,1,1,1,1,1,1,0,0,0,0,0,0.029
1084,1,1,1,1,1,1,1,1,1,0,0,0,0,0,0.04
1085,1,1,1,1,1,1,1,1,1,0,0,0,0,0,0.054
1086,1,1,1,1,1,1,1,1,1,0.03,0.03,0.03,0.03,0.03,0.065
1087,1,1,1,1,1,1,1,1,1,0.207,0.207,0.207,0.207,0.207,0.05
1088,1,1,1,1,1,1,1,1,1,0.403,0.403,0.403,0.403,0.403,0.054
1089,1,1,1,1,1,1,1,1,1,0.551,0.551,0.551,0.551,0.551,0.078
1090,1,1,1,1,1,1,1,1,1,0.65,0.65,0.65,0.65,0.65,0.107
1091,1,1,1,1,1,1,1,1,1,0.704,0.704,0.704,0.704,0.704,0.122
1092,1,1,1,1,1,1,1,1,1,0.71,0.71,0.71,0.71,0.71,0.128
1093,1,1,1,1,1,1,1,1,1,0.672,0.672,0.672,0.672,0.672,0.126
1094,1,1,1,1,1,1,1,1,1,0.585,0.585,0.585,0.585,0.585,0.114
1095,1,1,1,1,1,1,1,1,1,0.454,0.454,0.454,0.454,0.454,0.093
1096,1,1,1,1,1,1,1,1,1,0.28,0.28,0.28,0.28,0.28,0.066
1097,1,1,1,1,1,1,1,1,1,0.086,0.086,0.086,0.086,0.086,0.041
1098,1,1,1,1,1,1,1,1,1,0,0,0,0,0,0.024
1099,1,1,1,1,1,1,1,1,1,0,0,0,0,0,0.015
1100,1,1,1,1,1,1,1,1,1,0,0,0,0,0,0.019
1101,1,1,1,1,1,1,1,1,1,0,0,0,0,0,0.037
1102,1,1,1,1,1,1,1,1,1,0,0,0,0,0,0.059
1103,1,1,1,1,1,1,1,1,1,0,0,0,0,0,0.084
1104,1,1,1,1,1,1,1,1,1,0,0,0,0,0,0.089
1105,1,1,1,1,1,1,1,1,1,0,0,0,0,0,0.09
1106,1,1,1,1,1,1,1,1,1,0,0,0,0,0,0.091
1107,1,1,1,1,1,1,1,1,1,0,0,0,0,0,0.097
1108,1,1,1,1,1,1,1,1,1,0,0,0,0,0,0.106
1109,1,1,1,1,1,1,1,1,1,0,0,0,0,0,0.112
1110,1,1,1,1,1,1,1,1,1,0.03,0.03,0.03,0.03,0.03,0.112
1111,1,1,1,1,1,1,1,1,1,0.209,0.209,0.209,0.209,0.209,0.124
1112,1,1,1,1,1,1,1,1,1,0.4,0.4,0.4,0.4,0.4,0.18
1113,1,1,1,1,1,1,1,1,1,0.548,0.548,0.548,0.548,0.548,0.227
1114,1,1,1,1,1,1,1,1,1,0.647,0.647,0.647,0.647,0.647,0.253
1115,1,1,1,1,1,1,1,1,1,0.699,0.699,0.699,0.699,0.699,0.272
1116,1,1,1,1,1,1,1,1,1,0.705,0.705,0.705,0.705,0.705,0.287
1117,1,1,1,1,1,1,1,1,1,0.667,0.667,0.667,0.667,0.667,0.292
1118,1,1,1,1,1,1,1,1,1,0.584,0.584,0.584,0.584,0.584,0.278
1119,1,1,1,1,1,1,1,1,1,0.451,0.451,0.451,0.451,0.451,0.25
1120,1,1,1,1,1,1,1,1,1,0.275,0.275,0.275,0.275,0.275,0.218
1121,1,1,1,1,1,1,1,1,1,0.08,0.08,0.08,0.08,0.08,0.15
1122,1,1,1,1,1,1,1,1,1,0,0,0,0,0,0.086
1123,1,1,1,1,1,1,1,1,1,0,0,0,0,0,0.053
1124,1,1,1,1,1,1,1,1,1,0,0,0,0,0,0.038
1125,1,1,1,1,1,1,1,1,1,0,0,0,0,0,0.035
1126,1,1,1,1,1,1,1,1,1,0,0,0,0,0,0.029
1127,1,1,1,1,1,1,1,1,1,0,0,0,0,0,0.029
1128,1,1,1,1,1,1,1,1,1,0,0,0,0,0,0.035
1129,1,1,1,1,1,1,1,1,1,0,0,0,0,0,0.044
1130,1,1,1,1,1,1,1,1,1,0,0,0,0,0,0.046
1131,1,1,1,1,1,1,1,1,1,0,0,0,0,0,0.053
1132,1,1,1,1,1,1,1,1,1,0,0,0,0,0,0.057
1133,1,1,1,1,1,1,1,1,1,0,0,0,0,0,0.055
1134,1,1,1,1,1,1,1,1,1,0.029,0.029,0.029,0.029,0.029,0.045
1135,1,1,1,1,1,1,1,1,1,0.207,0.207,0.207,0.207,0.207,0.026
1136,1,1,1,1,1,1,1,1,1,0.396,0.396,0.396,0.396,0.396,0.039
1137,1,1,1,1,1,1,1,1,1,0.544,0.544,0.544,0.544,0.544,0.069
1138,1,1,1,1,1,1,1,1,1,0.644,0.644,0.644,0.644,0.644,0.093
1139,1,1,1,1,1,1,1,1,1,0.701,0.701,0.701,0.701,0.701,0.102
1140,1,1,1,1,1,1,1,1,1,0.708,0.708,0.708,0.708,0.708,0.099
1141,1,1,1,1,1,1,1,1,1,0.67,0.67,0.67,0.67,0.67,0.088
1142,1,1,1,1,1,1,1,1,1,0.581,0.581,0.581,0.581,0.581,0.076
1143,1,1,1,1,1,1,1,1,1,0.449,0.449,0.449,0.449,0.449,0.062
1144,1,1,1,1,1,1,1,1,1,0.275,0.275,0.275,0.275,0.275,0.048
1145,1,1,1,1,1,1,1,1,1,0.084,0.084,0.084,0.084,0.084,0.033
1146,1,1,1,1,1,1,1,1,1,0,0,0,0,0,0.016
1147,1,1,1,1,1,1,1,1,1,0,0,0,0,0,0.011
1148,1,1,1,1,1,1,1,1,1,0,0,0,0,0,0.011
1149,1,1,1,1,1,1,1,1,1,0,0,0,0,0,0.017
1150,1,1,1,1,1,1,1,1,1,0,0,0,0,0,0.03
1151,1,1,1,1,1,1,1,1,1,0,0,0,0,0,0.054
1152,1,1,1,1,1,1,1,1,1,0,0,0,0,0,0.071
1153,1,1,1,1,1,1,1,1,1,0,0,0,0,0,0.07
1154,1,1,1,1,1,1,1,1,1,0,0,0,0,0,0.068
1155,1,1,1,1,1,1,1,1,1,0,0,0,0,0,0.062
1156,1,1,1,1,1,1,1,1,1,0,0,0,0,0,0.064
1157,1,1,1,1,1,1,1,1,1,0,0,0,0,0,0.073
1158,1,1,1,1,1,1,1,1,1,0.031,0.031,0.031,0.031,0.031,0.085
1159,1,1,1,1,1,1,1,1,1,0.212,0.212,0.212,0.212,0.212,0.072
1160,1,1,1,1,1,1,1,1,1,0.399,0.399,0.399,0.399,0.399,0.093
1161,1,1,1,1,1,1,1,1,1,0.547,0.547,0.547,0.547,0.547,0.119
1162,1,1,1,1,1,1,1,1,1,0.646,0.646,0.646,0.646,0.646,0.137
1163,1,1,1,1,1,1,1,1,1,0.696,0.696,0.696,0.696,0.696,0.124
1164,1,1,1,1,1,1,1,1,1,0.699,0.699,0.699,0.699,0.699,0.104
1165,1,1,1,1,1,1,1,1,1,0.658,0.658,0.658,0.658,0.658,0.089
1166,1,1,1,1,1,1,1,1,1,0.567,0.567,0.567,0.567,0.567,0.077
1167,1,1,1,1,1,1,1,1,1,0.431,0.431,0.431,0.431,0.431,0.063
1168,1,1,1,1,1,1,1,1,1,0.255,0.255,0.255,0.255,0.255,0.045
1169,1,1,1,1,1,1,1,1,1,0.069,0.069,0.069,0.069,0.069,0.026
1170,1,1,1,1,1,1,1,1,1,0,0,0,0,0,0.017
1171,1,1,1,1,1,1,1,1,1,0,0,0,0,0,0.018
1172,1,1,1,1,1,1,1,1,1,0,0,0,0,0,0.023
1173,1,1,1,1,1,1,1,1,1,0,0,0,0,0,0.034
1174,1,1,1,1,1,1,1,1,1,0,0,0,0,0,0.042
1175,1,1,1,1,1,1,1,1,1,0,0,0,0,0,0.051
1176,1,1,1,1,1,1,1,1,1,0,0,0,0,0,0.053
1177,1,1,1,1,1,1,1,1,1,0,0,0,0,0,0.082
1178,1,1,1,1,1,1,1,1,1,0,0,0,0,0,0.077
1179,1,1,1,1,1,1,1,1,1,0,0,0,0,0,0.093
1180,1,1,1,1,1,1,1,1,1,0,0,0,0,0,0.095
1181,1,1,1,1,1,1,1,1,1,0,0,0,0,0,0.075
1182,1,1,1,1,1,1,1,1,1,0.005,0.005,0.005,0.005,0.005,0.043
1183,1,1,1,1,1,1,1,1,1,0.043,0.043,0.043,0.043,0.043,0.017
1184,1,1,1,1,1,1,1,1,1,0.103,0.103,0.103,0.103,0.103,0.008
1185,1,1,1,1,1,1,1,1,1,0.156,0.156,0.156,0.156,0.156,0.011
1186,1,1,1,1,1,1,1,1,1,0.218,0.218,0.218,0.218,0.218,0.018
1187,1,1,1,1,1,1,1,1,1,0.249,0.249,0.249,0.249,0.249,0.031
1188,1,1,1,1,1,1,1,1,1,0.252,0.252,0.252,0.252,0.252,0.042
1189,1,1,1,1,1,1,1,1,1,0.247,0.247,0.247,0.247,0.247,0.05
1190,1,1,1,1,1,1,1,1,1,0.217,0.217,0.217,0.217,0.217,0.049
1191,1,1,1,1,1,1,1,1,1,0.156,0.156,0.156,0.156,0.156,0.04
1192,1,1,1,1,1,1,1,1,1,0.077,0.077,0.077,0.077,0.077,0.031
1193,1,1,1,1,1,1,1,1,1,0.023,0.023,0.023,0.023,0.023,0.035
1194,1,1,1,1,1,1,1,1,1,0,0,0,0,0,0.055
1195,1,1,1,1,1,1,1,1,1,0,0,0,0,0,0.074
1196,1,1,1,1,1,1,1,1,1,0,0,0,0,0,0.07
1197,1,1,1,1,1,1,1,1,1,0,0,0,0,0,0.061
1198,1,1,1,1,1,1,1,1,1,0,0,0,0,0,0.057
1199,1,1,1,1,1,1,1,1,1,0,0,0,0,0,0.051
1200,1,1,1,1,1,1,1,1,1,0,0,0,0,0,0.051
1201,1,1,1,1,1,1,1,1,1,0,0,0,0,0,0.055
1202,1,1,1,1,1,1,1,1,1,0,0,0,0,0,0.053
1203,1,1,1,1,1,1,1,1,1,0,0,0,0,0,0.049
1204,1,1,1,1,1,1,1,1,1,0,0,0,0,0,0.049
1205,1,1,1,1,1,1,1,1,1,0,0,0,0,0,0.048
1206,1,1,1,1,1,1,1,1,1,0.018,0.018,0.018,0.018,0.018,0.045
1207,1,1,1,1,1,1,1,1,1,0.11,0.11,0.11,0.11,0.11,0.03
1208,1,1,1,1,1,1,1,1,1,0.237,0.237,0.237,0.237,0.237,0.021
1209,1,1,1,1,1,1,1,1,1,0.345,0.345,0.345,0.345,0.345,0.015
1210,1,1,1,1,1,1,1,1,1,0.425,0.425,0.425,0.425,0.425,0.012
1211,1,1,1,1,1,1,1,1,1,0.457,0.457,0.457,0.457,0.457,0.012
1212,1,1,1,1,1,1,1,1,1,0.439,0.439,0.439,0.439,0.439,0.018
1213,1,1,1,1,1,1,1,1,1,0.398,0.398,0.398,0.398,0.398,0.025
1214,1,1,1,1,1,1,1,1,1,0.318,0.318,0.318,0.318,0.318,0.025
1215,1,1,1,1,1,1,1,1,1,0.213,0.213,0.213,0.213,0.213,0.02
1216,1,1,1,1,1,1,1,1,1,0.118,0.118,0.118,0.118,0.118,0.016
1217,1,1,1,1,1,1,1,1,1,0.033,0.033,0.033,0.033,0.033,0.017
1218,1,1,1,1,1,1,1,1,1,0,0,0,0,0,0.03
1219,1,1,1,1,1,1,1,1,1,0,0,0,0,0,0.048
1220,1,1,1,1,1,1,1,1,1,0,0,0,0,0,0.051
1221,1,1,1,1,1,1,1,1,1,0,0,0,0,0,0.049
1222,1,1,1,1,1,1,1,1,1,0,0,0,0,0,0.053
1223,1,1,1,1,1,1,1,1,1,0,0,0,0,0,0.057
1224,1,1,1,1,1,1,1,1,1,0,0,0,0,0,0.061
1225,1,1,1,1,1,1,1,1,1,0,0,0,0,0,0.066
1226,1,1,1,1,1,1,1,1,1,0,0,0,0,0,0.068
1227,1,1,1,1,1,1,1,1,1,0,0,0,0,0,0.068
1228,1,1,1,1,1,1,1,1,1,0,0,0,0,0,0.07
1229,1,1,1,1,1,1,1,1,1,0,0,0,0,0,0.071
1230,1,1,1,1,1,1,1,1,1,0.023,0.023,0.023,0.023,0.023,0.06
1231,1,1,1,1,1,1,1,1,1,0.126,0.126,0.126,0.126,0.126,0.03
1232,1,1,1,1,1,1,1,1,1,0.236,0.236,0.236,0.236,0.236,0.043
1233,1,1,1,1,1,1,1,1,1,0.337,0.337,0.337,0.337,0.337,0.065
1234,1,1,1,1,1,1,1,1,1,0.45,0.45,0.45,0.45,0.45,0.084
1235,1,1,1,1,1,1,1,1,1,0.508,0.508,0.508,0.508,0.508,0.119
1236,1,1,1,1,1,1,1,1,1,0.515,0.515,0.515,0.515,0.515,0.168
1237,1,1,1,1,1,1,1,1,1,0.471,0.471,0.471,0.471,0.471,0.196
1238,1,1,1,1,1,1,1,1,1,0.381,0.381,0.381,0.381,0.381,0.198
1239,1,1,1,1,1,1,1,1,1,0.263,0.263,0.263,0.263,0.263,0.15
1240,1,1,1,1,1,1,1,1,1,0.138,0.138,0.138,0.138,0.138,0.109
1241,1,1,1,1,1,1,1,1,1,0.036,0.036,0.036,0.036,0.036,0.088
1242,1,1,1,1,1,1,1,1,1,0,0,0,0,0,0.084
1243,1,1,1,1,1,1,1,1,1,0,0,0,0,0,0.087
1244,1,1,1,1,1,1,1,1,1,0,0,0,0,0,0.081
1245,1,1,1,1,1,1,1,1,1,0,0,0,0,0,0.078
1246,1,1,1,1,1,1,1,1,1,0,0,0,0,0,0.074
1247,1,1,1,1,1,1,1,1,1,0,0,0,0,0,0.068
1248,1,1,1,1,1,1,1,1,1,0,0,0,0,0,0.069
1249,1,1,1,1,1,1,1,1,1,0,0,0,0,0,0.07
1250,1,1,1,1,1,1,1,1,1,0,0,0,0,0,0.068
1251,1,1,1,1,1,1,1,1,1,0,0,0,0,0,0.08
1252,1,1,1,1,1,1,1,1,1,0,0,0,0,0,0.079
1253,1,1,1,1,1,1,1,1,1,0,0,0,0,0,0.076
1254,1,1,1,1,1,1,1,1,1,0.007,0.007,0.007,0.007,0.007,0.064
1255,1,1,1,1,1,1,1,1,1,0.051,0.051,0.051,0.051,0.051,0.046
1256,1,1,1,1,1,1,1,1,1,0.118,0.118,0.118,0.118,0.118,0.033
1257,1,1,1,1,1,1,1,1,1,0.187,0.187,0.187,0.187,0.187,0.041
1258,1,1,1,1,1,1,1,1,1,0.238,0.238,0.238,0.238,0.238,0.067
1259,1,1,1,1,1,1,1,1,1,0.253,0.253,0.253,0.253,0.253,0.088
1260,1,1,1,1,1,1,1,1,1,0.24,0.24,0.24,0.24,0.24,0.109
1261,1,1,1,1,1,1,1,1,1,0.193,0.193,0.193,0.193,0.193,0.136
1262,1,1,1,1,1,1,1,1,1,0.16,0.16,0.16,0.16,0.16,0.147
1263,1,1,1,1,1,1,1,1,1,0.128,0.128,0.128,0.128,0.128,0.117
1264,1,1,1,1,1,1,1,1,1,0.068,0.068,0.068,0.068,0.068,0.071
1265,1,1,1,1,1,1,1,1,1,0.019,0.019,0.019,0.019,0.019,0.067
1266,1,1,1,1,1,1,1,1,1,0,0,0,0,0,0.058
1267,1,1,1,1,1,1,1,1,1,0,0,0,0,0,0.059
1268,1,1,1,1,1,1,1,1,1,0,0,0,0,0,0.064
1269,1,1,1,1,1,1,1,1,1,0,0,0,0,0,0.061
1270,1,1,1,1,1,1,1,1,1,0,0,0,0,0,0.063
1271,1,1,1,1,1,1,1,1,1,0,0,0,0,0,0.064
1272,1,1,1,1,1,1,1,1,1,0,0,0,0,0,0.062
1273,1,1,1,1,1,1,1,1,1,0,0,0,0,0,0.059
1274,1,1,1,1,1,1,1,1,1,0,0,0,0,0,0.059
1275,1,1,1,1,1,1,1,1,1,0,0,0,0,0,0.061
1276,1,1,1,1,1,1,1,1,1,0,0,0,0,0,0.064
1277,1,1,1,1,1,1,1,1,1,0,0,0,0,0,0.049
1278,1,1,1,1,1,1,1,1,1,0.01,0.01,0.01,0.01,0.01,0.041
1279,1,1,1,1,1,1,1,1,1,0.051,0.051,0.051,0.051,0.051,0.039
1280,1,1,1,1,1,1,1,1,1,0.094,0.094,0.094,0.094,0.094,0.042
1281,1,1,1,1,1,1,1,1,1,0.12,0.12,0.12,0.12,0.12,0.039
1282,1,1,1,1,1,1,1,1,1,0.151,0.151,0.151,0.151,0.151,0.053
1283,1,1,1,1,1,1,1,1,1,0.191,0.191,0.191,0.191,0.191,0.062
1284,1,1,1,1,1,1,1,1,1,0.232,0.232,0.232,0.232,0.232,0.053
1285,1,1,1,1,1,1,1,1,1,0.26,0.26,0.26,0.26,0.26,0.042
1286,1,1,1,1,1,1,1,1,1,0.24,0.24,0.24,0.24,0.24,0.033
1287,1,1,1,1,1,1,1,1,1,0.174,0.174,0.174,0.174,0.174,0.02
1288,1,1,1,1,1,1,1,1,1,0.101,0.101,0.101,0.101,0.101,0.011
1289,1,1,1,1,1,1,1,1,1,0.031,0.031,0.031,0.031,0.031,0.009
1290,1,1,1,1,1,1,1,1,1,0,0,0,0,0,0.009
1291,1,1,1,1,1,1,1,1,1,0,0,0,0,0,0.009
1292,1,1,1,1,1,1,1,1,1,0,0,0,0,0,0.011
1293,1,1,1,1,1,1,1,1,1,0,0,0,0,0,0.014
1294,1,1,1,1,1,1,1,1,1,0,0,0,0,0,0.017
1295,1,1,1,1,1,1,1,1,1,0,0,0,0,0,0.026
1296,1,1,1,1,1,1,1,1,1,0,0,0,0,0,0.035
1297,1,1,1,1,1,1,1,1,1,0,0,0,0,0,0.045
1298,1,1,1,1,1,1,1,1,1,0,0,0,0,0,0.055
1299,1,1,1,1,1,1,1,1,1,0,0,0,0,0,0.066
1300,1,1,1,1,1,1,1,1,1,0,0,0,0,0,0.073
1301,1,1,1,1,1,1,1,1,1,0,0,0,0,0,0.088
1302,1,1,1,1,1,1,1,1,1,0.024,0.024,0.024,0.024,0.024,0.099
1303,1,1,1,1,1,1,1,1,1,0.135,0.135,0.135,0.135,0.135,0.077
1304,1,1,1,1,1,1,1,1,1,0.261,0.261,0.261,0.261,0.261,0.103
1305,1,1,1,1,1,1,1,1,1,0.349,0.349,0.349,0.349,0.349,0.117
1306,1,1,1,1,1,1,1,1,1,0.397,0.397,0.397,0.397,0.397,0.124
1307,1,1,1,1,1,1,1,1,1,0.402,0.402,0.402,0.402,0.402,0.125
1308,1,1,1,1,1,1,1,1,1,0.394,0.394,0.394,0.394,0.394,0.117
1309,1,1,1,1,1,1,1,1,1,0.354,0.354,0.354,0.354,0.354,0.099
1310,1,1,1,1,1,1,1,1,1,0.289,0.289,0.289,0.289,0.289,0.079
1311,1,1,1,1,1,1,1,1,1,0.207,0.207,0.207,0.207,0.207,0.054
1312,1,1,1,1,1,1,1,1,1,0.109,0.109,0.109,0.109,0.109,0.036
1313,1,1,1,1,1,1,1,1,1,0.031,0.031,0.031,0.031,0.031,0.034
1314,1,1,1,1,1,1,1,1,1,0,0,0,0,0,0.042
1315,1,1,1,1,1,1,1,1,1,0,0,0,0,0,0.045
1316,1,1,1,1,1,1,1,1,1,0,0,0,0,0,0.041
1317,1,1,1,1,1,1,1,1,1,0,0,0,0,0,0.037
1318,1,1,1,1,1,1,1,1,1,0,0,0,0,0,0.034
1319,1,1,1,1,1,1,1,1,1,0,0,0,0,0,0.036
1320,1,1,1,1,1,1,1,1,1,0,0,0,0,0,0.051
1321,1,1,1,1,1,1,1,1,1,0,0,0,0,0,0.073
1322,1,1,1,1,1,1,1,1,1,0,0,0,0,0,0.096
1323,1,1,1,1,1,1,1,1,1,0,0,0,0,0,0.106
1324,1,1,1,1,1,1,1,1,1,0,0,0,0,0,0.109
1325,1,1,1,1,1,1,1,1,1,0,0,0,0,0,0.113
1326,1,1,1,1,1,1,1,1,1,0.012,0.012,0.012,0.012,0.012,0.103
1327,1,1,1,1,1,1,1,1,1,0.075,0.075,0.075,0.075,0.075,0.077
1328,1,1,1,1,1,1,1,1,1,0.152,0.152,0.152,0.152,0.152,0.077
1329,1,1,1,1,1,1,1,1,1,0.228,0.228,0.228,0.228,0.228,0.084
1330,1,1,1,1,1,1,1,1,1,0.288,0.288,0.288,0.288,0.288,0.093
1331,1,1,1,1,1,1,1,1,1,0.339,0.339,0.339,0.339,0.339,0.115
1332,1,1,1,1,1,1,1,1,1,0.368,0.368,0.368,0.368,0.368,0.144
1333,1,1,1,1,1,1,1,1,1,0.353,0.353,0.353,0.353,0.353,0.165
1334,1,1,1,1,1,1,1,1,1,0.31,0.31,0.31,0.31,0.31,0.163
1335,1,1,1,1,1,1,1,1,1,0.237,0.237,0.237,0.237,0.237,0.109
1336,1,1,1,1,1,1,1,1,1,0.122,0.122,0.122,0.122,0.122,0.05
1337,1,1,1,1,1,1,1,1,1,0.03,0.03,0.03,0.03,0.03,0.031
1338,1,1,1,1,1,1,1,1,1,0,0,0,0,0,0.034
1339,1,1,1,1,1,1,1,1,1,0,0,0,0,0,0.046
1340,1,1,1,1,1,1,1,1,1,0,0,0,0,0,0.05
1341,1,1,1,1,1,1,1,1,1,0,0,0,0,0,0.057
1342,1,1,1,1,1,1,1,1,1,0,0,0,0,0,0.071
1343,1,1,1,1,1,1,1,1,1,0,0,0,0,0,0.087
1344,1,1,1,1,1,1,1,1,1,0,0,0,0,0,0.094