ID,Zone,Village,Resource,Total_Storage_MWh,Start_Storage_MWh,Change_in_Storage_MWh
3,1,1,batt_bel1,1.788826661952659,0.0,1.788826661952659
6,1,2,batt_bel2,5.457892808114843,0.0,5.457892808114843
9,1,3,batt_bel3,5.432039068397537,0.0,5.432039068397537
12,1,4,batt_bel4,2.510370358545987,0.0,2.510370358545987
15,1,5,batt_bel5,2.8262739255411873,0.0,2.8262739255411873
18,1,6,batt_bel6,2.4844796641775306,0.0,2.4844796641775306
21,1,7,batt_bel7,2.3134188489709215,0.0,2.3134188489709215
24,1,8,batt_bel8,4.573330571113443,0.0,4.573330571113443
27,1,9,batt_bel9,4.408500903975789,0.0,4.408500903975789
30,1,10,batt_bel10,2.5600072282850177,0.0,2.5600072282850177
33,1,11,batt_bel11,4.2593273003907255,0.0,4.2593273003907255
36,1,12,batt_bel12,1.8325065705041035,0.0,1.8325065705041035
39,1,13,batt_bel13,2.5462889688044,0.0,2.5462889688044
42,1,14,batt_bel14,1.3257196985567934,0.0,1.3257196985567934
45,1,15,batt_bel15,1.667081682060473,0.0,1.667081682060473
48,1,16,batt_bel16,3.1662521099212477,0.0,3.1662521099212477
51,1,17,batt_bel17,2.129256343274989,0.0,2.129256343274989
54,1,18,batt_bel18,0.8367543237770989,0.0,0.8367543237770989
57,1,19,batt_bel19,1.3097759052342377,0.0,1.3097759052342377
60,1,20,batt_bel20,0.28621969009463377,0.0,0.28621969009463377
63,1,21,batt_bel21,1.0732983742234838,0.0,1.0732983742234838
66,1,22,batt_bel22,0.7632437930847189,0.0,0.7632437930847189
69,1,23,batt_bel23,0.7373939348049399,0.0,0.7373939348049399
72,1,24,batt_bel24,0.4332962565916132,0.0,0.4332962565916132
75,1,25,batt_bel25,0.3160104457481487,0.0,0.3160104457481487
78,1,26,batt_bel26,0.8844679699350118,0.0,0.8844679699350118
81,1,27,batt_bel27,0.8089478415175452,0.0,0.8089478415175452
84,1,28,batt_bel28,0.6002609964212069,0.0,0.6002609964212069
87,1,29,batt_bel29,0.42733944272988955,0.0,0.42733944272988955
90,1,30,batt_bel30,0.327932974747002,0.0,0.327932974747002
93,1,31,batt_bel31,0.667850314023006,0.0,0.667850314023006
96,1,32,batt_bel32,1.001749068668864,0.0,1.001749068668864
99,1,33,batt_bel33,0.5923033295152748,0.0,0.5923033295152748
102,1,34,batt_bel34,0.4770184624932813,0.0,0.4770184624932813
105,1,35,batt_bel35,0.48893550101105526,0.0,0.48893550101105526
108,1,36,batt_bel36,0.28622184959897723,0.0,0.28622184959897723
111,1,37,batt_bel37,0.5008546476030911,0.0,0.5008546476030911
114,1,38,batt_bel38,1.0236259881757146,0.0,1.0236259881757146
117,1,39,batt_bel39,0.45913239916465826,0.0,0.45913239916465826
120,1,40,batt_bel40,0.4114140647485117,0.0,0.4114140647485117
123,1,41,batt_bel41,0.4452221641939062,0.0,0.4452221641939062
126,1,42,batt_bel42,0.5008705807412929,0.0,0.5008705807412929
129,1,43,batt_bel43,0.8804949691205234,0.0,0.8804949691205234
132,1,44,batt_bel44,0.6897034458298281,0.0,0.6897034458298281
135,1,45,batt_bel45,0.5227396241277976,0.0,0.5227396241277976
138,1,46,batt_bel46,0.7055615805670183,0.0,0.7055615805670183
141,1,47,batt_bel47,0.7294443255993636,0.0,0.7294443255993636
144,1,48,batt_bel48,0.7075560848561816,0.0,0.7075560848561816
147,1,49,batt_bel49,1.2899394202311927,0.0,1.2899394202311927
150,1,50,batt_bel50,1.5145709028857577,0.0,1.5145709028857577
153,1,51,batt_bel51,0.9500732014027616,0.0,0.9500732014027616
156,1,52,batt_bel52,1.033564192797319,0.0,1.033564192797319
159,1,53,batt_bel53,0.8864500684208139,0.0,0.8864500684208139
162,1,54,batt_bel54,0.8149336786177861,0.0,0.8149336786177861
165,1,55,batt_bel55,1.3316437647135335,0.0,1.3316437647135335
168,1,56,batt_bel56,1.0295169859510485,0.0,1.0295169859510485
171,1,57,batt_bel57,1.117019283944702,0.0,1.117019283944702
174,1,58,batt_bel58,1.5979784027840747,0.0,1.5979784027840747
177,1,59,batt_bel59,0.5048236799987016,0.0,0.5048236799987016
180,1,60,batt_bel60,2.7270151456428064,0.0,2.7270151456428064
183,1,61,batt_bel61,0.35974864527866446,0.0,0.35974864527866446
186,1,62,batt_bel62,1.8485015532983453,0.0,1.8485015532983453
189,1,63,batt_bel63,0.7294443255993636,0.0,0.7294443255993636
192,1,64,batt_bel64,0.6817632687364932,0.0,0.6817632687364932
195,1,65,batt_bel65,0.3339082522587679,0.0,0.3339082522587679
198,1,66,batt_bel66,2.8859625361503833,0.0,2.8859625361503833
201,1,67,batt_bel67,2.3294354237821033,0.0,2.3294354237821033
204,1,68,batt_bel68,1.1746776907114143,0.0,1.1746776907114143
207,1,69,batt_bel69,2.2222088771310085,0.0,2.2222088771310085
210,1,70,batt_bel70,0.4074477821152078,0.0,0.4074477821152078
213,1,71,batt_bel71,0.9579664826399674,0.0,0.9579664826399674
216,1,72,batt_bel72,0.8308117164439386,0.0,0.8308117164439386
219,1,73,batt_bel73,0.6360068104569173,0.0,0.6360068104569173
222,1,74,batt_bel74,4.589443488671502,0.0,4.589443488671502
225,1,75,batt_bel75,0.9858438304998527,0.0,0.9858438304998527
228,1,76,batt_bel76,0.4432444816882725,0.0,0.4432444816882725
231,1,77,batt_bel77,2.0313455586449667,0.0,2.0313455586449667
234,1,78,batt_bel78,0.6439658755044275,0.0,0.6439658755044275
237,1,79,batt_bel79,0.42732249269234474,0.0,0.42732249269234474
240,1,80,batt_bel80,0.6956538074498616,0.0,0.6956538074498616
243,1,81,batt_bel81,1.079257185620819,0.0,1.079257185620819
246,1,82,batt_kup82,4.307027845953388,0.0,4.307027845953388
249,1,83,batt_kup83,2.3651875066304284,0.0,2.3651875066304284
252,1,84,batt_kup84,3.116483508978747,0.0,3.116483508978747
255,1,85,batt_kup85,0.4770118262815301,0.0,0.4770118262815301
258,1,86,batt_kup86,3.019090542077182,0.0,3.019090542077182
261,1,87,batt_kup87,2.760710284257758,0.0,2.760710284257758
264,1,88,batt_kup88,1.27600912258474,0.0,1.27600912258474
267,1,89,batt_kup89,6.081908261408143,0.0,6.081908261408143
270,1,90,batt_kup90,1.9497887951506394,0.0,1.9497887951506394
273,1,91,batt_kup91,1.8464350004618302,0.0,1.8464350004618302
276,1,92,batt_kup92,1.5562518116254338,0.0,1.5562518116254338
279,1,93,batt_kup93,6.95643388543975,0.0,6.95643388543975
282,1,94,batt_kup94,1.0216015836475665,0.0,1.0216015836475665
285,1,95,batt_kup95,0.341862720633216,0.0,0.341862720633216
288,1,96,batt_kup96,0.3498148219692374,0.0,0.3498148219692374
291,1,97,batt_kup97,0.6518982719320628,0.0,0.6518982719320628
294,1,98,batt_kup98,0.3378877701543307,0.0,0.3378877701543307
297,1,99,batt_kup99,0.3597466501086241,0.0,0.3597466501086241
300,1,100,batt_kup100,1.4508692559188647,0.0,1.4508692559188647
303,1,101,batt_kup101,0.7751679461439912,0.0,0.7751679461439912
306,1,102,batt_kup102,0.9460948467118242,0.0,0.9460948467118242
309,1,103,batt_kup103,1.1508541037073252,0.0,1.1508541037073252
312,1,104,batt_kup104,1.3515655299254339,0.0,1.3515655299254339
315,1,105,batt_kup105,0.7751832241286999,0.0,0.7751832241286999
318,1,106,batt_kup106,0.5068311159705504,0.0,0.5068311159705504
321,1,107,batt_kup107,0.5167794067094632,0.0,0.5167794067094632
324,1,108,batt_kup108,0.7353940783411386,0.0,0.7353940783411386
327,1,109,batt_kup109,0.8546584301448196,0.0,0.8546584301448196
330,1,110,batt_kup110,0.5923199184489328,0.0,0.5923199184489328
333,1,111,batt_kup111,1.0275925279572813,0.0,1.0275925279572813
336,1,112,batt_kup112,1.138847920097045,0.0,1.138847920097045
339,1,113,batt_kup113,1.6357226743463669,0.0,1.6357226743463669
342,1,114,batt_kup114,0.818853465989716,0.0,0.818853465989716
345,1,115,batt_kup115,0.824820030420585,0.0,0.824820030420585
348,1,116,batt_kup116,0.8447038581197795,0.0,0.8447038581197795
351,1,117,batt_kup117,1.2401913893226286,0.0,1.2401913893226286
354,1,118,batt_kup118,0.8824779818526474,0.0,0.8824779818526474
357,1,119,batt_kup119,0.7433335693392249,0.0,0.7433335693392249
360,1,120,batt_kup120,0.8943967064463961,0.0,0.8943967064463961
363,1,121,batt_kup121,1.2342781912185121,0.0,1.2342781912185121
366,1,122,batt_kup122,0.924195276976701,0.0,0.924195276976701
369,1,123,batt_kup123,0.8646109530399838,0.0,0.8646109530399838
372,1,124,batt_kup124,0.9043437858877711,0.0,0.9043437858877711
375,1,125,batt_kup125,1.2600670990132987,0.0,1.2600670990132987
378,1,126,batt_kup126,0.9659272259924756,0.0,0.9659272259924756
381,1,127,batt_kup127,1.66754785864201,0.0,1.66754785864201
384,1,128,batt_kup128,1.4410037423757363,0.0,1.4410037423757363
387,1,129,batt_kup129,1.254159170707325,0.0,1.254159170707325
390,1,130,batt_kup130,1.005700494523884,0.0,1.005700494523884
393,1,131,batt_kup131,1.1647602104955248,0.0,1.1647602104955248
396,1,132,batt_kup132,0.9500875716490742,0.0,0.9500875716490742
399,1,133,batt_kup133,0.7910299744580412,0.0,0.7910299744580412
402,1,134,batt_kup134,1.2363061909497215,0.0,1.2363061909497215
405,1,135,batt_kup135,1.8344654666043654,0.0,1.8344654666043654
408,1,136,batt_kup136,0.8943816316370099,0.0,0.8943816316370099
411,1,137,batt_kup137,0.39552170035521295,0.0,0.39552170035521295
414,1,138,batt_kup138,0.3816262898487753,0.0,0.3816262898487753
417,1,139,batt_kup139,1.329699466195791,0.0,1.329699466195791
420,1,140,batt_kup140,0.2564024538967406,0.0,0.2564024538967406
423,1,141,batt_kup141,0.572443202652681,0.0,0.572443202652681
426,1,142,batt_kup142,0.7851179729858843,0.0,0.7851179729858843
429,1,143,batt_kup143,1.0176457013912223,0.0,1.0176457013912223
432,1,144,batt_kup144,0.7632271367769364,0.0,0.7632271367769364
435,1,145,batt_kup145,0.7771175034202685,0.0,0.7771175034202685
438,1,146,batt_kup146,0.6837501800264887,0.0,0.6837501800264887
441,1,147,batt_kup147,0.2981410162063117,0.0,0.2981410162063117
444,1,148,batt_kup148,0.2842334560986759,0.0,0.2842334560986759
447,1,149,batt_kup149,0.5624707404436327,0.0,0.5624707404436327
450,1,150,batt_kup150,1.0812829835515327,0.0,1.0812829835515327
453,1,151,batt_kup151,0.6459488379581892,0.0,0.6459488379581892
456,1,152,batt_kup152,0.9659510771547092,0.0,0.9659510771547092
459,1,153,batt_kup153,0.40347441181386196,0.0,0.40347441181386196
462,1,154,batt_kup154,0.6579086664404996,0.0,0.6579086664404996
465,1,155,batt_kup155,0.8049824827621138,0.0,0.8049824827621138
468,1,156,batt_kup156,0.5147876219228681,0.0,0.5147876219228681
471,1,157,batt_kup157,1.0275769979358782,0.0,1.0275769979358782
474,1,158,batt_kup158,0.5366606742825374,0.0,0.5366606742825374
477,1,159,batt_kup159,0.46509804885614914,0.0,0.46509804885614914
480,1,160,batt_kup160,1.1329435645938417,0.0,1.1329435645938417
483,1,161,batt_kup161,1.0652965370741287,0.0,1.0652965370741287
486,1,162,batt_kup162,0.7513305485798131,0.0,0.7513305485798131
489,1,163,batt_kup163,0.6379893268471369,0.0,0.6379893268471369
492,1,164,batt_kup164,0.5684449120323822,0.0,0.5684449120323822
495,1,165,batt_kup165,0.6439644717204973,0.0,0.6439644717204973
498,1,166,batt_kup166,0.6260895563561466,0.0,0.6260895563561466
501,1,167,batt_kup167,0.37564727863487213,0.0,0.37564727863487213
504,1,168,batt_kup168,0.689693728020708,0.0,0.689693728020708
507,1,169,batt_kup169,2.2360027663881334,0.0,2.2360027663881334
510,1,170,batt_kup170,1.6496301891648315,0.0,1.6496301891648315
513,1,171,batt_kup171,1.4549293113789954,0.0,1.4549293113789954
516,1,172,batt_kup172,0.6201122082447552,0.0,0.6201122082447552
519,1,173,batt_kup173,1.1786677668748753,0.0,1.1786677668748753
522,1,174,batt_kup174,1.168680614769527,0.0,1.168680614769527
525,1,175,batt_kup175,0.9718919511381516,0.0,0.9718919511381516
528,1,176,batt_kup176,0.6260997536953764,0.0,0.6260997536953764
531,1,177,batt_kup177,2.0571282199731336,0.0,2.0571282199731336
534,1,178,batt_kup178,0.783095766940093,0.0,0.783095766940093
537,1,179,batt_kup179,0.6718318816053004,0.0,0.6718318816053004
540,1,180,batt_kup180,0.8586057672229338,0.0,0.8586057672229338
543,1,181,batt_kup181,0.8089409882724427,0.0,0.8089409882724427
546,1,182,batt_kup182,1.4270607299217846,0.0,1.4270607299217846
549,1,183,batt_kup183,1.0275642453925746,0.0,1.0275642453925746
552,1,184,batt_kup184,0.5803580192601918,0.0,0.5803580192601918
555,1,185,batt_kup185,1.2561760403391546,0.0,1.2561760403391546
558,1,186,batt_kup186,0.7194803062296846,0.0,0.7194803062296846
561,1,187,batt_kup187,0.4432441584293837,0.0,0.4432441584293837
564,1,188,batt_kup188,6.916681154189228,0.0,6.916681154189228
567,1,189,batt_kup189,6.376066216792026,0.0,6.376066216792026
570,1,190,batt_kup190,20.31278452782885,0.0,20.31278452782885
573,1,191,batt_kup191,3.7982128215075077,0.0,3.7982128215075077
576,1,192,batt_kup192,1.1706696406519075,0.0,1.1706696406519075
579,1,193,batt_kup193,0.9043357543945834,0.0,0.9043357543945834
582,1,194,batt_kup194,0.6757668110570704,0.0,0.6757668110570704
585,1,195,batt_kup195,2.029288978223404,0.0,2.029288978223404
588,1,196,batt_kup196,0.39751277390264667,0.0,0.39751277390264667
591,1,197,batt_kup197,0.5346577200486824,0.0,0.5346577200486824
594,1,198,batt_kup198,1.315760616295617,0.0,1.315760616295617
597,1,199,batt_kup199,2.228045850381271,0.0,2.228045850381271
600,1,200,batt_kup200,2.7149970457755934,0.0,2.7149970457755934
603,1,201,batt_kup201,1.2461937127685958,0.0,1.2461937127685958
606,1,202,batt_kup202,0.45515112216117465,0.0,0.45515112216117465
609,1,203,batt_kup203,2.8640610074478685,0.0,2.8640610074478685
612,1,204,batt_kup204,2.2936347021459826,0.0,2.2936347021459826
615,1,205,batt_kup205,2.724932426408557,0.0,2.724932426408557
618,1,206,batt_kup206,1.9378625012576047,0.0,1.9378625012576047
621,1,207,batt_kup207,2.371151192207399,0.0,2.371151192207399
624,1,208,batt_kup208,3.2953625064755685,0.0,3.2953625064755685
627,1,209,batt_kup209,0.9381246397913153,0.0,0.9381246397913153
630,1,210,batt_kup210,2.029288978223404,0.0,2.029288978223404
633,1,211,batt_kup211,0.7075707080221638,0.0,0.7075707080221638
636,1,212,batt_kup212,1.4310505129592006,0.0,1.4310505129592006
639,1,213,batt_kup213,0.8168615525096754,0.0,0.8168615525096754
642,1,214,batt_kup214,0.6221061580271007,0.0,0.6221061580271007
645,1,215,batt_kup215,0.7632255338638223,0.0,0.7632255338638223
648,1,216,batt_kup216,0.683749934410587,0.0,0.683749934410587
651,1,217,batt_kup217,1.007690466062281,0.0,1.007690466062281
654,1,218,batt_kup218,0.41541874709686505,0.0,0.41541874709686505
657,1,219,batt_kup219,0.5406374833793809,0.0,0.5406374833793809
660,1,220,batt_kup220,1.0215788247061761,0.0,1.0215788247061761
663,1,221,batt_kup221,0.9954505666320926,0.0,0.9954505666320926
666,1,222,batt_kup222,0.9225190696327022,0.0,0.9225190696327022
669,1,223,batt_kup223,2.6076897803205044,0.0,2.6076897803205044
672,1,224,batt_kup224,4.6269221651240064,0.0,4.6269221651240064
675,1,225,batt_kup225,2.3889670103100613,0.0,2.3889670103100613
678,1,226,batt_kup226,1.3157764207886085,0.0,1.3157764207886085
681,1,227,batt_kup227,0.8149224292975622,0.0,0.8149224292975622
684,1,228,batt_kup228,2.4048697527815204,0.0,2.4048697527815204
687,1,229,batt_kup229,2.2975750336327128,0.0,2.2975750336327128
690,1,230,batt_kup230,2.895908432546693,0.0,2.895908432546693
693,1,231,batt_kup231,2.0014275102527583,0.0,2.0014275102527583
696,1,232,batt_kup232,2.063126877115531,0.0,2.063126877115531
699,1,233,batt_kup233,1.4111767775822706,0.0,1.4111767775822706
702,1,234,batt_kup234,4.338923349357239,0.0,4.338923349357239
705,1,235,batt_kup235,1.5543120761553444,0.0,1.5543120761553444
708,1,236,batt_kup236,1.3058141241966246,0.0,1.3058141241966246
711,1,237,batt_kup237,0.6320692387898614,0.0,0.6320692387898614
714,1,238,batt_kup238,2.665385912880591,0.0,2.665385912880591
717,1,239,batt_kup239,0.6101776921490353,0.0,0.6101776921490353
720,1,240,batt_kup240,1.287924785812757,0.0,1.287924785812757
723,1,241,batt_kup241,0.6697922793804753,0.0,0.6697922793804753
726,1,242,batt_kup242,1.4410360112665688,0.0,1.4410360112665688
729,1,243,batt_kup243,1.087171842170031,0.0,1.087171842170031
732,1,244,batt_kup244,4.446153302062668,0.0,4.446153302062668
735,1,245,batt_kup245,2.993253940715671,0.0,2.993253940715671
738,1,246,batt_kup246,4.686648592724263,0.0,4.686648592724263
741,1,247,batt_kup247,5.696324906318581,0.0,5.696324906318581
744,1,248,batt_kup248,2.8799619610371514,0.0,2.8799619610371514
747,1,249,batt_kup249,4.078457718495686,0.0,4.078457718495686
750,1,250,batt_kup250,4.360689486844656,0.0,4.360689486844656
753,1,251,batt_kup251,4.17783777046468,0.0,4.17783777046468
756,1,252,batt_kup252,8.30001873116485,0.0,8.30001873116485
759,1,253,batt_kup253,0.5227249579061769,0.0,0.5227249579061769
762,1,254,batt_kup254,0.6399993883254509,0.0,0.6399993883254509
765,1,255,batt_kup255,0.7453454746578836,0.0,0.7453454746578836
768,1,256,batt_kup256,0.8665504348377461,0.0,0.8665504348377461
771,1,257,batt_kup257,0.5127747681491769,0.0,0.5127747681491769
774,1,258,batt_kup258,0.32994562309406034,0.0,0.32994562309406034
777,1,259,batt_kup259,0.2901881863435717,0.0,0.2901881863435717
780,1,260,batt_kup260,0.42334189632816943,0.0,0.42334189632816943
783,1,261,batt_kup261,0.29216269613235546,0.0,0.29216269613235546
786,1,262,batt_kup262,0.9162624806931168,0.0,0.9162624806931168
789,1,263,batt_kup263,0.4412370399302718,0.0,0.4412370399302718
792,1,264,batt_kup264,5.946756548016827,0.0,5.946756548016827
795,1,265,batt_kup265,2.251897360908063,0.0,2.251897360908063
798,1,266,batt_kup266,7.012083474965715,0.0,7.012083474965715
801,1,267,batt_kup267,5.69831280151759,0.0,5.69831280151759
804,1,268,batt_kup268,8.278156032800199,0.0,8.278156032800199
807,1,269,batt_kup269,2.1982336723432385,0.0,2.1982336723432385
810,1,270,batt_kup270,3.470267868098632,0.0,3.470267868098632
813,1,271,batt_kup271,0.21267127275669587,0.0,0.21267127275669587
816,1,272,batt_kup272,0.6558851427515965,0.0,0.6558851427515965
819,1,273,batt_kup273,0.8327904201965632,0.0,0.8327904201965632
822,1,274,batt_kup274,0.46708930887990957,0.0,0.46708930887990957
825,1,275,batt_kup275,0.2762710973932523,0.0,0.2762710973932523
828,1,276,batt_kup276,0.5247174033078488,0.0,0.5247174033078488
831,1,277,batt_kup277,0.5625063200673919,0.0,0.5625063200673919
834,1,278,batt_kup278,0.5088326711294242,0.0,0.5088326711294242
837,1,279,batt_kup279,0.9898075859513515,0.0,0.9898075859513515
840,1,280,batt_kup280,0.36969080446852337,0.0,0.36969080446852337
843,1,281,batt_kup281,0.3239626991034239,0.0,0.3239626991034239
846,1,282,batt_kup282,0.5127825173741869,0.0,0.5127825173741869
849,1,283,batt_kup283,0.9460443397348479,0.0,0.9460443397348479
852,1,284,batt_kup284,0.41738547597403947,0.0,0.41738547597403947
855,1,285,batt_kup285,1.095153954263648,0.0,1.095153954263648
858,1,286,batt_kup286,1.4807248043918146,0.0,1.4807248043918146
861,1,287,batt_kup287,0.3816265724896331,0.0,0.3816265724896331
864,1,288,batt_kup288,0.5147835871478803,0.0,0.5147835871478803
867,1,289,batt_kup289,1.975709356098902,0.0,1.975709356098902
870,1,290,batt_kup290,0.5227421298404321,0.0,0.5227421298404321
873,1,291,batt_kup291,2.7969580905879843,0.0,2.7969580905879843
876,1,292,batt_kup292,1.109063036819076,0.0,1.109063036819076
879,1,293,batt_kup293,1.758915739263666,0.0,1.758915739263666
882,1,294,batt_kup294,1.1985218384566463,0.0,1.1985218384566463
885,1,295,batt_kup295,0.8347850321188284,0.0,0.8347850321188284
888,1,296,batt_kup296,1.3475926741640254,0.0,1.3475926741640254
891,1,297,batt_kup297,0.3021166413069023,0.0,0.3021166413069023
894,1,298,batt_kup298,0.7374078677493874,0.0,0.7374078677493874
897,1,299,batt_kup299,1.8921513638712708,0.0,1.8921513638712708
900,1,300,batt_kup300,1.1667347315382823,0.0,1.1667347315382823
903,1,301,batt_kup301,0.8665613830601147,0.0,0.8665613830601147
906,1,302,batt_kup302,1.182573809141602,0.0,1.182573809141602
909,1,303,batt_kup303,1.256169513570708,0.0,1.256169513570708
912,1,304,batt_kup304,1.1488098605798016,0.0,1.1488098605798016
915,1,305,batt_kup305,1.3137429322008898,0.0,1.3137429322008898
918,1,306,batt_kup306,0.9838582348737587,0.0,0.9838582348737587
921,1,307,batt_kup307,1.7471207297252311,0.0,1.7471207297252311
924,1,308,batt_kup308,1.1786525364807194,0.0,1.1786525364807194
927,1,309,batt_kup309,1.1209704340635955,0.0,1.1209704340635955
930,1,310,batt_tim310,0.8109108301897701,0.0,0.8109108301897701
933,1,311,batt_tim311,0.45317066117417326,0.0,0.45317066117417326
936,1,312,batt_tim312,0.7214817125752107,0.0,0.7214817125752107
939,1,313,batt_tim313,1.0792301140841734,0.0,1.0792301140841734
942,1,314,batt_tim314,0.8287960531083641,0.0,0.8287960531083641
945,1,315,batt_tim315,1.0732623664801288,0.0,1.0732623664801288
948,1,316,batt_tim316,0.5326594503787765,0.0,0.5326594503787765
951,1,317,batt_tim317,0.7453328009360567,0.0,0.7453328009360567
954,1,318,batt_tim318,0.6440019252347202,0.0,0.6440019252347202
957,1,319,batt_tim319,1.3456255888617217,0.0,1.3456255888617217
960,1,320,batt_tim320,1.045430953527188,0.0,1.045430953527188
963,1,321,batt_tim321,0.763234188071918,0.0,0.763234188071918
966,1,322,batt_tim322,0.6519426854100885,0.0,0.6519426854100885
969,1,323,batt_tim323,1.2363039219949878,0.0,1.2363039219949878
972,1,324,batt_tim324,1.2343180498600448,0.0,1.2343180498600448
975,1,325,batt_tim325,1.021599706060616,0.0,1.021599706060616
978,1,326,batt_tim326,0.7194975699648213,0.0,0.7194975699648213
981,1,327,batt_tim327,0.9560090156054796,0.0,0.9560090156054796
984,1,328,batt_tim328,1.2959493065163226,0.0,1.2959493065163226
987,1,329,batt_tim329,1.5919746875724428,0.0,1.5919746875724428
990,1,330,batt_tim330,0.5088138417821705,0.0,0.5088138417821705
993,1,331,batt_tim331,1.345584438148688,0.0,1.345584438148688
996,1,332,batt_tim332,0.7612613341082171,0.0,0.7612613341082171
999,1,333,batt_tim333,3.867721647002189,0.0,3.867721647002189
1002,1,334,batt_tim334,1.136929282021355,0.0,1.136929282021355
1005,1,335,batt_tim335,2.4268929703485873,0.0,2.4268929703485873
1008,1,336,batt_tim336,1.27001917889345,0.0,1.27001917889345
1011,1,337,batt_tim337,1.1747049045122269,0.0,1.1747049045122269
1014,1,338,batt_tim338,1.2482306308792397,0.0,1.2482306308792397
1017,1,339,batt_tim339,1.6198629195578325,0.0,1.6198629195578325
1020,1,340,batt_tim340,1.3396331068911618,0.0,1.3396331068911618
1023,1,341,batt_tim341,1.8762963701286866,0.0,1.8762963701286866
1026,1,342,batt_tim342,0.7453597559723177,0.0,0.7453597559723177
1029,1,343,batt_tim343,1.0334944752264092,0.0,1.0334944752264092
1032,1,344,batt_tim344,1.3992973336954475,0.0,1.3992973336954475
1035,1,345,batt_tim345,1.0395345277360288,0.0,1.0395345277360288
1038,1,346,batt_tim346,1.4012607487491109,0.0,1.4012607487491109
1041,1,347,batt_tim347,1.9199683639500915,0.0,1.9199683639500915
1044,1,348,batt_tim348,0.7652169989772659,0.0,0.7652169989772659
1047,1,349,batt_tim349,2.297637840266111,0.0,2.297637840266111
1050,1,350,batt_tim350,0.4968807411077717,0.0,0.4968807411077717
1053,1,351,batt_tim351,0.5445982081788981,0.0,0.5445982081788981
1056,1,352,batt_tim352,1.047482181461279,0.0,1.047482181461279
1059,1,353,batt_tim353,0.4809760219075361,0.0,0.4809760219075361
1062,1,354,batt_tim354,1.5264986681535062,0.0,1.5264986681535062
1065,1,355,batt_tim355,1.9518514063177623,0.0,1.9518514063177623
1068,1,356,batt_tim356,0.43924262417938736,0.0,0.43924262417938736
1071,1,357,batt_tim357,0.4929312222292874,0.0,0.4929312222292874
1074,1,358,batt_tim358,0.8427173327028985,0.0,0.8427173327028985
1077,1,359,batt_tim359,0.5545111134206715,0.0,0.5545111134206715
1080,1,360,batt_tim360,0.8248623706417373,0.0,0.8248623706417373
1083,1,361,batt_tim361,1.2581568235443272,0.0,1.2581568235443272
1086,1,362,batt_tim362,1.206495055358286,0.0,1.206495055358286
1089,1,363,batt_tim363,1.7887403440320073,0.0,1.7887403440320073
1092,1,364,batt_tim364,0.7115631809941614,0.0,0.7115631809941614
1095,1,365,batt_tim365,1.4688589197006812,0.0,1.4688589197006812
1098,1,366,batt_tim366,0.9977774715120906,0.0,0.9977774715120906
1101,1,367,batt_tim367,1.0594185301996422,0.0,1.0594185301996422
1104,1,368,batt_tim368,0.30408805078170625,0.0,0.30408805078170625
1107,1,369,batt_tim369,0.5684248785276833,0.0,0.5684248785276833
1110,1,370,batt_tim370,0.46511017687008294,0.0,0.46511017687008294
1113,1,371,batt_tim371,1.1866193621036758,0.0,1.1866193621036758
1116,1,372,batt_tim372,1.1428228047473437,0.0,1.1428228047473437
1119,1,373,batt_tim373,1.5403499678489585,0.0,1.5403499678489585
1122,1,374,batt_tim374,1.7610016116249128,0.0,1.7610016116249128
1125,1,375,batt_tim375,0.5863521211870354,0.0,0.5863521211870354
1128,1,376,batt_tim376,0.6876800195475057,0.0,0.6876800195475057
1131,1,377,batt_tim377,0.777163019059798,0.0,0.777163019059798
1134,1,378,batt_tim378,1.144835220451218,0.0,1.144835220451218
1137,1,379,batt_tim379,1.1050829275435086,0.0,1.1050829275435086
1140,1,380,batt_tim380,0.8069451558912674,0.0,0.8069451558912674
1143,1,381,batt_tim381,0.3577707524923613,0.0,0.3577707524923613
1146,1,382,batt_tim382,1.0136423207238674,0.0,1.0136423207238674
1149,1,383,batt_tim383,0.610187211032922,0.0,0.610187211032922
1152,1,384,batt_tim384,1.031551724852683,0.0,1.031551724852683
1155,1,385,batt_tim385,0.2444675391917984,0.0,0.2444675391917984
1158,1,386,batt_tim386,0.30212037776441797,0.0,0.30212037776441797
1161,1,387,batt_tim387,1.3197162300557561,0.0,1.3197162300557561
1164,1,388,batt_tim388,0.42534779146227186,0.0,0.42534779146227186
1167,1,389,batt_tim389,0.27627823565428256,0.0,0.27627823565428256
1170,1,390,batt_tim390,0.415406300485953,0.0,0.415406300485953
1173,1,391,batt_tim391,0.5982664522971949,0.0,0.5982664522971949
1176,1,392,batt_tim392,1.0891820839865884,0.0,1.0891820839865884
1179,1,393,batt_tim393,0.8228830521359074,0.0,0.8228830521359074
1182,1,394,batt_tim394,0.3279516135011938,0.0,0.3279516135011938
1185,1,395,batt_tim395,0.6797428752459166,0.0,0.6797428752459166
1188,1,396,batt_tim396,0.9858452812958917,0.0,0.9858452812958917
1191,1,397,batt_tim397,0.4213758211856949,0.0,0.4213758211856949
1194,1,398,batt_tim398,0.5584941344103977,0.0,0.5584941344103977
1197,1,399,batt_tim399,0.7274682468167043,0.0,0.7274682468167043
1200,1,400,batt_tim400,0.6360410538674585,0.0,0.6360410538674585
1203,1,401,batt_tim401,0.6877131273148597,0.0,0.6877131273148597
1206,1,402,batt_tim402,0.43924298926990735,0.0,0.43924298926990735
1209,1,403,batt_tim403,0.8327823134795221,0.0,0.8327823134795221
1212,1,404,batt_tim404,1.4032307250745404,0.0,1.4032307250745404
1215,1,405,batt_tim405,1.2938984070919346,0.0,1.2938984070919346
1218,1,406,batt_tim406,0.7990265226640387,0.0,0.7990265226640387
1221,1,407,batt_tim407,1.3158122933417897,0.0,1.3158122933417897
1224,1,408,batt_tim408,1.0554299790686854,0.0,1.0554299790686854
1227,1,409,batt_tim409,0.3816066757228562,0.0,0.3816066757228562
1230,1,410,batt_tim410,0.4909443262346841,0.0,0.4909443262346841
1233,1,411,batt_tim411,1.023591549369903,0.0,1.023591549369903
1236,1,412,batt_tim412,0.9480436329751216,0.0,0.9480436329751216
1239,1,413,batt_tim413,1.2362614298178822,0.0,1.2362614298178822
1242,1,414,batt_tim414,1.1090489691895673,0.0,1.1090489691895673
1245,1,415,batt_tim415,0.9321976186794148,0.0,0.9321976186794148
1248,1,416,batt_tim416,1.2561805296047253,0.0,1.2561805296047253
1251,1,417,batt_tim417,0.22261308368504573,0.0,0.22261308368504573
1254,1,418,batt_tim418,0.36572404599273195,0.0,0.36572404599273195
1257,1,419,batt_tim419,0.4054823620807218,0.0,0.4054823620807218
1260,1,420,batt_tim420,0.5306824149522024,0.0,0.5306824149522024
1263,1,421,batt_tim421,0.24049175023545202,0.0,0.24049175023545202
1266,1,422,batt_tim422,0.7691584813602176,0.0,0.7691584813602176
1269,1,423,batt_tim423,1.2600950030708722,0.0,1.2600950030708722
1272,1,424,batt_tim424,0.6678152277777508,0.0,0.6678152277777508
1275,1,425,batt_tim425,1.1627278280931903,0.0,1.1627278280931903
1278,1,426,batt_tim426,0.3219939411373496,0.0,0.3219939411373496
1281,1,427,batt_tim427,1.3456371802634086,0.0,1.3456371802634086
1284,1,428,batt_tim428,1.3992879676449073,0.0,1.3992879676449073
1287,1,429,batt_tim429,0.8029645286574872,0.0,0.8029645286574872
1290,1,430,batt_tim430,1.0176371939896804,0.0,1.0176371939896804
1293,1,431,batt_tim431,0.8626443758040014,0.0,0.8626443758040014
1296,1,432,batt_tim432,0.8685452879412475,0.0,0.8685452879412475
1299,1,433,batt_tim433,1.1110848258336083,0.0,1.1110848258336083
1302,1,434,batt_tim434,0.5406229503656023,0.0,0.5406229503656023
1305,1,435,batt_tim435,0.5605126655947381,0.0,0.5605126655947381
1308,1,436,batt_tim436,0.743356640279877,0.0,0.743356640279877
1311,1,437,batt_tim437,1.3157400411974172,0.0,1.3157400411974172
1314,1,438,batt_tim438,1.3257501653284245,0.0,1.3257501653284245
1317,1,439,batt_tim439,0.6201016242793868,0.0,0.6201016242793868
1320,1,440,batt_tim440,0.5565177869054978,0.0,0.5565177869054978
1323,1,441,batt_tim441,0.7155473240889236,0.0,0.7155473240889236
1326,1,442,batt_tim442,0.4511901939702671,0.0,0.4511901939702671
1329,1,443,batt_tim443,1.4528604159082863,0.0,1.4528604159082863
1332,1,444,batt_tim444,0.6300701385671993,0.0,0.6300701385671993
1335,1,445,batt_tim445,1.9299899504274591,0.0,1.9299899504274591
1338,1,446,batt_tim446,0.8705270969372513,0.0,0.8705270969372513
1341,1,447,batt_tim447,0.8765128964010948,0.0,0.8765128964010948
1344,1,448,batt_tim448,0.7075682406508179,0.0,0.7075682406508179
1347,1,449,batt_tim449,0.9063079308548013,0.0,0.9063079308548013
1350,1,450,batt_tim450,1.715293711997014,0.0,1.715293711997014
1353,1,451,batt_tim451,4.923035849681225,0.0,4.923035849681225
1356,1,452,batt_tim452,1.5542673919427281,0.0,1.5542673919427281
1359,1,453,batt_tim453,1.5543270619876908,0.0,1.5543270619876908
1362,1,454,batt_tim454,1.8246412119163078,0.0,1.8246412119163078
1365,1,455,batt_tim455,1.1647178399514553,0.0,1.1647178399514553
1368,1,456,batt_tim456,1.552271194794811,0.0,1.552271194794811
1371,1,457,batt_tim457,1.2601241151462608,0.0,1.2601241151462608
1374,1,458,batt_tim458,2.0034393488242492,0.0,2.0034393488242492
1377,1,459,batt_tim459,0.6241133999827942,0.0,0.6241133999827942
1380,1,460,batt_tim460,1.1050967285730648,0.0,1.1050967285730648
1383,1,461,batt_tim461,1.7152858859883966,0.0,1.7152858859883966
1386,1,462,batt_tim462,1.7212419362590345,0.0,1.7212419362590345
1389,1,463,batt_tim463,1.3495775656672386,0.0,1.3495775656672386
1392,1,464,batt_tim464,1.890248241088409,0.0,1.890248241088409
1395,1,465,batt_tim465,0.9858065007818095,0.0,0.9858065007818095
1398,1,466,batt_tim466,3.096759312393465,0.0,3.096759312393465
1401,1,467,batt_tim467,0.33389858919368703,0.0,0.33389858919368703
1404,1,468,batt_tim468,1.5662640994265375,0.0,1.5662640994265375
1407,1,469,batt_tim469,0.8506488184758834,0.0,0.8506488184758834
1410,1,470,batt_tim470,0.538648015064,0.0,0.538648015064
1413,1,471,batt_tim471,1.1229701814815913,0.0,1.1229701814815913
1416,1,472,batt_tim472,0.4074643213032325,0.0,0.4074643213032325
1419,1,473,batt_tim473,0.27031490771061006,0.0,0.27031490771061006
1422,1,474,batt_tim474,0.3895599810055205,0.0,0.3895599810055205
1425,1,475,batt_tim475,0.7214969310873132,0.0,0.7214969310873132
1428,1,476,batt_tim476,0.3656997751305585,0.0,0.3656997751305585
1431,1,477,batt_tim477,0.7930335787890205,0.0,0.7930335787890205
1434,1,478,batt_tim478,1.1746313256497998,0.0,1.1746313256497998
1437,1,479,batt_tim479,1.146841012586916,0.0,1.146841012586916
1440,1,480,batt_tim480,0.5247324376010416,0.0,0.5247324376010416
1443,1,481,batt_tim481,1.109096745760058,0.0,1.109096745760058
1446,1,482,batt_tim482,1.0633753713586083,0.0,1.0633753713586083
1449,1,483,batt_tim483,2.289749452838891,0.0,2.289749452838891
1452,1,484,batt_tim484,0.7632399213365725,0.0,0.7632399213365725
1455,1,485,batt_tim485,0.8983956268359805,0.0,0.8983956268359805
1458,1,486,batt_tim486,0.7353767109830375,0.0,0.7353767109830375
1461,1,487,batt_tim487,1.1368447967187525,0.0,1.1368447967187525
1464,1,488,batt_tim488,0.9640009351702261,0.0,0.9640009351702261
1467,1,489,batt_tim489,0.7254550762009445,0.0,0.7254550762009445
1470,1,490,batt_tim490,0.518767973563576,0.0,0.518767973563576
1473,1,491,batt_tim491,1.013693026937861,0.0,1.013693026937861
1476,1,492,batt_tim492,0.3915404825655258,0.0,0.3915404825655258
1479,1,493,batt_tim493,3.078880493335381,0.0,3.078880493335381
1482,1,494,batt_tim494,1.0892212154133496,0.0,1.0892212154133496
1485,1,495,batt_tim495,1.9577299655058589,0.0,1.9577299655058589
1488,1,496,batt_tim496,0.9540728389082882,0.0,0.9540728389082882
1491,1,497,batt_tim497,0.5465776900820796,0.0,0.5465776900820796
1494,1,498,batt_tim498,0.8029578588203942,0.0,0.8029578588203942
1497,1,499,batt_tim499,0.4094531543264704,0.0,0.4094531543264704
1500,1,500,batt_tim500,0.9321271449380869,0.0,0.9321271449380869
1503,1,501,batt_tim501,0.7075975321742382,0.0,0.7075975321742382
1506,1,502,batt_tim502,0.7433280770878173,0.0,0.7433280770878173
1509,1,503,batt_tim503,0.9977613076412448,0.0,0.9977613076412448
1512,1,504,batt_tim504,0.8705787246770008,0.0,0.8705787246770008
1515,1,505,batt_tim505,0.9103116521660167,0.0,0.9103116521660167
1518,1,506,batt_tim506,0.9421352770365101,0.0,0.9421352770365101
1521,1,507,batt_tim507,1.15672474462205,0.0,1.15672474462205
1524,1,508,batt_tim508,0.306096324282738,0.0,0.306096324282738
1527,1,509,batt_tim509,0.39156252566636157,0.0,0.39156252566636157
1530,1,510,batt_tim510,0.3259709375852412,0.0,0.3259709375852412
1533,1,511,batt_tim511,0.8149430705432029,0.0,0.8149430705432029
1536,1,512,batt_tim512,0.44918367551021243,0.0,0.44918367551021243
1539,1,513,batt_tim513,0.6161173485816165,0.0,0.6161173485816165
1542,1,514,batt_tim514,0.8625852553947696,0.0,0.8625852553947696
1545,1,515,batt_tim515,0.7314469613243191,0.0,0.7314469613243191
1548,1,516,batt_tim516,0.8685608782996442,0.0,0.8685608782996442
1551,1,517,batt_tim517,0.6817316768103346,0.0,0.6817316768103346
1554,1,518,batt_tim518,0.4352925510430633,0.0,0.4352925510430633
1557,1,519,batt_tim519,0.35777323022118,0.0,0.35777323022118
1560,1,520,batt_tim520,1.029542414129447,0.0,1.029542414129447
1563,1,521,batt_tim521,0.8268245564188588,0.0,0.8268245564188588
1566,1,522,batt_tim522,0.6996365867261723,0.0,0.6996365867261723
1569,1,523,batt_tim523,0.29218158873414285,0.0,0.29218158873414285
1572,1,524,batt_tim524,0.685690502746748,0.0,0.685690502746748
1575,1,525,batt_tim525,0.6320623163396043,0.0,0.6320623163396043
1578,1,526,batt_tim526,0.5247080205778444,0.0,0.5247080205778444
1581,1,527,batt_tim527,0.5128117085138268,0.0,0.5128117085138268
1584,1,528,batt_tim528,0.4969042698999123,0.0,0.4969042698999123
1587,1,529,batt_tim529,1.5324625879329206,0.0,1.5324625879329206
1590,1,530,batt_tim530,0.9520054605163598,0.0,0.9520054605163598
1593,1,531,batt_tim531,1.1786187211581212,0.0,1.1786187211581212
1596,1,532,batt_tim532,1.4330268712095005,0.0,1.4330268712095005
1599,1,533,batt_tim533,0.35976115007359555,0.0,0.35976115007359555
1602,1,534,batt_tim534,0.5187695950894841,0.0,0.5187695950894841
1605,1,535,batt_tim535,0.7234890666750846,0.0,0.7234890666750846
1608,1,536,batt_tim536,0.5445765501966683,0.0,0.5445765501966683
1611,1,537,batt_tim537,0.6439907923740588,0.0,0.6439907923740588
1614,1,538,batt_tim538,0.4193718571502201,0.0,0.4193718571502201
1617,1,539,batt_tim539,0.5644841493663028,0.0,0.5644841493663028
1620,1,540,batt_tim540,0.7970364834369071,0.0,0.7970364834369071
1623,1,541,batt_tim541,1.1269832789913792,0.0,1.1269832789913792
1626,1,542,batt_tim542,1.1011399306160192,0.0,1.1011399306160192
1629,1,543,batt_tim543,0.8983828680636435,0.0,0.8983828680636435
1632,1,544,batt_tim544,0.969954831777208,0.0,0.969954831777208
1635,1,545,batt_tim545,0.8526713847568825,0.0,0.8526713847568825
1638,1,546,batt_tim546,0.6499515015821947,0.0,0.6499515015821947
1641,1,547,batt_tim547,1.105110912728413,0.0,1.105110912728413
1644,1,548,batt_tim548,0.6718242463615656,0.0,0.6718242463615656
1647,1,549,batt_tim549,1.7690073497843135,0.0,1.7690073497843135
1650,1,550,batt_tim550,0.8546723468267867,0.0,0.8546723468267867
1653,1,551,batt_tim551,0.5425895835727106,0.0,0.5425895835727106
1656,1,552,batt_tim552,0.8924475284365132,0.0,0.8924475284365132
1659,1,553,batt_tim553,0.6539280695003012,0.0,0.6539280695003012
1662,1,554,batt_tim554,1.2898942491902725,0.0,1.2898942491902725
1665,1,555,batt_tim555,0.35975811347479025,0.0,0.35975811347479025
1668,1,556,batt_tim556,1.013623277714036,0.0,1.013623277714036
1671,1,557,batt_tim557,0.9560166875680886,0.0,0.9560166875680886
1674,1,558,batt_tim558,1.1329069460913987,0.0,1.1329069460913987
1677,1,559,batt_tim559,0.6420030967043541,0.0,0.6420030967043541
1680,1,560,batt_tim560,1.0255844630725435,0.0,1.0255844630725435
1683,1,561,batt_tim561,0.7791520161752684,0.0,0.7791520161752684
1686,1,562,batt_tim562,0.5068499742901852,0.0,0.5068499742901852
1689,1,563,batt_tim563,0.908296304370909,0.0,0.908296304370909
1692,1,564,batt_tim564,0.4551350067377994,0.0,0.4551350067377994
1695,1,565,batt_tim565,0.4452322115995823,0.0,0.4452322115995823
1698,1,566,batt_tim566,1.2999150649523878,0.0,1.2999150649523878
1701,1,567,batt_tim567,0.36571088290868464,0.0,0.36571088290868464
1704,1,568,batt_tim568,0.5485592359145259,0.0,0.5485592359145259
1707,1,569,batt_tim569,1.6496910641826803,0.0,1.6496910641826803
1710,1,570,batt_tim570,0.5227258395073217,0.0,0.5227258395073217
1713,1,571,batt_tim571,0.494904058271752,0.0,0.494904058271752
1716,1,572,batt_tim572,1.3834127421401783,0.0,1.3834127421401783
1719,1,573,batt_tim573,0.3140386422826423,0.0,0.3140386422826423
1722,1,574,batt_tim574,0.45116494695665854,0.0,0.45116494695665854
1725,1,575,batt_tim575,0.23850328641833068,0.0,0.23850328641833068
1728,1,576,batt_tim576,1.293963590924503,0.0,1.293963590924503
1731,1,577,batt_tim577,0.6996066756253727,0.0,0.6996066756253727
1734,1,578,batt_tim578,0.8327675167639702,0.0,0.8327675167639702
1737,1,579,batt_tim579,0.8546855371079797,0.0,0.8546855371079797
1740,1,580,batt_tim580,0.7671700523171019,0.0,0.7671700523171019
1743,1,581,batt_tim581,0.751322651891977,0.0,0.751322651891977
1746,1,582,batt_tim582,0.3597665742510956,0.0,0.3597665742510956
1749,1,583,batt_tim583,0.699642221560802,0.0,0.699642221560802
1752,1,584,batt_tim584,1.1945679062090286,0.0,1.1945679062090286
1755,1,585,batt_tim585,1.5462790403136133,0.0,1.5462790403136133
1758,1,586,batt_tim586,1.3774014487940067,0.0,1.3774014487940067
1761,1,587,batt_tim587,1.1666761413532638,0.0,1.1666761413532638
1764,1,588,batt_tim588,0.8566422654721397,0.0,0.8566422654721397
1767,1,589,batt_tim589,0.6876802034792331,0.0,0.6876802034792331
1770,1,590,batt_tim590,1.1150601073234063,0.0,1.1150601073234063
1773,1,591,batt_tim591,0.7433384758189229,0.0,0.7433384758189229
1776,1,592,batt_tim592,0.7830963512519236,0.0,0.7830963512519236
1779,1,593,batt_tim593,0.5366495798021619,0.0,0.5366495798021619
1782,1,594,batt_tim594,2.639564831466959,0.0,2.639564831466959
1785,1,595,batt_tim595,0.5505586477944426,0.0,0.5505586477944426
1788,1,596,batt_tim596,0.7135288198194262,0.0,0.7135288198194262
1791,1,597,batt_tim597,0.43129314014256676,0.0,0.43129314014256676
1794,1,598,batt_tim598,0.43728215750463634,0.0,0.43728215750463634
1797,1,599,batt_tim599,0.47306206221293645,0.0,0.47306206221293645
1800,1,600,batt_tim600,0.27229852325285714,0.0,0.27229852325285714
1803,1,601,batt_tim601,0.6558786680175431,0.0,0.6558786680175431
1806,1,602,batt_tim602,0.5247282141666502,0.0,0.5247282141666502
1809,1,603,batt_tim603,0.5008800673124664,0.0,0.5008800673124664
1812,1,604,batt_tim604,0.24844422663746452,0.0,0.24844422663746452
1815,1,605,batt_tim605,1.0355105746871178,0.0,1.0355105746871178
1818,1,606,batt_tim606,0.5684657545416058,0.0,0.5684657545416058
1821,1,607,batt_tim607,0.9599927653582678,0.0,0.9599927653582678
1824,1,608,batt_tim608,0.2901795926694949,0.0,0.2901795926694949
1827,1,609,batt_tim609,0.31998399851442016,0.0,0.31998399851442016
1830,1,610,batt_tim610,0.5386510562852913,0.0,0.5386510562852913
1833,1,611,batt_tim611,0.5724470192788808,0.0,0.5724470192788808
1836,1,612,batt_tim612,0.6897123401505418,0.0,0.6897123401505418
1839,1,613,batt_tim613,0.6459882404740708,0.0,0.6459882404740708
1842,1,614,batt_tim614,0.4690728744198365,0.0,0.4690728744198365
1845,1,615,batt_tim615,0.574392083286948,0.0,0.574392083286948
1848,1,616,batt_tim616,1.001729112461125,0.0,1.001729112461125
1851,1,617,batt_tim617,0.9858304789144584,0.0,0.9858304789144584
1854,1,618,batt_tim618,0.8646266515058417,0.0,0.8646266515058417
1857,1,619,batt_tim619,1.0355140189715328,0.0,1.0355140189715328
1860,1,620,batt_tim620,1.107065659647892,0.0,1.107065659647892
1863,1,621,batt_tim621,0.717488809567422,0.0,0.717488809567422
1866,1,622,batt_tim622,0.8049461519678629,0.0,0.8049461519678629
1869,1,623,batt_tim623,0.6181254598808444,0.0,0.6181254598808444
1872,1,624,batt_tim624,0.6380030196202634,0.0,0.6380030196202634
1875,1,625,batt_tim625,0.3895584076108492,0.0,0.3895584076108492
1878,1,626,batt_tim626,0.49093867800041097,0.0,0.49093867800041097
1881,1,627,batt_tim627,0.41737659045610503,0.0,0.41737659045610503
1884,1,628,batt_tim628,0.46509480830645483,0.0,0.46509480830645483
1887,1,629,batt_tim629,0.36371618688759594,0.0,0.36371618688759594
1890,1,630,batt_tim630,1.0832171069940384,0.0,1.0832171069940384
1893,1,631,batt_tim631,0.6360098255392199,0.0,0.6360098255392199
1896,1,632,batt_tim632,0.6201248477702818,0.0,0.6201248477702818
1899,1,633,batt_tim633,0.42336052382193284,0.0,0.42336052382193284
1902,1,634,batt_tim634,0.31404164883700697,0.0,0.31404164883700697
1905,1,635,batt_tim635,0.2663377627958432,0.0,0.2663377627958432
1908,1,636,batt_tim636,0.3180068401826935,0.0,0.3180068401826935
1911,1,637,batt_tim637,0.53267046349448,0.0,0.53267046349448
1914,1,638,batt_tim638,0.21664981975463649,0.0,0.21664981975463649
1917,1,639,batt_tim639,0.3736741034436575,0.0,0.3736741034436575
1920,1,640,batt_tim640,0.22856160285415,0.0,0.22856160285415
1923,1,641,batt_tim641,0.26832662067139923,0.0,0.26832662067139923
1926,1,642,batt_tim642,0.9778521269200321,0.0,0.9778521269200321
1929,1,643,batt_tim643,0.46705974093263464,0.0,0.46705974093263464
1932,1,644,batt_tim644,1.023626554753664,0.0,1.023626554753664
1935,1,645,batt_tim645,0.3875911255629535,0.0,0.3875911255629535
1938,1,646,batt_tim646,0.8049721811916173,0.0,0.8049721811916173
1941,1,647,batt_tim647,0.4630986252648187,0.0,0.4630986252648187
1944,1,648,batt_tim648,0.3319217015355244,0.0,0.3319217015355244
1947,1,649,batt_tim649,0.4591317321512253,0.0,0.4591317321512253
1950,1,650,batt_tim650,0.34185259785671696,0.0,0.34185259785671696
1953,1,651,batt_tim651,0.5485516773881719,0.0,0.5485516773881719
1956,1,652,batt_tim652,0.5465906617410641,0.0,0.5465906617410641
1959,1,653,batt_tim653,0.6419958953058753,0.0,0.6419958953058753
1962,1,654,batt_tim654,0.6260677482849623,0.0,0.6260677482849623
1965,1,655,batt_tim655,0.38162424965718283,0.0,0.38162424965718283
1968,1,656,batt_tim656,0.20869352191809187,0.0,0.20869352191809187
1971,1,657,batt_tim657,0.39552181261283326,0.0,0.39552181261283326
1974,1,658,batt_tim658,0.24447916530623592,0.0,0.24447916530623592
1977,1,659,batt_tim659,0.3120547437665498,0.0,0.3120547437665498
1980,1,660,batt_tim660,0.5167635200919275,0.0,0.5167635200919275
1983,1,661,batt_tim661,0.38557919288241277,0.0,0.38557919288241277
1986,1,662,batt_tim662,0.5982732003814877,0.0,0.5982732003814877
1989,1,663,batt_tim663,0.3677074265399366,0.0,0.3677074265399366
1992,1,664,batt_tim664,0.3498090535935689,0.0,0.3498090535935689
1995,1,665,batt_tim665,0.6360393404554415,0.0,0.6360393404554415
1998,1,666,batt_tim666,0.6936494874160234,0.0,0.6936494874160234
2001,1,667,batt_tim667,0.39951015217737973,0.0,0.39951015217737973
2004,1,668,batt_tim668,0.8804704170395871,0.0,0.8804704170395871
2007,1,669,batt_tim669,0.433285635563116,0.0,0.433285635563116
2010,1,670,batt_tim670,0.5843632250203278,0.0,0.5843632250203278
2013,1,671,batt_tim671,0.6280716031054591,0.0,0.6280716031054591
2016,1,672,batt_tim672,0.8606019600231275,0.0,0.8606019600231275
2019,1,673,batt_tim673,0.5624964271366715,0.0,0.5624964271366715
2022,1,674,batt_tim674,0.471047063812956,0.0,0.471047063812956
2025,1,675,batt_tim675,0.26632764492749944,0.0,0.26632764492749944
2028,1,676,batt_tim676,1.0971567639655597,0.0,1.0971567639655597
2031,1,677,batt_tim677,1.2700477917120176,0.0,1.2700477917120176
2034,1,678,batt_tim678,0.5406338214757324,0.0,0.5406338214757324
2037,1,679,batt_tim679,0.5585182629587041,0.0,0.5585182629587041
2040,1,680,batt_tim680,0.38162478385425547,0.0,0.38162478385425547
2043,1,681,batt_tim681,0.6141401367535326,0.0,0.6141401367535326
2046,1,682,batt_tim682,0.9401127483815885,0.0,0.9401127483815885
2049,1,683,batt_tim683,0.5704283545735233,0.0,0.5704283545735233
2052,1,684,batt_tim684,0.4690528055478638,0.0,0.4690528055478638
2055,1,685,batt_tim685,0.6081801129728057,0.0,0.6081801129728057
2058,1,686,batt_tim686,0.3577730309799837,0.0,0.3577730309799837
2061,1,687,batt_tim687,0.36967801020823116,0.0,0.36967801020823116
2064,1,688,batt_tim688,0.20471769952742008,0.0,0.20471769952742008
2067,1,689,batt_tim689,0.3776440704294181,0.0,0.3776440704294181
2070,1,690,batt_tim690,0.2822387084347832,0.0,0.2822387084347832
2073,1,691,batt_tim691,0.35777549156317323,0.0,0.35777549156317323
2076,1,692,batt_tim692,0.7532812001122735,0.0,0.7532812001122735
2079,1,693,batt_tim693,0.40943376998171954,0.0,0.40943376998171954
2082,1,694,batt_tim694,0.3339086268868006,0.0,0.3339086268868006
2085,1,695,batt_tim695,0.3995139144767249,0.0,0.3995139144767249
2088,1,696,batt_tim696,0.88053258939371,0.0,0.88053258939371
2091,1,697,batt_tim697,0.6280485379611591,0.0,0.6280485379611591
2094,1,698,batt_tim698,0.6340428447681836,0.0,0.6340428447681836
2097,1,699,batt_tim699,0.26633287058423516,0.0,0.26633287058423516
2100,1,700,batt_tim700,0.9898333983800001,0.0,0.9898333983800001
2103,1,701,batt_tim701,1.0891506434780456,0.0,1.0891506434780456
2106,1,702,batt_tim702,0.5465645619153475,0.0,0.5465645619153475
2109,1,703,batt_tim703,1.7132525456406669,0.0,1.7132525456406669
2112,1,704,batt_tim704,0.228578777864351,0.0,0.228578777864351
2115,1,705,batt_tim705,0.39553506050099574,0.0,0.39553506050099574
2118,1,706,batt_tim706,1.1110226534750036,0.0,1.1110226534750036
2121,1,707,batt_tim707,0.5823496897138078,0.0,0.5823496897138078
2124,1,708,batt_tim708,0.636016254552035,0.0,0.636016254552035
2127,1,709,batt_tim709,1.0852049493247413,0.0,1.0852049493247413
2130,1,710,batt_tim710,2.188298859372481,0.0,2.188298859372481
2133,1,711,batt_tim711,0.7314066357217999,0.0,0.7314066357217999
2136,1,712,batt_tim712,1.3157203053762436,0.0,1.3157203053762436
2139,1,713,batt_tim713,1.5542820192794868,0.0,1.5542820192794868
2142,1,714,batt_tim714,2.4069807912285475,0.0,2.4069807912285475
2145,1,715,batt_tim715,3.496085588623772,0.0,3.496085588623772
2148,1,716,batt_tim716,2.764651155795027,0.0,2.764651155795027
2151,1,717,batt_tim717,1.4807449069643839,0.0,1.4807449069643839
2154,1,718,batt_tim718,2.8402535064191996,0.0,2.8402535064191996
2157,1,719,batt_tim719,3.714866595050556,0.0,3.714866595050556
2160,1,720,batt_tim720,2.8004581964996262,0.0,2.8004581964996262
2163,1,721,batt_tim721,1.2541520434857942,0.0,1.2541520434857942
2166,1,722,batt_tim722,0.8010071143945025,0.0,0.8010071143945025
2169,1,723,batt_tim723,0.9639840791287849,0.0,0.9639840791287849
2172,1,724,batt_tim724,0.6161591417511584,0.0,0.6161591417511584
2175,1,725,batt_tim725,0.5664748688082156,0.0,0.5664748688082156
2178,1,726,batt_tim726,0.2583919625655606,0.0,0.2583919625655606
2181,1,727,batt_tim727,0.47106361723864976,0.0,0.47106361723864976
2184,1,728,batt_tim728,0.3756461936840704,0.0,0.3756461936840704
2187,1,729,batt_tim729,0.888418466693916,0.0,0.888418466693916
2190,1,730,batt_tim730,0.4034953638514445,0.0,0.4034953638514445
2193,1,731,batt_tim731,1.158722936171012,0.0,1.158722936171012
2196,1,732,batt_tim732,0.17490541126225,0.0,0.17490541126225
2199,1,733,batt_tim733,0.5107928286812031,0.0,0.5107928286812031
2202,1,734,batt_tim734,0.45712128898935867,0.0,0.45712128898935867
2205,1,735,batt_tim735,0.834764434151294,0.0,0.834764434151294
2208,1,736,batt_tim736,0.977874577092058,0.0,0.977874577092058
2211,1,737,batt_tim737,0.35577133144945194,0.0,0.35577133144945194
2214,1,738,batt_tim738,0.3597537156353377,0.0,0.3597537156353377
2217,1,739,batt_tim739,0.35775284997101536,0.0,0.35775284997101536
2220,1,740,batt_tim740,0.6837562582054332,0.0,0.6837562582054332
2223,1,741,batt_tim741,0.7592222234791471,0.0,0.7592222234791471
2226,1,742,batt_tim742,0.26633448391332903,0.0,0.26633448391332903
2229,1,743,batt_tim743,0.2782538394705551,0.0,0.2782538394705551
2232,1,744,batt_tim744,0.4849875321877769,0.0,0.4849875321877769
2235,1,745,batt_tim745,0.37168778927633606,0.0,0.37168778927633606
2238,1,746,batt_tim746,0.2981318361428227,0.0,0.2981318361428227
2241,1,747,batt_tim747,1.633830185028133,0.0,1.633830185028133
2244,1,748,batt_tim748,0.7592638946522051,0.0,0.7592638946522051
2247,1,749,batt_tim749,0.49093606870511425,0.0,0.49093606870511425
2250,1,750,batt_tim750,0.4909134175164352,0.0,0.4909134175164352
2253,1,751,batt_tim751,0.2345381240123663,0.0,0.2345381240123663
2256,1,752,batt_tim752,0.5247361606388284,0.0,0.5247361606388284
2259,1,753,batt_tim753,0.19677703036755909,0.0,0.19677703036755909
2262,1,754,batt_tim754,0.45316438652259816,0.0,0.45316438652259816
2265,1,755,batt_tim755,0.6638292961455877,0.0,0.6638292961455877
2268,1,756,batt_tim756,0.6678455135250451,0.0,0.6678455135250451
2271,1,757,batt_tim757,0.9182600412625687,0.0,0.9182600412625687
2274,1,758,batt_tim758,0.4770342612171189,0.0,0.4770342612171189
2277,1,759,batt_tim759,0.3518110785579642,0.0,0.3518110785579642
2280,1,760,batt_tim760,2.065083788377749,0.0,2.065083788377749
2283,1,761,batt_tim761,0.8526495727951858,0.0,0.8526495727951858
2286,1,762,batt_tim762,0.4988564249835959,0.0,0.4988564249835959
2289,1,763,batt_tim763,0.7473216401464617,0.0,0.7473216401464617
2292,1,764,batt_tim764,0.6677980429364736,0.0,0.6677980429364736
2295,1,765,batt_tim765,0.7652442437355969,0.0,0.7652442437355969
2298,1,766,batt_tim766,0.4233450648004117,0.0,0.4233450648004117
2301,1,767,batt_tim767,0.6459790460414752,0.0,0.6459790460414752
2304,1,768,batt_tim768,0.5803735343599908,0.0,0.5803735343599908
2307,1,769,batt_tim769,0.4392586990977816,0.0,0.4392586990977816
2310,1,770,batt_tim770,0.669805821851339,0.0,0.669805821851339
2313,1,771,batt_tim771,0.8069641968546851,0.0,0.8069641968546851
2316,1,772,batt_tim772,0.4015084812291473,0.0,0.4015084812291473
2319,1,773,batt_tim773,0.5724172658168019,0.0,0.5724172658168019
2322,1,774,batt_tim774,0.21863444124844447,0.0,0.21863444124844447
2325,1,775,batt_tim775,0.9281846420443807,0.0,0.9281846420443807
2328,1,776,batt_tim776,0.33987129032300734,0.0,0.33987129032300734
2331,1,777,batt_tim777,0.6598923807137226,0.0,0.6598923807137226
2334,1,778,batt_tim778,0.37366403308273816,0.0,0.37366403308273816
2337,1,779,batt_tim779,0.5287018478134481,0.0,0.5287018478134481
2340,1,780,batt_tim780,0.7473304316117897,0.0,0.7473304316117897
