ID,Resource,Zone,technology,owner,Total_MW,Start_MW,Change_in_MW,Percent_MW,GWh,Percent_GWh,STOR,VRE,THERM,New_Build
1,pltgu_muara_karang_blok_1__2_,1,ccgt,pln,0.0,1074.0,-1074.0,0.0,0.0,0.0,0,0,1,-1
2,pltu_muara_karan_4_5_,1,coal,pln,0.0,324.0,-324.0,0.0,0.0,0.0,0,0,1,-1
3,pltgu_muara_karang_blok_3_gt,1,ccgt,pln,0.0,300.0,-300.0,0.0,0.0,0.0,0,0,1,-1
4,pltd_senayan,1,diesel,pln,0.0,100.0,-100.0,0.0,0.0,0.0,0,0,1,-1
5,pltgu_priok_blok_1_2__3,1,ccgt,pln,0.0,1815.0,-1815.0,0.0,0.0,0.0,0,0,1,-1
6,pltgu_jawa2,1,ccgt,pln,0.0,600.0,-600.0,0.0,0.0,0.0,0,0,1,-1
7,pltu_ipp_lbe,2,coal,ipp,0.0,625.0,-625.0,0.0,0.0,0.0,0,0,1,-1
8,pltu_suralaya_18,2,coal,pln,0.0,3802.0,-3802.0,0.0,0.0,0.0,0,0,1,-1
9,pltu_jawa7,2,coal,pln,0.0,1882.0,-1882.0,0.0,0.0,0.0,0,0,1,-1
10,pltgu_cilegon,2,ccgt,pln,0.0,660.0,-660.0,0.0,0.0,0.0,0,0,1,-1
11,pltu_lontar_13,2,coal,pln,0.0,30.0,-30.0,0.0,0.0,0.0,0,0,1,-1
12,pltu_labuhan_12,2,coal,pln,0.0,560.0,-560.0,0.0,0.0,0.0,0,0,1,-1
13,pltgu_muara_tawar_blok_1__5,3,ccgt,pln,0.0,829.0,-829.0,0.0,0.0,0.0,0,0,1,-1
14,pltg_muara_tawar_blok_2_3_4,3,gas,pln,0.0,1114.0,-1114.0,0.0,0.0,0.0,0,0,1,-1
15,plta_cirata_18,3,hydropower,pln,984.0,984.0,0.0,2.183173588924388,1322.496,2.7730463441503717,0,0,0,-1
16,plta_saguling_14,3,hydropower,pln,698.0,698.0,0.0,1.5486332978345758,469.056,0.9835296484842273,0,0,0,-1
17,plta_ipp_jatiluhur,3,hydropower,ipp,180.0,180.0,0.0,0.3993610223642172,120.96,0.2536322875747291,0,0,0,-1
18,pltg_ipp_cikarang_listrindo,3,gas,ipp,0.0,150.0,-150.0,0.0,0.0,0.0,0,0,1,-1
19,pltgu_ipp_bekasi_power,3,ccgt,ipp,0.0,119.0,-119.0,0.0,0.0,0.0,0,0,1,-1
20,pltu_indramayu_13,3,coal,pln,0.0,870.0,-870.0,0.0,0.0,0.0,0,0,1,-1
21,pltu_pelabuhan_ratu_13,3,coal,pln,0.0,969.0,-969.0,0.0,0.0,0.0,0,0,1,-1
22,plta_rajamandala,3,hydropower,pln,47.0,47.0,0.0,0.10427760028399007,63.168,0.13245241684458076,0,0,0,-1
23,pltu_ipp_cirebon,3,coal,ipp,0.0,660.0,-660.0,0.0,0.0,0.0,0,0,1,-1
24,plta_jawa_tengah_tersebar_,4,hydropower,pln,296.0,296.0,0.0,0.6567270145544906,370.32794999999936,0.7765139311455005,0,0,0,-1
25,pltp_jawa_tengah_tersebar,4,geothermal,pln,45.0,45.0,0.0,0.0998402555910543,30.23999999999995,0.06340807189368217,0,0,1,-1
26,pltm_jawa_tengah_tersebar,4,hydropower_mini,pln,9.25,9.25,0.0,0.02052271920482783,12.233397546313853,0.02565132774869924,0,0,0,-1
27,pltgu_tambalorok_blok_1__2,4,ccgt,pln,0.0,810.0,-810.0,0.0,0.0,0.0,0,0,1,-1
28,pltgu_tambaklorok,4,ccgt,pln,0.0,110.0,-110.0,0.0,0.0,0.0,0,0,1,-1
29,pltu_ipp_tanjung_jati_b_14,4,coal,pln,0.0,2644.0,-2644.0,0.0,0.0,0.0,0,0,1,-1
30,pltu_rembang_12,4,coal,pln,0.0,560.0,-560.0,0.0,0.0,0.0,0,0,1,-1
31,pltu_adipala,4,coal,pln,0.0,615.0,-615.0,0.0,0.0,0.0,0,0,1,-1
32,pltu_ipp_cilacap_13,4,coal,pln,0.0,1176.0,-1176.0,0.0,0.0,0.0,0,0,1,-1
33,pltu_jawa_8,4,coal,pln,0.0,945.0,-945.0,0.0,0.0,0.0,0,0,1,-1
34,pltu_tanjung_awarwar_12,6,coal,pln,0.0,646.0,-646.0,0.0,0.0,0.0,0,0,1,-1
35,plta_jawa_timur_tersebar,6,hydropower,pln,264.0,264.0,0.0,0.5857294994675186,321.49572449695796,0.6741211644316991,0,0,0,-1
36,pltgu_gresik_blok_13,6,ccgt,pln,0.0,1400.0,-1400.0,0.0,0.0,0.0,0,0,1,-1
37,pltu_gresik_14,6,coal,pln,0.0,493.0,-493.0,0.0,0.0,0.0,0,0,1,-1
38,pltgu_grati_blok_13,6,ccgt,pln,0.0,1394.0,-1394.0,0.0,0.0,0.0,0,0,1,-1
39,grati_addon_blok_2,6,ccgt,pln,0.0,183.0,-183.0,0.0,0.0,0.0,0,0,1,-1
40,pltu_paiton_1_29,6,coal,pln,0.0,1355.0,-1355.0,0.0,0.0,0.0,0,0,1,-1
41,pltu_ipp_paiton_35678,6,coal,ipp,0.0,3253.0,-3253.0,0.0,0.0,0.0,0,0,1,-1
42,pltu_pacitan_12,6,coal,pln,0.0,560.0,-560.0,0.0,0.0,0.0,0,0,1,-1
43,pltg_gilimanuk,7,gas,pln,0.0,130.0,-130.0,0.0,0.0,0.0,0,0,1,-1
44,pltg_pemaron_12,7,gas,pln,0.0,80.0,-80.0,0.0,0.0,0.0,0,0,1,-1
45,pltu_ipp_celukan_bawang_13,7,coal,ipp,0.0,80.0,-80.0,0.0,0.0,0.0,0,0,1,-1
46,pltgdgd_pesenggaran,7,gas,pln,0.0,344.0,-344.0,0.0,0.0,0.0,0,0,1,-1
47,muara_karang,1,ccgt,pln,0.0,200.0,-200.0,0.0,0.0,0.0,0,0,1,0
48,sunter,1,trash,ipp,1.2,35.0,-33.8,0.0026624068157614484,1.6127999999998757,0.0033817638343294604,0,0,0,1
49,jawabali_kuota_tersebar,1,trash,ipp,1.2,50.0,-48.8,0.0026624068157614484,1.612800000000003,0.003381763834329727,0,0,0,1
50,lontar_exp,2,coal,pln,0.0,315.0,-315.0,0.0,0.0,0.0,0,0,1,0
51,ciktok,2,hydropower_mini,ipp,4.2,4.2,0.0,0.009318423855165068,5.644799999999655,0.011836173420153303,0,0,0,0
52,cibareno_1,2,hydropower_mini,ipp,7.2,5.0,2.2,0.01597444089456869,4.838399999999998,0.01014529150298916,0,0,0,1
53,cikamunding,2,hydropower_mini,ipp,7.2,6.0,1.2000000000000002,0.01597444089456869,4.838399999999998,0.01014529150298916,0,0,0,1
54,jawabali_kuota_tersebar,2,hydropower_mini,ipp,43.0,15.0,28.0,0.09540291089811856,28.896,0.06058993536507418,0,0,0,1
55,sepanjang,6,solar,pln,50.0,0.5,49.5,0.11093361732339369,33.6,0.07045341321520253,0,1,0,1
56,palau_panjang_dedieselisasi,2,solar,ipp,50.0,1.0,49.0,0.11093361732339369,10.323799999999999,0.021647230575925828,0,1,0,1
57,banten,2,wind,pln,55.0,100.0,-45.0,0.12202697905573305,10.885435000000001,0.02282488244292346,0,1,0,1
58,jawabali_kuota_tersebar,2,hydropower_mini,ipp,0.0,3.0,-3.0,0.0,0.0,0.0,0,0,0,1
59,sepanjang,6,solar,pln,50.0,1.0,49.0,0.11093361732339369,33.6,0.07045341321520253,0,1,0,1
60,banten,2,wind,pln,55.0,100.0,-45.0,0.12202697905573305,11.35618,0.02381195363351841,0,1,0,1
61,rawadano_ftp2,2,geothermal,ipp,0.0,30.0,-30.0,0.0,0.0,0.0,0,0,1,1
62,gili_iyang_dedieselisasi,6,solar,ipp,50.0,1.6,48.4,0.11093361732339369,67.2,0.14090682643040506,0,1,0,1
63,ketapang_dedieselisasi,6,solar,ipp,50.0,2.0,48.0,0.11093361732339369,10.323799999999999,0.021647230575925828,0,1,0,1
64,jawabali_kuota_tersebar,2,trash,ipp,1.2,40.0,-38.8,0.0026624068157614484,0.2477711999999999,0.0005195335338222197,0,0,0,1
65,jawa9,2,coal,ipp,0.0,1000.0,-1000.0,0.0,0.0,0.0,0,0,1,0
66,raas_dedieselisasi,6,solar,ipp,50.0,2.6,47.4,0.11093361732339369,67.2,0.14090682643040506,0,1,0,1
67,jawa10,2,coal,ipp,0.0,1000.0,-1000.0,0.0,0.0,0.0,0,0,1,0
68,rawadano_ftp2,2,geothermal,ipp,220.0,80.0,140.0,0.4881079162229322,295.68,0.6199900362937822,0,0,1,1
69,karimunjawa,4,solar,pln,50.0,3.0,47.0,0.11093361732339369,67.2,0.14090682643040506,0,1,0,1
70,sapeken_dedieselisasi,6,solar,ipp,0.0,3.2,-3.2,0.0,0.0,0.0,0,1,0,1
71,gili_genting_dedieselisasi,6,solar,ipp,50.0,3.4,46.6,0.11093361732339369,10.323799999999999,0.021647230575925828,0,1,0,1
72,jawabali_kuota_tersebar,2,geothermal,ipp,0.0,40.0,-40.0,0.0,0.0,0.0,0,0,1,1
73,jatigede_ftp2,3,hydropower,pln,55.0,55.0,0.0,0.12202697905573305,73.92,0.15499750907344556,0,0,0,0
74,jatigede_ftp2,3,hydropower,pln,55.0,55.0,0.0,0.12202697905573305,36.96,0.07749875453672278,0,0,0,0
75,jawal,3,ccgt,ipp,0.0,880.0,-880.0,0.0,0.0,0.0,0,0,1,0
76,jawal,3,ccgt,ipp,0.0,880.0,-880.0,0.0,0.0,0.0,0,0,1,0
77,muara_tawar_addon_blok_2,3,ccgt,pln,0.0,150.0,-150.0,0.0,0.0,0.0,0,0,1,0
78,cibanteng,3,hydropower_mini,ipp,4.2,4.2,0.0,0.009318423855165068,5.644799999999989,0.011836173420154002,0,0,0,0
79,cibuni_mandiri,3,hydropower_mini,ipp,2.0,2.0,0.0,0.004437344692935747,1.344,0.0028181365286081015,0,0,0,0
80,ciherang,3,hydropower_mini,ipp,1.5,1.5,0.0,0.0033280085197018106,1.008,0.002113602396456076,0,0,0,0
81,cikaengan,3,hydropower_mini,ipp,5.1,5.1,0.0,0.011315228966986154,3.427200000000004,0.007186248147950667,0,0,0,0
82,cikandang,3,hydropower_mini,ipp,6.0,6.0,0.0,0.013312034078807242,4.032,0.008454409585824304,0,0,0,0
83,cikaso_3,3,hydropower_mini,ipp,9.9,9.9,0.0,0.02196485623003195,6.6527999999999885,0.013949775816610076,0,0,0,0
84,cileunca,3,hydropower_mini,ipp,1.0,1.0,0.0,0.0022186723464678736,0.672,0.0014090682643040507,0,0,0,0
85,muara_tawar_addon_blok_3,3,ccgt,pln,0.0,250.0,-250.0,0.0,0.0,0.0,0,0,1,0
86,muara_tawar_addon_blok_4,3,ccgt,pln,0.0,250.0,-250.0,0.0,0.0,0.0,0,0,1,0
87,cibuni,3,hydropower_mini,ipp,3.2,3.2,0.0,0.007099751508697196,4.300799999999991,0.009018036891545905,0,0,0,0
88,cikaengan2,3,hydropower_mini,ipp,7.2,7.2,0.0,0.01597444089456869,4.838399999999998,0.01014529150298916,0,0,0,0
89,jayamukti,3,hydropower_mini,ipp,2.3,2.3,0.0,0.005102946396876109,1.5456000000000012,0.0032408570078993194,0,0,0,0
90,kertamukti,3,hydropower_mini,ipp,7.2,6.3,0.9000000000000004,0.01597444089456869,4.838399999999998,0.01014529150298916,0,0,0,1
91,pareang,3,hydropower_mini,ipp,7.2,2.8,4.4,0.01597444089456869,4.838399999999998,0.01014529150298916,0,0,0,1
92,nusa_penida,7,solar,pln,50.0,3.5,46.5,0.11093361732339369,33.6,0.07045341321520253,0,1,0,1
93,jawal_ftp2,3,coal,ipp,0.0,924.0,-924.0,0.0,0.0,0.0,0,0,1,0
94,cimandiri,3,hydropower_mini,ipp,7.2,4.4,2.8,0.01597444089456869,9.676799999999997,0.02029058300597832,0,0,0,1
95,jawabali_kuota_tersebar,3,hydropower_mini,ipp,43.0,16.7,26.3,0.09540291089811856,28.896,0.06058993536507418,0,0,0,1
96,patuha_ftp2,3,geothermal,ipp,55.0,55.0,0.0,0.12202697905573305,36.96,0.07749875453672278,0,0,1,0
97,mandangin_dedieselisasi,6,solar,ipp,50.0,4.0,46.0,0.11093361732339369,67.2,0.14090682643040506,0,1,0,1
98,jawa_barat,3,wind,ipp,55.0,60.0,-5.0,0.12202697905573305,11.35618,0.02381195363351841,0,1,0,1
99,jawabali_kuota_tersebar,3,hydropower_mini,ipp,0.0,55.8,-55.8,0.0,0.0,0.0,0,0,0,1
100,cibuni_ftp2,3,geothermal,ipp,220.0,10.0,210.0,0.4881079162229322,147.84,0.3099950181468911,0,0,1,1
101,bawean,6,solar,pln,50.0,5.0,45.0,0.11093361732339369,67.2,0.14090682643040506,0,1,0,1
102,sapudi_dedieselisasi,6,solar,ipp,50.0,7.3,42.7,0.11093361732339369,10.323799999999999,0.021647230575925828,0,1,0,1
103,jawabali_kuota_tersebar,3,hydropower_mini,ipp,7.2,7.5,-0.2999999999999998,0.01597444089456869,1.4866271999999998,0.003117201202933319,0,0,0,1
104,gunung_salak_7,3,geothermal,ipp,220.0,55.0,165.0,0.4881079162229322,147.84,0.3099950181468911,0,0,1,1
105,gunung_salak_8,3,geothermal,,220.0,80.0,140.0,0.4881079162229322,295.68,0.6199900362937822,0,0,1,1
106,gunung_salak_small_scale_binafy,3,geothermal,ipp,220.0,15.0,205.0,0.4881079162229322,295.68,0.6199900362937822,0,0,1,1
107,lisdes,6,solar,pln,50.0,11.9,38.1,0.11093361732339369,67.2,0.14090682643040506,0,1,0,1
108,kangean_dedieselisasi,6,solar,ipp,50.0,16.1,33.9,0.11093361732339369,10.323799999999999,0.021647230575925828,0,1,0,1
109,jawabali_kuota_tersebar,3,trash,ipp,1.2,49.0,-47.8,0.0026624068157614484,0.2477711999999999,0.0005195335338222197,0,0,0,1
110,jawa3_ftp2,3,coal,ipp,0.0,660.0,-660.0,0.0,0.0,0.0,0,0,1,1
111,upper_cisokan_pump_storage_ftp2,3,pumped_storage,pln,260.0,260.0,0.0,0.5768548100816472,349.44,0.7327154974381064,0,0,0,0
112,upper_cisokan_pump_storage,3,pumped_storage,pln,260.0,260.0,0.0,0.5768548100816472,174.72,0.3663577487190532,0,0,0,0
113,upper_cisokan_pump_storage_ftp2,3,pumped_storage,pln,260.0,260.0,0.0,0.5768548100816472,174.72,0.3663577487190532,0,0,0,0
114,upper_cisokan_pump_storage_ftp2,3,pumped_storage,pln,260.0,260.0,0.0,0.5768548100816472,174.72,0.3663577487190532,0,0,0,0
115,jawabali_kuota_tersebar,3,hydropower,ipp,180.0,50.0,130.0,0.3993610223642172,120.96,0.2536322875747291,0,0,0,1
116,jawabali_kuota_tersebar,3,hydropower_mini,ipp,43.0,11.9,31.1,0.09540291089811856,28.896,0.06058993536507418,0,0,0,1
117,patuha_ftp2,3,geothermal,ipp,220.0,55.0,165.0,0.4881079162229322,147.84,0.3099950181468911,0,0,1,1
118,tangkuban_perahu_ftp2,3,geothermal,pln,220.0,20.0,200.0,0.4881079162229322,295.68,0.6199900362937822,0,0,1,1
119,tangkuban_perahu_ftp2,3,geothermal,pln,220.0,20.0,200.0,0.4881079162229322,295.68,0.6199900362937822,0,0,1,1
120,wayang_windu_3_ftp2,3,geothermal,ipp,220.0,60.0,160.0,0.4881079162229322,295.68,0.6199900362937822,0,0,1,1
121,jawa3_ftp2,3,coal,ipp,0.0,660.0,-660.0,0.0,0.0,0.0,0,0,1,1
122,jawabali_kuota_tersebar,2,solar,pln,50.0,20.0,30.0,0.11093361732339369,67.2,0.14090682643040506,0,1,0,1
123,jawabali_kuota_tersebar,2,solar,ipp,50.0,20.0,30.0,0.11093361732339369,9.89585,0.020749893129930412,0,1,0,1
124,jawabali_kuota_tersebar,3,pumped_storage,ipp,180.0,760.0,-580.0,0.3993610223642172,35.625060000000005,0.07469961526774951,0,0,0,1
125,cisolokcisukarame_ftp2,3,geothermal,ipp,220.0,20.0,200.0,0.4881079162229322,147.84,0.3099950181468911,0,0,1,1
126,jawabali_kuota_tersebar,3,geothermal,ipp,220.0,290.0,-70.0,0.4881079162229322,295.68,0.6199900362937822,0,0,1,1
127,tampomas_ftp2,3,geothermal,ipp,220.0,45.0,175.0,0.4881079162229322,295.68,0.6199900362937822,0,0,1,1
128,jawabali_1,4,ccgt,pln,0.0,779.0,-779.0,0.0,0.0,0.0,0,0,1,0
129,gunung_wugul,4,hydropower_mini,ipp,7.2,3.0,4.2,0.01597444089456869,9.460799999999995,0.019837668206737734,0,0,0,1
130,lambur,4,hydropower_mini,ipp,8.0,8.0,0.0,0.01774937877174299,5.284,0.011079637959200302,0,0,0,0
131,pageruyung_1,4,hydropower_mini,ipp,4.4,4.4,0.0,0.009762158324458646,2.8797999999999977,0.006038444624319646,0,0,0,0
132,jawa_tengah_ppp,4,coal,ipp,0.0,950.0,-950.0,0.0,0.0,0.0,0,0,1,0
133,jawa_tengah_ppp,4,coal,ipp,0.0,950.0,-950.0,0.0,0.0,0.0,0,0,1,0
134,jawa4_ftp2,4,coal,ipp,0.0,1000.0,-1000.0,0.0,0.0,0.0,0,0,1,0
135,jawa4_ftp2,4,coal,ipp,0.0,1000.0,-1000.0,0.0,0.0,0.0,0,0,1,0
136,harjosari,4,hydropower_mini,ipp,9.9,9.9,0.0,0.02196485623003195,13.092749999999977,0.027453241841468492,0,0,0,0
137,jawabali_kuota_tersebar,4,hydropower_mini,ipp,7.2,0.4,6.8,0.01597444089456869,4.769999999999997,0.01000186848322964,0,0,0,1
138,surakarta,4,trash,ipp,5.0,5.0,0.0,0.01109336173233937,2.94,0.006164673656330221,0,0,0,0
139,b_anyu_biru,4,hydropower_mini,ipp,0.2,0.2,0.0,0.00044373446929357475,0.26009999999999955,0.0005453849040855402,0,0,0,0
140,gerak_serayu,4,hydropower_mini,ipp,7.2,5.0,2.2,0.01597444089456869,4.769999999999997,0.01000186848322964,0,0,0,1
141,jatibarang,4,hydropower_mini,ipp,7.2,1.5,5.7,0.01597444089456869,4.769999999999997,0.01000186848322964,0,0,0,1
142,jawabali_kuota_tersebar,4,hydropower_mini,ipp,180.0,81.4,98.6,0.3993610223642172,112.50673366666666,0.23590724394376206,0,0,0,1
143,dieng_ftp2,4,geothermal,ipp,55.0,55.0,0.0,0.12202697905573305,36.96,0.07749875453672278,0,0,1,0
144,dieng_small_scale,4,geothermal,ipp,220.0,10.0,210.0,0.4881079162229322,295.68,0.6199900362937822,0,0,1,1
145,dieng_small_scale_binary,4,geothermal,ipp,220.0,10.0,210.0,0.4881079162229322,295.68,0.6199900362937822,0,0,1,1
146,jawabali_kuota_tersebar,2,solar,pln,50.0,25.0,25.0,0.11093361732339369,67.2,0.14090682643040506,0,1,0,1
147,jawabali_kuota_tersebar,4,hydropower_mini,ipp,0.0,32.3,-32.3,0.0,0.0,0.0,0,0,0,1
148,jawabali_kuota_tersebar,4,solar,ipp,50.0,25.0,25.0,0.11093361732339369,33.6,0.07045341321520253,0,1,0,1
149,bali_barat,7,solar,ipp,50.0,25.0,25.0,0.11093361732339369,9.635950000000001,0.02020492759139973,0,1,0,1
150,jawabali_kuota_tersebar,4,hydropower_mini,ipp,43.0,34.4,8.600000000000001,0.09540291089811856,8.590454,0.018012702540719922,0,0,0,1
151,candradimuka,4,geothermal,ipp,220.0,40.0,180.0,0.4881079162229322,147.84,0.3099950181468911,0,0,1,1
152,dieng_ftp2,4,geothermal,ipp,220.0,55.0,165.0,0.4881079162229322,295.68,0.6199900362937822,0,0,1,1
153,dieng_ftp2,4,geothermal,ipp,220.0,55.0,165.0,0.4881079162229322,295.68,0.6199900362937822,0,0,1,1
154,jawabali_kuota_tersebar,4,geothermal,ipp,220.0,70.0,150.0,0.4881079162229322,295.68,0.6199900362937822,0,0,1,1
155,bali_timur,7,solar,ipp,50.0,25.0,25.0,0.11093361732339369,67.2,0.14090682643040506,0,1,0,1
156,jawabali_kuota_tersebar,7,solar,pln,50.0,25.0,25.0,0.11093361732339369,10.268849999999999,0.02153200988973013,0,1,0,1
157,jawabali_kuota_tersebar,4,trash,ipp,0.0,25.0,-25.0,0.0,0.0,0.0,0,0,0,1
158,ungaran_ftp2,4,geothermal,pln,220.0,55.0,165.0,0.4881079162229322,295.68,0.6199900362937822,0,0,1,1
159,jawabali_kuota_tersebar,7,solar,ipp,50.0,25.0,25.0,0.11093361732339369,67.2,0.14090682643040506,0,1,0,1
160,jawabali_kuota_tersebar,7,solar,ipp,50.0,25.0,25.0,0.11093361732339369,10.268849999999999,0.02153200988973013,0,1,0,1
161,baturaden_ftp2,4,geothermal,ipp,0.0,110.0,-110.0,0.0,0.0,0.0,0,0,1,1
162,jawabali_kuota_tersebar,7,solar,pln,50.0,25.0,25.0,0.11093361732339369,67.2,0.14090682643040506,0,1,0,1
163,matenggeng_ps,4,pumped_storage,pln,180.0,235.8,-55.80000000000001,0.3993610223642172,33.33006,0.06988739552581825,0,0,0,1
164,matenggeng_ps,4,pumped_storage,pln,180.0,235.8,-55.80000000000001,0.3993610223642172,112.50673366666666,0.23590724394376206,0,0,0,1
165,matenggeng_ps,4,pumped_storage,pln,180.0,235.8,-55.80000000000001,0.3993610223642172,112.50673366666666,0.23590724394376206,0,0,0,1
166,matenggeng_ps,4,pumped_storage,pln,180.0,235.8,-55.80000000000001,0.3993610223642172,112.50673366666666,0.23590724394376206,0,0,0,1
167,baturaden_ftp2,4,geothermal,ipp,220.0,75.0,145.0,0.4881079162229322,147.84,0.3099950181468911,0,0,1,1
168,jawabali_kuota_tersebar,4,geothermal,ipp,220.0,95.0,125.0,0.4881079162229322,295.68,0.6199900362937822,0,0,1,1
169,jawabali_kuota_tersebar,2,solar,ipp,50.0,40.0,10.0,0.11093361732339369,67.2,0.14090682643040506,0,1,0,1
170,jawabali_kuota_tersebar,4,geothermal,,0.0,115.0,-115.0,0.0,0.0,0.0,0,0,1,1
171,baturaden_ftp2,4,geothermal,ipp,220.0,35.0,185.0,0.4881079162229322,295.68,0.6199900362937822,0,0,1,1
172,guci_ftp2,4,geothermal,ipp,220.0,55.0,165.0,0.4881079162229322,295.68,0.6199900362937822,0,0,1,1
173,jawabali_kuota_tersebar,3,solar,ipp,50.0,40.0,10.0,0.11093361732339369,67.2,0.14090682643040506,0,1,0,1
174,benowo,6,trash,ipp,9.0,9.0,0.0,0.019968051118210862,0.46576799999999996,0.0009766352787624539,0,0,0,0
175,kanzy_1,6,hydropower_mini,ipp,7.2,2.4,4.800000000000001,0.01597444089456869,9.453599999999955,0.019822571046762962,0,0,0,1
176,bayu,6,hydropower_mini,ipp,0.0,3.6,-3.6,0.0,0.0,0.0,0,0,0,1
177,jatimlerek,6,hydropower_mini,ipp,0.0,1.7,-1.7,0.0,0.0,0.0,0,0,0,1
178,sumberarum_2,6,hydropower_mini,ipp,0.0,3.0,-3.0,0.0,0.0,0.0,0,0,0,1
179,jawabali_kuota_tersebar,3,solar,ipp,50.0,40.0,10.0,0.11093361732339369,33.6,0.07045341321520253,0,1,0,1
180,jawabali_kuota_tersebar,4,solar,ipp,50.0,40.0,10.0,0.11093361732339369,9.90755,0.020774426014889283,0,1,0,1
181,jawabali_kuota_tersebar,4,solar,pln,50.0,40.0,10.0,0.11093361732339369,9.635950000000001,0.02020492759139973,0,1,0,1
182,jawabali_kuota_tersebar,2,solar,ipp,50.0,50.0,0.0,0.11093361732339369,9.635950000000001,0.02020492759139973,0,1,0,1
183,jawabali_kuota_tersebar,2,solar,ipp,50.0,50.0,0.0,0.11093361732339369,9.89585,0.020749893129930412,0,1,0,1
184,jawabali_kuota_tersebar,4,solar,pln,50.0,50.0,0.0,0.11093361732339369,9.89585,0.020749893129930412,0,1,0,1
185,jawabali_kuota_tersebar,4,solar,ipp,50.0,50.0,0.0,0.11093361732339369,9.635950000000001,0.02020492759139973,0,1,0,1
186,jawabali_kuota_tersebar,6,solar,pln,0.0,50.0,-50.0,0.0,0.0,0.0,0,1,0,1
187,jawabali_kuota_tersebar,6,solar,ipp,50.0,50.0,0.0,0.11093361732339369,10.323799999999999,0.021647230575925828,0,1,0,1
188,jawabali_kuota_tersebar,6,solar,ipp,50.0,50.0,0.0,0.11093361732339369,10.323799999999999,0.021647230575925828,0,1,0,1
189,jawabali_kuota_tersebar,6,hydropower_mini,ipp,0.0,10.9,-10.9,0.0,0.0,0.0,0,0,0,1
190,ijen_ftp2,6,geothermal,ipp,0.0,55.0,-55.0,0.0,0.0,0.0,0,0,1,1
191,jawabali_kuota_tersebar,6,solar,ipp,50.0,50.0,0.0,0.11093361732339369,67.2,0.14090682643040506,0,1,0,1
192,jawabali_kuota_tersebar,6,solar,ipp,50.0,50.0,0.0,0.11093361732339369,10.323799999999999,0.021647230575925828,0,1,0,1
193,jawabali_kuota_tersebar,6,solar,pln,50.0,50.0,0.0,0.11093361732339369,10.323799999999999,0.021647230575925828,0,1,0,1
194,jawabali_kuota_tersebar,6,hydropower_mini,ipp,0.0,33.7,-33.7,0.0,0.0,0.0,0,0,0,1
195,jawabali_kuota_tersebar,3,solar,pln,50.0,65.0,-15.0,0.11093361732339369,33.6,0.07045341321520253,0,1,0,1
196,jawabali_kuota_tersebar,2,solar,pln,50.0,80.0,-30.0,0.11093361732339369,9.90755,0.020774426014889283,0,1,0,1
197,ijen_ftp2,6,geothermal,ipp,0.0,55.0,-55.0,0.0,0.0,0.0,0,0,1,1
198,jawabali_kuota_tersebar,3,solar,pln,50.0,100.0,-50.0,0.11093361732339369,67.2,0.14090682643040506,0,1,0,1
199,telaga_ngebel_ftp2,6,geothermal,ipp,0.0,55.0,-55.0,0.0,0.0,0.0,0,0,1,1
200,jawabali_kuota_tersebar,3,solar,ipp,50.0,100.0,-50.0,0.11093361732339369,67.2,0.14090682643040506,0,1,0,1
201,jawabali_kuota_tersebar,4,solar,ipp,50.0,100.0,-50.0,0.11093361732339369,9.90755,0.020774426014889283,0,1,0,1
202,jawabali_kuota_tersebar,4,solar,ipp,50.0,100.0,-50.0,0.11093361732339369,9.635950000000001,0.02020492759139973,0,1,0,1
203,jawabali_kuota_tersebar,6,solar,pln,0.0,100.0,-100.0,0.0,0.0,0.0,0,1,0,1
204,jawabali_kuota_tersebar,6,geothermal,ipp,0.0,60.0,-60.0,0.0,0.0,0.0,0,0,1,1
205,jawabali_kuota_tersebar,6,solar,ipp,50.0,100.0,-50.0,0.11093361732339369,67.2,0.14090682643040506,0,1,0,1
206,telaga_ngebel_ftp2,6,geothermal,ipp,0.0,55.0,-55.0,0.0,0.0,0.0,0,0,1,1
207,telaga_ngebel_ftp2,6,geothermal,ipp,41.311923507432034,55.0,-13.688076492567966,0.09165762226533554,55.41902630145852,0.1162041535714534,0,0,1,1
208,grindulu,6,pumped_storage,pln,180.0,250.0,-70.0,0.3993610223642172,200.2930146828858,0.41997995617773753,0,0,0,1
209,grindulu,6,pumped_storage,pln,0.0,250.0,-250.0,0.0,0.0,0.0,0,0,0,1
210,grindulu,6,pumped_storage,plin,0.0,250.0,-250.0,0.0,0.0,0.0,0,0,0,1
211,grindulu,6,pumped_storage,pln,0.0,250.0,-250.0,0.0,0.0,0.0,0,0,0,1
212,jawabali_kuota_tersebar,6,solar,ipp,50.0,100.0,-50.0,0.11093361732339369,33.6,0.07045341321520253,0,1,0,1
213,bali,7,ccgt,pln,0.0,200.0,-200.0,0.0,0.0,0.0,0,0,1,1
214,titab,7,hydropower_mini,ipp,7.2,1.3,5.9,0.01597444089456869,8.34691444218605,0.01750204203176415,0,0,0,1
215,jawabali_kuota_tersebar,3,solar,ipp,50.0,140.0,-90.0,0.11093361732339369,33.6,0.07045341321520253,0,1,0,1
216,cirata,3,solar,ipp,145.0,145.0,0.0,0.3217074902378417,28.731895000000005,0.06024583544317892,0,1,0,0
217,bali,7,ccgt,pln,0.0,100.0,-100.0,0.0,0.0,0.0,0,0,1,1
218,bedugul,7,geothermal,ipp,220.0,10.0,210.0,0.4881079162229322,289.5435477347281,0.6071229527485275,0,0,1,1
219,jawabali_kuota_tersebar,2,solar,ipp,50.0,150.0,-100.0,0.11093361732339369,67.2,0.14090682643040506,0,1,0,1
220,jawabali_kuota_tersebar,3,solar,pln,50.0,180.0,-130.0,0.11093361732339369,9.89585,0.020749893129930412,0,1,0,1
221,jawabali_kuota_tersebar,7,trash,ipp,0.0,19.0,-19.0,0.0,0.0,0.0,0,0,0,1
222,jawabali_kuota_tersebar,4,solar,pln,50.0,190.0,-140.0,0.11093361732339369,67.2,0.14090682643040506,0,1,0,1
223,jawabali_kuota_tersebar,6,solar,pln,0.0,250.0,-250.0,0.0,0.0,0.0,0,1,0,1
224,bedugul,7,geothermal,ipp,0.0,55.0,-55.0,0.0,0.0,0.0,0,0,1,1
225,PLTP_Dieng_(FTP2),4,geothermal,,220.0,55.0,165.0,0.4881079162229322,295.68,0.6199900362937822,0,0,1,1
226,PLTP_Dieng_(FTP2),4,geothermal,,220.0,55.0,165.0,0.4881079162229322,295.68,0.6199900362937822,0,0,1,1
227,PLTP_Dieng_(FTP2),4,geothermal,,220.0,55.0,165.0,0.4881079162229322,295.68,0.6199900362937822,0,0,1,1
228,HLF_Dieng_(H_1-2),4,geothermal,,220.0,55.0,165.0,0.4881079162229322,295.68,0.6199900362937822,0,0,1,1
229,PLTP_Dieng_(FTP2),4,geothermal,,220.0,35.0,185.0,0.4881079162229322,295.68,0.6199900362937822,0,0,1,1
230,PLTP_Dieng_(FTP2),4,geothermal,,220.0,35.0,185.0,0.4881079162229322,295.68,0.6199900362937822,0,0,1,1
231,PLTP_Patuha_(FTP2),6,geothermal,,41.311923507432034,55.0,-13.688076492567966,0.09165762226533554,55.41902630145853,0.1162041535714534,0,0,1,1
232,PLTP_Patuha_(FTP2),6,geothermal,,41.311923507432034,55.0,-13.688076492567966,0.09165762226533554,55.41902630145853,0.1162041535714534,0,0,1,1
233,PLTP_Patuha_(FTP2),6,geothermal,,41.311923507432034,55.0,-13.688076492567966,0.09165762226533554,55.41902630145853,0.1162041535714534,0,0,1,1
234,PLTP_Patuha_(FTP2),6,geothermal,,41.311923507432034,55.0,-13.688076492567966,0.09165762226533554,55.41902630145853,0.1162041535714534,0,0,1,1
235,PLTP_Patuha_(FTP2),6,geothermal,,41.311923507432034,55.0,-13.688076492567966,0.09165762226533554,55.41902630145853,0.1162041535714534,0,0,1,1
236,PLTP_Patuha_(FTP2),6,geothermal,,41.311923507432034,55.0,-13.688076492567966,0.09165762226533554,55.41902630145853,0.1162041535714534,0,0,1,1
237,PLTP_Wayang_Windu_3_(FTP2),3,geothermal,,220.0,40.0,180.0,0.4881079162229322,295.68,0.6199900362937822,0,0,1,1
238,PLTP_Wayang_Windu_4_(FTP2),3,geothermal,,220.0,55.0,165.0,0.4881079162229322,295.68,0.6199900362937822,0,0,1,1
239,PLTP_Gunung_Ungaran,4,geothermal,,220.0,5.0,215.0,0.4881079162229322,295.68,0.6199900362937822,0,0,1,1
240,PLTP_Kaldera_Danau_Banten,2,geothermal,,220.0,110.0,110.0,0.4881079162229322,295.68,0.6199900362937822,0,0,1,1
241,PLTP_Gn_Ciremai,3,geothermal,,220.0,27.0,193.0,0.4881079162229322,295.68,0.6199900362937822,0,0,1,1
242,PLTP_Songgoriti,6,geothermal,,41.311923507432034,35.0,6.311923507432034,0.09165762226533554,55.41902630145853,0.1162041535714534,0,0,1,1
243,PLTP_Gn_Pandan,2,geothermal,,220.0,40.0,180.0,0.4881079162229322,295.68,0.6199900362937822,0,0,1,1
244,PLTP_Gn_Willis,6,geothermal,,41.311923507432034,50.0,-8.688076492567966,0.09165762226533554,55.41902630145853,0.1162041535714534,0,0,1,1
245,PLTA_(PS)_Jatiluhur,3,hydropower,,180.0,760.0,-580.0,0.3993610223642172,241.92,0.5072645751494582,0,0,0,1
246,PLTSa_Bandung,3,trash,,1.2,29.0,-27.8,0.0026624068157614484,0.8064000000000014,0.0016908819171648636,0,0,0,1
247,PLTSa_Bekasi,3,trash,,1.2,12.0,-10.8,0.0026624068157614484,1.612800000000003,0.003381763834329727,0,0,0,1
248,PLTSa_Tangerang,2,trash,,1.2,35.0,-33.8,0.0026624068157614484,1.612800000000003,0.003381763834329727,0,0,0,1
249,PLTSa_Tangerang_Selatan,2,trash,,1.2,20.0,-18.8,0.0026624068157614484,1.612800000000003,0.003381763834329727,0,0,0,1
250,PLTSa_Semarang,4,trash,,1.2,20.0,-18.8,0.0026624068157614484,1.4112000000000025,0.002959043355038512,0,0,0,1
251,PLTB_NEW_1_PLTB_JETP,2,wind,,55.0,375.0,-320.0,0.12202697905573305,73.92,0.15499750907344556,0,1,0,1
252,PLTB_NEW_2_PLTB_JETP,3,wind,,55.0,375.0,-320.0,0.12202697905573305,7.838380000000001,0.01643573288921962,0,1,0,1
253,PLTB_NEW_2_PLTB_JETP,3,wind,,0.0,375.0,-375.0,0.0,0.0,0.0,0,1,0,1
254,PLTB_NEW_3_PLTB_JETP,4,wind,,0.0,375.0,-375.0,0.0,0.0,0.0,0,1,0,1
255,PLTB_NEW_3_PLTB_JETP,4,wind,,0.0,375.0,-375.0,0.0,0.0,0.0,0,1,0,1
256,PLTB_NEW_4_PLTB_JETP,6,wind,,0.0,375.0,-375.0,0.0,0.0,0.0,0,1,0,1
257,PLTB_NEW_4_PLTB_JETP,6,wind,,0.0,375.0,-375.0,0.0,0.0,0.0,0,1,0,1
258,PLTB_NEW_1_PLTB,2,wind,,0.0,100.0,-100.0,0.0,0.0,0.0,0,1,0,1
259,PLTB_NEW_1_PLTB,2,wind,,55.0,100.0,-45.0,0.12202697905573305,7.838380000000001,0.01643573288921962,0,1,0,1
260,PLTB_NEW_1_PLTB,2,wind,,55.0,100.0,-45.0,0.12202697905573305,7.838380000000001,0.01643573288921962,0,1,0,1
261,PLTB_NEW_1_PLTB,2,wind,,55.0,100.0,-45.0,0.12202697905573305,7.838380000000001,0.01643573288921962,0,1,0,1
262,PLTB_NEW_1_PLTB,2,wind,,55.0,100.0,-45.0,0.12202697905573305,7.838380000000001,0.01643573288921962,0,1,0,1
263,PLTB_NEW_1_PLTB,2,wind,,55.0,100.0,-45.0,0.12202697905573305,7.838380000000001,0.01643573288921962,0,1,0,1
264,PLTB_NEW_1_PLTB,2,wind,,55.0,100.0,-45.0,0.12202697905573305,7.838380000000001,0.01643573288921962,0,1,0,1
265,PLTB_NEW_1_PLTB,2,wind,,55.0,100.0,-45.0,0.12202697905573305,7.838380000000001,0.01643573288921962,0,1,0,1
266,PLTB_NEW_1_PLTB,2,wind,,55.0,100.0,-45.0,0.12202697905573305,7.838380000000001,0.01643573288921962,0,1,0,1
267,PLTB_NEW_1_PLTB,2,wind,,55.0,100.0,-45.0,0.12202697905573305,7.838380000000001,0.01643573288921962,0,1,0,1
268,PLTB_NEW_3_PLTB,4,wind,,0.0,100.0,-100.0,0.0,0.0,0.0,0,1,0,1
269,PLTB_NEW_3_PLTB,4,wind,,0.0,100.0,-100.0,0.0,0.0,0.0,0,1,0,1
270,PLTB_KarimunJava,4,wind,,0.0,2.2,-2.2,0.0,0.0,0.0,0,1,0,1
271,PLTS_Sutami_1_Karangkates,6,solar,,0.0,100.0,-100.0,0.0,0.0,0.0,0,1,0,1
272,PLTS_Indramayu,3,solar,,50.0,100.0,-50.0,0.11093361732339369,10.323799999999999,0.021647230575925828,0,1,0,1
273,PLTS_Wiaduk_Jatiluhur,3,solar,,50.0,100.0,-50.0,0.11093361732339369,9.90755,0.020774426014889283,0,1,0,1
274,PLTS_Gajahmungkur_(Hijaunesia),4,solar,,50.0,100.0,-50.0,0.11093361732339369,9.90755,0.020774426014889283,0,1,0,1
275,PLTS_Kedung_Ombo_(Hijaunesia),4,solar,,50.0,50.0,0.0,0.11093361732339369,9.635950000000001,0.02020492759139973,0,1,0,1
276,PLTS_Jatigede_(Hijaunesia),3,solar,,50.0,100.0,-50.0,0.11093361732339369,9.635950000000001,0.02020492759139973,0,1,0,1
277,PLTS_Banyuwangi_(Hijaunesia),6,solar,,0.0,100.0,-100.0,0.0,0.0,0.0,0,1,0,1
278,PLTS_Pasuruan_(Hijaunesia),6,solar,,50.0,100.0,-50.0,0.11093361732339369,10.323799999999999,0.021647230575925828,0,1,0,1
279,PLTS_Banten_(Hijaunesia),2,solar,,50.0,80.0,-30.0,0.11093361732339369,10.323799999999999,0.021647230575925828,0,1,0,1
280,PLTS_Jabar_(Hijaunesia),3,solar,,50.0,80.0,-30.0,0.11093361732339369,9.89585,0.020749893129930412,0,1,0,1
281,PLTS_Banjar_(Hljaunesia),3,solar,,50.0,100.0,-50.0,0.11093361732339369,9.90755,0.020774426014889283,0,1,0,1
282,PLTS_Jateng_1_(Hijaunesia),4,solar,,50.0,90.0,-40.0,0.11093361732339369,9.90755,0.020774426014889283,0,1,0,1
283,PLTS_Jateng_2_(Hijaunesia),4,solar,,50.0,50.0,0.0,0.11093361732339369,9.635950000000001,0.02020492759139973,0,1,0,1
284,PLTS_Guluk_Guluk_(Hijaunesia),6,solar,,0.0,50.0,-50.0,0.0,0.0,0.0,0,1,0,1
285,PLTS_Buleleng_(Hijaunesia),7,solar,,50.0,50.0,0.0,0.11093361732339369,10.323799999999999,0.021647230575925828,0,1,0,1
286,dki_jakarta_geothermal_potential_ruen,1,geothermal,,0.0,0.0,0.0,0.0,0.0,0.0,0,0,1,1
287,banten_geothermal_potential_ruen,2,geothermal,,220.0,365.0,-145.0,0.4881079162229322,295.68,0.6199900362937822,0,0,1,1
288,west_jawa_geothermal_potential_ruen,3,geothermal,,220.0,3765.0,-3545.0,0.4881079162229322,295.68,0.6199900362937822,0,0,1,1
289,central_jawa_geothermal_potential_ruen,4,geothermal,,220.0,1344.0,-1124.0,0.4881079162229322,295.68,0.6199900362937822,0,0,1,1
290,yogyakarta_geothermal_potential_ruen,5,geothermal,,220.0,10.0,210.0,0.4881079162229322,295.67999999999984,0.6199900362937819,0,0,1,1
291,east_jawa_geothermal_potential_ruen,6,geothermal,,41.311923507432034,1012.0,-970.6880764925679,0.09165762226533554,55.41902630145853,0.1162041535714534,0,0,1,1
292,bali_geothermal_potential_ruen,7,geothermal,,220.0,262.0,-42.0,0.4881079162229322,289.5435477347281,0.6071229527485275,0,0,1,1
293,dki_jakarta_hydropower_potential_ruen,1,hydropower,,7.2,0.0,7.2,0.01597444089456869,9.676799999999997,0.02029058300597832,0,0,0,1
294,banten_hydropower_potential_ruen,2,hydropower,,7.2,0.0,7.2,0.01597444089456869,4.838399999999998,0.01014529150298916,0,0,0,1
295,west_jawa_hydropower_potential_ruen,3,hydropower,,180.0,2861.0,-2681.0,0.3993610223642172,120.96,0.2536322875747291,0,0,0,1
296,central_jawa_hydropower_potential_ruen,4,hydropower,,180.0,813.0,-633.0,0.3993610223642172,112.50673366666666,0.23590724394376206,0,0,0,1
297,yogyakarta_hydropower_potential_ruen,5,hydropower,,7.2,0.0,7.2,0.01597444089456869,4.838399999999998,0.01014529150298916,0,0,0,1
298,east_jawa_hydropower_potential_ruen,6,hydropower,,0.0,525.0,-525.0,0.0,0.0,0.0,0,0,0,1
299,bali_hydropower_potential_ruen,7,hydropower,,155.7855578139114,208.0,-52.214442186088604,0.34563710910079737,76.32139423946346,0.16003281921170529,0,0,0,1
300,dki_jakarta_hydropower_mini_potential_ruen,1,hydropower_mini,,7.2,0.0,7.2,0.01597444089456869,4.838399999999998,0.01014529150298916,0,0,0,1
301,banten_hydropower_mini_potential_ruen,2,hydropower_mini,,180.0,72.0,108.0,0.3993610223642172,120.96,0.2536322875747291,0,0,0,1
302,west_jawa_hydropower_mini_potential_ruen,3,hydropower_mini,,180.0,647.0,-467.0,0.3993610223642172,120.96,0.2536322875747291,0,0,0,1
303,central_jawa_hydropower_mini_potential_ruen,4,hydropower_mini,,180.0,1044.0,-864.0,0.3993610223642172,112.50673366666666,0.23590724394376206,0,0,0,1
304,yogyakarta_hydropower_mini_potential_ruen,5,hydropower_mini,,7.2,5.0,2.2,0.01597444089456869,4.838399999999998,0.01014529150298916,0,0,0,1
305,east_jawa_hydropower_mini_potential_ruen,6,hydropower_mini,,0.0,1142.0,-1142.0,0.0,0.0,0.0,0,0,0,1
306,bali_hydropower_mini_potential_ruen,7,hydropower_mini,,0.0,15.0,-15.0,0.0,0.0,0.0,0,0,0,1
307,dki_jakarta_biomass_potential_ruen,1,biomass,,0.5,0.5,0.0,0.0011093361732339368,0.672,0.0014090682643040507,0,0,0,1
308,banten_biomass_potential_ruen,2,biomass,,0.0,347.0,-347.0,0.0,0.0,0.0,0,0,0,1
309,west_jawa_biomass_potential_ruen,3,biomass,,0.0,1980.0,-1980.0,0.0,0.0,0.0,0,0,0,1
310,central_jawa_biomass_potential_ruen,4,biomass,,0.0,1884.0,-1884.0,0.0,0.0,0.0,0,0,0,1
311,yogyakarta_biomass_potential_ruen,5,biomass,,0.0,183.0,-183.0,0.0,0.0,0.0,0,0,0,1
312,east_jawa_biomass_potential_ruen,6,biomass,,0.0,2851.0,-2851.0,0.0,0.0,0.0,0,0,0,1
313,bali_biomass_potential_ruen,7,biomass,,0.0,147.0,-147.0,0.0,0.0,0.0,0,0,0,1
314,dki_jakarta_biogas_potential_ruen,1,biogas,,0.0,126.0,-126.0,0.0,0.0,0.0,0,0,0,1
315,banten_biogas_potential_ruen,2,biogas,,0.0,119.0,-119.0,0.0,0.0,0.0,0,0,0,1
316,west_jawa_biogas_potential_ruen,3,biogas,,0.0,574.0,-574.0,0.0,0.0,0.0,0,0,0,1
317,central_jawa_biogas_potential_ruen,4,biogas,,0.0,348.0,-348.0,0.0,0.0,0.0,0,0,0,1
318,yogyakarta_biogas_potential_ruen,5,biogas,,41.0,41.0,0.0,0.09096556620518281,55.104,0.11554359767293215,0,0,0,1
319,east_jawa_biogas_potential_ruen,6,biogas,,0.0,570.0,-570.0,0.0,0.0,0.0,0,0,0,1
320,bali_biogas_potential_ruen,7,biogas,,0.0,45.0,-45.0,0.0,0.0,0.0,0,0,0,1
321,dki_jakarta_solar_potential_ruen,1,solar,,50.0,225.0,-175.0,0.11093361732339369,67.2,0.14090682643040506,0,1,0,1
322,banten_solar_potential_ruen,2,solar,,50.0,2461.0,-2411.0,0.11093361732339369,9.57255,0.020071988710511517,0,1,0,1
323,west_jawa_solar_potential_ruen,3,solar,,50.0,9099.0,-9049.0,0.11093361732339369,9.89585,0.020749893129930412,0,1,0,1
324,central_jawa_solar_potential_ruen,4,solar,,50.0,8753.0,-8703.0,0.11093361732339369,9.90755,0.020774426014889283,0,1,0,1
325,yogyakarta_solar_potential_ruen,5,solar,,50.0,996.0,-946.0,0.11093361732339369,9.635950000000001,0.02020492759139973,0,1,0,1
326,east_jawa_solar_potential_ruen,6,solar,,50.0,10335.0,-10285.0,0.11093361732339369,10.27075,0.02153599386250123,0,1,0,1
327,bali_solar_potential_ruen,7,solar,,50.0,1254.0,-1204.0,0.11093361732339369,10.323799999999999,0.021647230575925828,0,1,0,1
328,dki_jakarta_wind_potential_ruen,1,wind,,55.0,4.0,51.0,0.12202697905573305,11.295735,0.023685210878703147,0,1,0,1
329,banten_wind_potential_ruen,2,wind,,0.0,1753.0,-1753.0,0.0,0.0,0.0,0,1,0,1
330,west_jawa_wind_potential_ruen,3,wind,,55.0,7036.0,-6981.0,0.12202697905573305,7.838380000000001,0.01643573288921962,0,1,0,1
331,central_jawa_wind_potential_ruen,4,wind,,0.0,5213.0,-5213.0,0.0,0.0,0.0,0,1,0,1
332,yogyakarta_wind_potential_ruen,5,wind,,55.0,1079.0,-1024.0,0.12202697905573305,6.176115000000001,0.01295024946903603,0,1,0,1
333,east_jawa_wind_potential_ruen,6,wind,,0.0,7907.0,-7907.0,0.0,0.0,0.0,0,1,0,1
334,bali_wind_potential_ruen,7,wind,,0.0,1019.0,-1019.0,0.0,0.0,0.0,0,1,0,1
335,gas_candidate_1,1,gas,,0.0,250.0,-250.0,0.0,0.0,0.0,0,0,1,1
336,gas_candidate_2,1,gas,,0.0,250.0,-250.0,0.0,0.0,0.0,0,0,1,1
337,gas_candidate_3,1,gas,,0.0,250.0,-250.0,0.0,0.0,0.0,0,0,1,1
338,gas_candidate_4,1,gas,,0.0,250.0,-250.0,0.0,0.0,0.0,0,0,1,1
339,ccgt_candidate_1,1,ccgt,,0.0,250.0,-250.0,0.0,0.0,0.0,0,0,1,1
340,ccgt_candidate_2,1,ccgt,,0.0,250.0,-250.0,0.0,0.0,0.0,0,0,1,1
341,ccgt_candidate_3,1,ccgt,,0.0,250.0,-250.0,0.0,0.0,0.0,0,0,1,1
342,ccgt_candidate_4,1,ccgt,,0.0,250.0,-250.0,0.0,0.0,0.0,0,0,1,1
343,diesel_candidate_1,1,diesel,,0.0,50.0,-50.0,0.0,0.0,0.0,0,0,1,1
344,diesel_candidate_2,1,diesel,,0.0,50.0,-50.0,0.0,0.0,0.0,0,0,1,1
345,diesel_candidate_3,1,diesel,,0.0,50.0,-50.0,0.0,0.0,0.0,0,0,1,1
346,diesel_candidate_4,1,diesel,,0.0,50.0,-50.0,0.0,0.0,0.0,0,0,1,1
347,gas_candidate_1,2,gas,,0.0,250.0,-250.0,0.0,0.0,0.0,0,0,1,1
348,gas_candidate_2,2,gas,,0.0,250.0,-250.0,0.0,0.0,0.0,0,0,1,1
349,gas_candidate_3,2,gas,,0.0,250.0,-250.0,0.0,0.0,0.0,0,0,1,1
350,gas_candidate_4,2,gas,,0.0,250.0,-250.0,0.0,0.0,0.0,0,0,1,1
351,ccgt_candidate_1,2,ccgt,,0.0,250.0,-250.0,0.0,0.0,0.0,0,0,1,1
352,ccgt_candidate_2,2,ccgt,,0.0,250.0,-250.0,0.0,0.0,0.0,0,0,1,1
353,ccgt_candidate_3,2,ccgt,,0.0,250.0,-250.0,0.0,0.0,0.0,0,0,1,1
354,ccgt_candidate_4,2,ccgt,,0.0,250.0,-250.0,0.0,0.0,0.0,0,0,1,1
355,diesel_candidate_1,2,diesel,,0.0,50.0,-50.0,0.0,0.0,0.0,0,0,1,1
356,diesel_candidate_2,2,diesel,,0.0,50.0,-50.0,0.0,0.0,0.0,0,0,1,1
357,diesel_candidate_3,2,diesel,,0.0,50.0,-50.0,0.0,0.0,0.0,0,0,1,1
358,diesel_candidate_4,2,diesel,,0.0,50.0,-50.0,0.0,0.0,0.0,0,0,1,1
359,gas_candidate_1,3,gas,,0.0,250.0,-250.0,0.0,0.0,0.0,0,0,1,1
360,gas_candidate_2,3,gas,,0.0,250.0,-250.0,0.0,0.0,0.0,0,0,1,1
361,gas_candidate_3,3,gas,,0.0,250.0,-250.0,0.0,0.0,0.0,0,0,1,1
362,gas_candidate_4,3,gas,,0.0,250.0,-250.0,0.0,0.0,0.0,0,0,1,1
363,ccgt_candidate_1,3,ccgt,,0.0,250.0,-250.0,0.0,0.0,0.0,0,0,1,1
364,ccgt_candidate_2,3,ccgt,,0.0,250.0,-250.0,0.0,0.0,0.0,0,0,1,1
365,ccgt_candidate_3,3,ccgt,,0.0,250.0,-250.0,0.0,0.0,0.0,0,0,1,1
366,ccgt_candidate_4,3,ccgt,,0.0,250.0,-250.0,0.0,0.0,0.0,0,0,1,1
367,diesel_candidate_1,3,diesel,,0.0,50.0,-50.0,0.0,0.0,0.0,0,0,1,1
368,diesel_candidate_2,3,diesel,,0.0,50.0,-50.0,0.0,0.0,0.0,0,0,1,1
369,diesel_candidate_3,3,diesel,,0.0,50.0,-50.0,0.0,0.0,0.0,0,0,1,1
370,diesel_candidate_4,3,diesel,,0.0,50.0,-50.0,0.0,0.0,0.0,0,0,1,1
371,gas_candidate_1,4,gas,,0.0,250.0,-250.0,0.0,0.0,0.0,0,0,1,1
372,gas_candidate_2,4,gas,,0.0,250.0,-250.0,0.0,0.0,0.0,0,0,1,1
373,gas_candidate_3,4,gas,,0.0,250.0,-250.0,0.0,0.0,0.0,0,0,1,1
374,gas_candidate_4,4,gas,,0.0,250.0,-250.0,0.0,0.0,0.0,0,0,1,1
375,ccgt_candidate_1,4,ccgt,,0.0,250.0,-250.0,0.0,0.0,0.0,0,0,1,1
376,ccgt_candidate_2,4,ccgt,,0.0,250.0,-250.0,0.0,0.0,0.0,0,0,1,1
377,ccgt_candidate_3,4,ccgt,,0.0,250.0,-250.0,0.0,0.0,0.0,0,0,1,1
378,ccgt_candidate_4,4,ccgt,,0.0,250.0,-250.0,0.0,0.0,0.0,0,0,1,1
379,diesel_candidate_1,4,diesel,,0.0,50.0,-50.0,0.0,0.0,0.0,0,0,1,1
380,diesel_candidate_2,4,diesel,,0.0,50.0,-50.0,0.0,0.0,0.0,0,0,1,1
381,diesel_candidate_3,4,diesel,,0.0,50.0,-50.0,0.0,0.0,0.0,0,0,1,1
382,diesel_candidate_4,4,diesel,,0.0,50.0,-50.0,0.0,0.0,0.0,0,0,1,1
383,gas_candidate_1,5,gas,,0.0,250.0,-250.0,0.0,0.0,0.0,0,0,1,1
384,gas_candidate_2,5,gas,,0.0,250.0,-250.0,0.0,0.0,0.0,0,0,1,1
385,gas_candidate_3,5,gas,,0.0,250.0,-250.0,0.0,0.0,0.0,0,0,1,1
386,gas_candidate_4,5,gas,,0.0,250.0,-250.0,0.0,0.0,0.0,0,0,1,1
387,ccgt_candidate_1,5,ccgt,,0.0,250.0,-250.0,0.0,0.0,0.0,0,0,1,1
388,ccgt_candidate_2,5,ccgt,,0.0,250.0,-250.0,0.0,0.0,0.0,0,0,1,1
389,ccgt_candidate_3,5,ccgt,,0.0,250.0,-250.0,0.0,0.0,0.0,0,0,1,1
390,ccgt_candidate_4,5,ccgt,,0.0,250.0,-250.0,0.0,0.0,0.0,0,0,1,1
391,diesel_candidate_1,5,diesel,,0.0,50.0,-50.0,0.0,0.0,0.0,0,0,1,1
392,diesel_candidate_2,5,diesel,,0.0,50.0,-50.0,0.0,0.0,0.0,0,0,1,1
393,diesel_candidate_3,5,diesel,,0.0,50.0,-50.0,0.0,0.0,0.0,0,0,1,1
394,diesel_candidate_4,5,diesel,,0.0,50.0,-50.0,0.0,0.0,0.0,0,0,1,1
395,gas_candidate_1,6,gas,,0.0,250.0,-250.0,0.0,0.0,0.0,0,0,1,1
396,gas_candidate_2,6,gas,,0.0,250.0,-250.0,0.0,0.0,0.0,0,0,1,1
397,gas_candidate_3,6,gas,,0.0,250.0,-250.0,0.0,0.0,0.0,0,0,1,1
398,gas_candidate_4,6,gas,,0.0,250.0,-250.0,0.0,0.0,0.0,0,0,1,1
399,ccgt_candidate_1,6,ccgt,,0.0,250.0,-250.0,0.0,0.0,0.0,0,0,1,1
400,ccgt_candidate_2,6,ccgt,,0.0,250.0,-250.0,0.0,0.0,0.0,0,0,1,1
401,ccgt_candidate_3,6,ccgt,,0.0,250.0,-250.0,0.0,0.0,0.0,0,0,1,1
402,ccgt_candidate_4,6,ccgt,,0.0,250.0,-250.0,0.0,0.0,0.0,0,0,1,1
403,diesel_candidate_1,6,diesel,,0.0,50.0,-50.0,0.0,0.0,0.0,0,0,1,1
404,diesel_candidate_2,6,diesel,,0.0,50.0,-50.0,0.0,0.0,0.0,0,0,1,1
405,diesel_candidate_3,6,diesel,,0.0,50.0,-50.0,0.0,0.0,0.0,0,0,1,1
406,diesel_candidate_4,6,diesel,,0.0,50.0,-50.0,0.0,0.0,0.0,0,0,1,1
407,gas_candidate_1,7,gas,,0.0,250.0,-250.0,0.0,0.0,0.0,0,0,1,1
408,gas_candidate_2,7,gas,,0.0,250.0,-250.0,0.0,0.0,0.0,0,0,1,1
409,gas_candidate_3,7,gas,,0.0,250.0,-250.0,0.0,0.0,0.0,0,0,1,1
410,gas_candidate_4,7,gas,,0.0,250.0,-250.0,0.0,0.0,0.0,0,0,1,1
411,ccgt_candidate_1,7,ccgt,,0.0,250.0,-250.0,0.0,0.0,0.0,0,0,1,1
412,ccgt_candidate_2,7,ccgt,,0.0,250.0,-250.0,0.0,0.0,0.0,0,0,1,1
413,ccgt_candidate_3,7,ccgt,,0.0,250.0,-250.0,0.0,0.0,0.0,0,0,1,1
414,ccgt_candidate_4,7,ccgt,,0.0,250.0,-250.0,0.0,0.0,0.0,0,0,1,1
415,diesel_candidate_1,7,diesel,,0.0,50.0,-50.0,0.0,0.0,0.0,0,0,1,1
416,diesel_candidate_2,7,diesel,,0.0,50.0,-50.0,0.0,0.0,0.0,0,0,1,1
417,diesel_candidate_3,7,diesel,,0.0,50.0,-50.0,0.0,0.0,0.0,0,0,1,1
418,diesel_candidate_4,7,diesel,,0.0,50.0,-50.0,0.0,0.0,0.0,0,0,1,1
419,battery_candidate,1,battery,,0.0,100.0,-100.0,0.0,0.0,0.0,1,0,0,1
420,battery_candidate,2,battery,,0.0,100.0,-100.0,0.0,0.0,0.0,1,0,0,1
421,battery_candidate,3,battery,,0.0,100.0,-100.0,0.0,0.0,0.0,1,0,0,1
422,battery_candidate,4,battery,,1178.0,100.0,1078.0,2.6135960241391554,235.4358170399997,0.4936683602255333,1,0,0,1
423,battery_candidate,5,battery,,0.0,100.0,-100.0,0.0,0.0,0.0,1,0,0,1
424,battery_candidate,6,battery,,528.0,100.0,428.0,1.1714589989350372,88.0745475398874,0.18467715748719307,1,0,0,1
425,battery_candidate,7,battery,,273.0,100.0,173.0,0.6056975505857295,45.262602353454376,0.0949078817500988,1,0,0,1
