Voll,Demand_Segment,Cost_of_Demand_Curtailment_per_MW,Max_Demand_Curtailment,Rep_Periods,Timesteps_per_Rep_Period,Sub_Weights,corresponding_week,r_id,hour,demand_z1,demand_z2
2000,1,1.0,1.0,8,168,1095,2,1,0,37.4,10.88
,2,0.9,0.04,,,1095,9,2,1,36.85,10.72
,3,0.55,0.024,,,1095,16,3,2,36.3,10.56
,4,0.2,0.003,,,1095,24,4,3,36.3,10.56
,,,,,,1095,32,5,4,36.85,10.72
,,,,,,1095,40,6,5,38.5,11.2
,,,,,,1095,46,7,6,41.25,12.0
,,,,,,1095,52,8,7,44.0,12.8
,,,,,,,,9,8,45.1,13.12
,,,,,,,,10,9,46.2,13.44
,,,,,,,,11,10,46.75,13.6
,,,,,,,,12,11,47.3,13.76
,,,,,,,,13,12,46.75,13.6
,,,,,,,,14,13,46.2,13.44
,,,,,,,,15,14,45.65,13.28
,,,,,,,,16,15,46.75,13.6
,,,,,,,,17,16,49.5,14.4
,,,,,,,,18,17,52.8,15.36
,,,,,,,,19,18,55.0,16.0
,,,,,,,,20,19,53.9,15.68
,,,,,,,,21,20,52.25,15.2
,,,,,,,,22,21,48.4,14.08
,,,,,,,,23,22,44.0,12.8
,,,,,,,,24,23,39.6,11.52
,,,,,,,,25,0,37.4,10.88
,,,,,,,,26,1,36.85,10.72
,,,,,,,,27,2,36.3,10.56
,,,,,,,,28,3,36.3,10.56
,,,,,,,,29,4,36.85,10.72
,,,,,,,,30,5,38.5,11.2
,,,,,,,,31,6,41.25,12.0
,,,,,,,,32,7,44.0,12.8
,,,,,,,,33,8,45.1,13.12
,,,,,,,,34,9,46.2,13.44
,,,,,,,,35,10,46.75,13.6
,,,,,,,,36,11,47.3,13.76
,,,,,,,,37,12,46.75,13.6
,,,,,,,,38,13,46.2,13.44
,,,,,,,,39,14,45.65,13.28
,,,,,,,,40,15,46.75,13.6
,,,,,,,,41,16,49.5,14.4
,,,,,,,,42,17,52.8,15.36
,,,,,,,,43,18,55.0,16.0
,,,,,,,,44,19,53.9,15.68
,,,,,,,,45,20,52.25,15.2
,,,,,,,,46,21,48.4,14.08
,,,,,,,,47,22,44.0,12.8
,,,,,,,,48,23,39.6,11.52
,,,,,,,,49,0,37.4,10.88
,,,,,,,,50,1,36.85,10.72
,,,,,,,,51,2,36.3,10.56
,,,,,,,,52,3,36.3,10.56
,,,,,,,,53,4,36.85,10.72
,,,,,,,,54,5,38.5,11.2
,,,,,,,,55,6,41.25,12.0
,,,,,,,,56,7,44.0,12.8
,,,,,,,,57,8,45.1,13.12
,,,,,,,,58,9,46.2,13.44
,,,,,,,,59,10,46.75,13.6
,,,,,,,,60,11,47.3,13.76
,,,,,,,,61,12,46.75,13.6
,,,,,,,,62,13,46.2,13.44
,,,,,,,,63,14,45.65,13.28
,,,,,,,,64,15,46.75,13.6
,,,,,,,,65,16,49.5,14.4
,,,,,,,,66,17,52.8,15.36
,,,,,,,,67,18,55.0,16.0
,,,,,,,,68,19,53.9,15.68
,,,,,,,,69,20,52.25,15.2
,,,,,,,,70,21,48.4,14.08
,,,,,,,,71,22,44.0,12.8
,,,,,,,,72,23,39.6,11.52
,,,,,,,,73,0,37.4,10.88
,,,,,,,,74,1,36.85,10.72
,,,,,,,,75,2,36.3,10.56
,,,,,,,,76,3,36.3,10.56
,,,,,,,,77,4,36.85,10.72
,,,,,,,,78,5,38.5,11.2
,,,,,,,,79,6,41.25,12.0
,,,,,,,,80,7,44.0,12.8
,,,,,,,,81,8,45.1,13.12
,,,,,,,,82,9,46.2,13.44
,,,,,,,,83,10,46.75,13.6
,,,,,,,,84,11,47.3,13.76
,,,,,,,,85,12,46.75,13.6
,,,,,,,,86,13,46.2,13.44
,,,,,,,,87,14,45.65,13.28
,,,,,,,,88,15,46.75,13.6
,,,,,,,,89,16,49.5,14.4
,,,,,,,,90,17,52.8,15.36
,,,,,,,,91,18,55.0,16.0
,,,,,,,,92,19,53.9,15.68
,,,,,,,,93,20,52.25,15.2
,,,,,,,,94,21,48.4,14.08
,,,,,,,,95,22,44.0,12.8
,,,,,,,,96,23,39.6,11.52
,,,,,,,,97,0,37.4,10.88
,,,,,,,,98,1,36.85,10.72
,,,,,,,,99,2,36.3,10.56
,,,,,,,,100,3,36.3,10.56
,,,,,,,,101,4,36.85,10.72
,,,,,,,,102,5,38.5,11.2
,,,,,,,,103,6,41.25,12.0
,,,,,,,,104,7,44.0,12.8
,,,,,,,,105,8,45.1,13.12
,,,,,,,,106,9,46.2,13.44
,,,,,,,,107,10,46.75,13.6
,,,,,,,,108,11,47.3,13.76
,,,,,,,,109,12,46.75,13.6
,,,,,,,,110,13,46.2,13.44
,,,,,,,,111,14,45.65,13.28
,,,,,,,,112,15,46.75,13.6
,,,,,,,,113,16,49.5,14.4
,,,,,,,,114,17,52.8,15.36
,,,,,,,,115,18,55.0,16.0
,,,,,,,,116,19,53.9,15.68
,,,,,,,,117,20,52.25,15.2
,,,,,,,,118,21,48.4,14.08
,,,,,,,,119,22,44.0,12.8
,,,,,,,,120,23,39.6,11.52
,,,,,,,,121,0,37.4,10.88
,,,,,,,,122,1,36.85,10.72
,,,,,,,,123,2,36.3,10.56
,,,,,,,,124,3,36.3,10.56
,,,,,,,,125,4,36.85,10.72
,,,,,,,,126,5,38.5,11.2
,,,,,,,,127,6,41.25,12.0
,,,,,,,,128,7,44.0,12.8
,,,,,,,,129,8,45.1,13.12
,,,,,,,,130,9,46.2,13.44
,,,,,,,,131,10,46.75,13.6
,,,,,,,,132,11,47.3,13.76
,,,,,,,,133,12,46.75,13.6
,,,,,,,,134,13,46.2,13.44
,,,,,,,,135,14,45.65,13.28
,,,,,,,,136,15,46.75,13.6
,,,,,,,,137,16,49.5,14.4
,,,,,,,,138,17,52.8,15.36
,,,,,,,,139,18,55.0,16.0
,,,,,,,,140,19,53.9,15.68
,,,,,,,,141,20,52.25,15.2
,,,,,,,,142,21,48.4,14.08
,,,,,,,,143,22,44.0,12.8
,,,,,,,,144,23,39.6,11.52
,,,,,,,,145,0,37.4,10.88
,,,,,,,,146,1,36.85,10.72
,,,,,,,,147,2,36.3,10.56
,,,,,,,,148,3,36.3,10.56
,,,,,,,,149,4,36.85,10.72
,,,,,,,,150,5,38.5,11.2
,,,,,,,,151,6,41.25,12.0
,,,,,,,,152,7,44.0,12.8
,,,,,,,,153,8,45.1,13.12
,,,,,,,,154,9,46.2,13.44
,,,,,,,,155,10,46.75,13.6
,,,,,,,,156,11,47.3,13.76
,,,,,,,,157,12,46.75,13.6
,,,,,,,,158,13,46.2,13.44
,,,,,,,,159,14,45.65,13.28
,,,,,,,,160,15,46.75,13.6
,,,,,,,,161,16,49.5,14.4
,,,,,,,,162,17,52.8,15.36
,,,,,,,,163,18,55.0,16.0
,,,,,,,,164,19,53.9,15.68
,,,,,,,,165,20,52.25,15.2
,,,,,,,,166,21,48.4,14.08
,,,,,,,,167,22,44.0,12.8
,,,,,,,,168,23,39.6,11.52
,,,,,,,,169,0,36.278,10.554
,,,,,,,,170,1,35.745,10.398
,,,,,,,,171,2,35.211,10.243
,,,,,,,,172,3,35.211,10.243
,,,,,,,,173,4,35.745,10.398
,,,,,,,,174,5,37.345,10.864
,,,,,,,,175,6,40.012,11.64
,,,,,,,,176,7,42.68,12.416
,,,,,,,,177,8,43.747,12.726
,,,,,,,,178,9,44.814,13.037
,,,,,,,,179,10,45.347,13.192
,,,,,,,,180,11,45.881,13.347
,,,,,,,,181,12,45.347,13.192
,,,,,,,,182,13,44.814,13.037
,,,,,,,,183,14,44.28,12.882
,,,,,,,,184,15,45.347,13.192
,,,,,,,,185,16,48.015,13.968
,,,,,,,,186,17,51.216,14.899
,,,,,,,,187,18,53.35,15.52
,,,,,,,,188,19,52.283,15.21
,,,,,,,,189,20,50.682,14.744
,,,,,,,,190,21,46.948,13.658
,,,,,,,,191,22,42.68,12.416
,,,,,,,,192,23,38.412,11.174
,,,,,,,,193,0,36.278,10.554
,,,,,,,,194,1,35.745,10.398
,,,,,,,,195,2,35.211,10.243
,,,,,,,,196,3,35.211,10.243
,,,,,,,,197,4,35.745,10.398
,,,,,,,,198,5,37.345,10.864
,,,,,,,,199,6,40.012,11.64
,,,,,,,,200,7,42.68,12.416
,,,,,,,,201,8,43.747,12.726
,,,,,,,,202,9,44.814,13.037
,,,,,,,,203,10,45.347,13.192
,,,,,,,,204,11,45.881,13.347
,,,,,,,,205,12,45.347,13.192
,,,,,,,,206,13,44.814,13.037
,,,,,,,,207,14,44.28,12.882
,,,,,,,,208,15,45.347,13.192
,,,,,,,,209,16,48.015,13.968
,,,,,,,,210,17,51.216,14.899
,,,,,,,,211,18,53.35,15.52
,,,,,,,,212,19,52.283,15.21
,,,,,,,,213,20,50.682,14.744
,,,,,,,,214,21,46.948,13.658
,,,,,,,,215,22,42.68,12.416
,,,,,,,,216,23,38.412,11.174
,,,,,,,,217,0,36.278,10.554
,,,,,,,,218,1,35.745,10.398
,,,,,,,,219,2,35.211,10.243
,,,,,,,,220,3,35.211,10.243
,,,,,,,,221,4,35.745,10.398
,,,,,,,,222,5,37.345,10.864
,,,,,,,,223,6,40.012,11.64
,,,,,,,,224,7,42.68,12.416
,,,,,,,,225,8,43.747,12.726
,,,,,,,,226,9,44.814,13.037
,,,,,,,,227,10,45.347,13.192
,,,,,,,,228,11,45.881,13.347
,,,,,,,,229,12,45.347,13.192
,,,,,,,,230,13,44.814,13.037
,,,,,,,,231,14,44.28,12.882
,,,,,,,,232,15,45.347,13.192
,,,,,,,,233,16,48.015,13.968
,,,,,,,,234,17,51.216,14.899
,,,,,,,,235,18,53.35,15.52
,,,,,,,,236,19,52.283,15.21
,,,,,,,,237,20,50.682,14.744
,,,,,,,,238,21,46.948,13.658
,,,,,,,,239,22,42.68,12.416
,,,,,,,,240,23,38.412,11.174
,,,,,,,,241,0,36.278,10.554
,,,,,,,,242,1,35.745,10.398
,,,,,,,,243,2,35.211,10.243
,,,,,,,,244,3,35.211,10.243
,,,,,,,,245,4,35.745,10.398
,,,,,,,,246,5,37.345,10.864
,,,,,,,,247,6,40.012,11.64
,,,,,,,,248,7,42.68,12.416
,,,,,,,,249,8,43.747,12.726
,,,,,,,,250,9,44.814,13.037
,,,,,,,,251,10,45.347,13.192
,,,,,,,,252,11,45.881,13.347
,,,,,,,,253,12,45.347,13.192
,,,,,,,,254,13,44.814,13.037
,,,,,,,,255,14,44.28,12.882
,,,,,,,,256,15,45.347,13.192
,,,,,,,,257,16,48.015,13.968
,,,,,,,,258,17,51.216,14.899
,,,,,,,,259,18,53.35,15.52
,,,,,,,,260,19,52.283,15.21
,,,,,,,,261,20,50.682,14.744
,,,,,,,,262,21,46.948,13.658
,,,,,,,,263,22,42.68,12.416
,,,,,,,,264,23,38.412,11.174
,,,,,,,,265,0,36.278,10.554
,,,,,,,,266,1,35.745,10.398
,,,,,,,,267,2,35.211,10.243
,,,,,,,,268,3,35.211,10.243
,,,,,,,,269,4,35.745,10.398
,,,,,,,,270,5,37.345,10.864
,,,,,,,,271,6,40.012,11.64
,,,,,,,,272,7,42.68,12.416
,,,,,,,,273,8,43.747,12.726
,,,,,,,,274,9,44.814,13.037
,,,,,,,,275,10,45.347,13.192
,,,,,,,,276,11,45.881,13.347
,,,,,,,,277,12,45.347,13.192
,,,,,,,,278,13,44.814,13.037
,,,,,,,,279,14,44.28,12.882
,,,,,,,,280,15,45.347,13.192
,,,,,,,,281,16,48.015,13.968
,,,,,,,,282,17,51.216,14.899
,,,,,,,,283,18,53.35,15.52
,,,,,,,,284,19,52.283,15.21
,,,,,,,,285,20,50.682,14.744
,,,,,,,,286,21,46.948,13.658
,,,,,,,,287,22,42.68,12.416
,,,,,,,,288,23,38.412,11.174
,,,,,,,,289,0,36.278,10.554
,,,,,,,,290,1,35.745,10.398
,,,,,,,,291,2,35.211,10.243
,,,,,,,,292,3,35.211,10.243
,,,,,,,,293,4,35.745,10.398
,,,,,,,,294,5,37.345,10.864
,,,,,,,,295,6,40.012,11.64
,,,,,,,,296,7,42.68,12.416
,,,,,,,,297,8,43.747,12.726
,,,,,,,,298,9,44.814,13.037
,,,,,,,,299,10,45.347,13.192
,,,,,,,,300,11,45.881,13.347
,,,,,,,,301,12,45.347,13.192
,,,,,,,,302,13,44.814,13.037
,,,,,,,,303,14,44.28,12.882
,,,,,,,,304,15,45.347,13.192
,,,,,,,,305,16,48.015,13.968
,,,,,,,,306,17,51.216,14.899
,,,,,,,,307,18,53.35,15.52
,,,,,,,,308,19,52.283,15.21
,,,,,,,,309,20,50.682,14.744
,,,,,,,,310,21,46.948,13.658
,,,,,,,,311,22,42.68,12.416
,,,,,,,,312,23,38.412,11.174
,,,,,,,,313,0,36.278,10.554
,,,,,,,,314,1,35.745,10.398
,,,,,,,,315,2,35.211,10.243
,,,,,,,,316,3,35.211,10.243
,,,,,,,,317,4,35.745,10.398
,,,,,,,,318,5,37.345,10.864
,,,,,,,,319,6,40.012,11.64
,,,,,,,,320,7,42.68,12.416
,,,,,,,,321,8,43.747,12.726
,,,,,,,,322,9,44.814,13.037
,,,,,,,,323,10,45.347,13.192
,,,,,,,,324,11,45.881,13.347
,,,,,,,,325,12,45.347,13.192
,,,,,,,,326,13,44.814,13.037
,,,,,,,,327,14,44.28,12.882
,,,,,,,,328,15,45.347,13.192
,,,,,,,,329,16,48.015,13.968
,,,,,,,,330,17,51.216,14.899
,,,,,,,,331,18,53.35,15.52
,,,,,,,,332,19,52.283,15.21
,,,,,,,,333,20,50.682,14.744
,,,,,,,,334,21,46.948,13.658
,,,,,,,,335,22,42.68,12.416
,,,,,,,,336,23,38.412,11.174
,,,,,,,,337,0,35.53,10.336
,,,,,,,,338,1,35.008,10.184
,,,,,,,,339,2,34.485,10.032
,,,,,,,,340,3,34.485,10.032
,,,,,,,,341,4,35.008,10.184
,,,,,,,,342,5,36.575,10.64
,,,,,,,,343,6,39.188,11.4
,,,,,,,,344,7,41.8,12.16
,,,,,,,,345,8,42.845,12.464
,,,,,,,,346,9,43.89,12.768
,,,,,,,,347,10,44.413,12.92
,,,,,,,,348,11,44.935,13.072
,,,,,,,,349,12,44.413,12.92
,,,,,,,,350,13,43.89,12.768
,,,,,,,,351,14,43.367,12.616
,,,,,,,,352,15,44.413,12.92
,,,,,,,,353,16,47.025,13.68
,,,,,,,,354,17,50.16,14.592
,,,,,,,,355,18,52.25,15.2
,,,,,,,,356,19,51.205,14.896
,,,,,,,,357,20,49.637,14.44
,,,,,,,,358,21,45.98,13.376
,,,,,,,,359,22,41.8,12.16
,,,,,,,,360,23,37.62,10.944
,,,,,,,,361,0,35.53,10.336
,,,,,,,,362,1,35.008,10.184
,,,,,,,,363,2,34.485,10.032
,,,,,,,,364,3,34.485,10.032
,,,,,,,,365,4,35.008,10.184
,,,,,,,,366,5,36.575,10.64
,,,,,,,,367,6,39.188,11.4
,,,,,,,,368,7,41.8,12.16
,,,,,,,,369,8,42.845,12.464
,,,,,,,,370,9,43.89,12.768
,,,,,,,,371,10,44.413,12.92
,,,,,,,,372,11,44.935,13.072
,,,,,,,,373,12,44.413,12.92
,,,,,,,,374,13,43.89,12.768
,,,,,,,,375,14,43.367,12.616
,,,,,,,,376,15,44.413,12.92
,,,,,,,,377,16,47.025,13.68
,,,,,,,,378,17,50.16,14.592
,,,,,,,,379,18,52.25,15.2
,,,,,,,,380,19,51.205,14.896
,,,,,,,,381,20,49.637,14.44
,,,,,,,,382,21,45.98,13.376
,,,,,,,,383,22,41.8,12.16
,,,,,,,,384,23,37.62,10.944
,,,,,,,,385,0,35.53,10.336
,,,,,,,,386,1,35.008,10.184
,,,,,,,,387,2,34.485,10.032
,,,,,,,,388,3,34.485,10.032
,,,,,,,,389,4,35.008,10.184
,,,,,,,,390,5,36.575,10.64
,,,,,,,,391,6,39.188,11.4
,,,,,,,,392,7,41.8,12.16
,,,,,,,,393,8,42.845,12.464
,,,,,,,,394,9,43.89,12.768
,,,,,,,,395,10,44.413,12.92
,,,,,,,,396,11,44.935,13.072
,,,,,,,,397,12,44.413,12.92
,,,,,,,,398,13,43.89,12.768
,,,,,,,,399,14,43.367,12.616
,,,,,,,,400,15,44.413,12.92
,,,,,,,,401,16,47.025,13.68
,,,,,,,,402,17,50.16,14.592
,,,,,,,,403,18,52.25,15.2
,,,,,,,,404,19,51.205,14.896
,,,,,,,,405,20,49.637,14.44
,,,,,,,,406,21,45.98,13.376
,,,,,,,,407,22,41.8,12.16
,,,,,,,,408,23,37.62,10.944
,,,,,,,,409,0,35.53,10.336
,,,,,,,,410,1,35.008,10.184
,,,,,,,,411,2,34.485,10.032
,,,,,,,,412,3,34.485,10.032
,,,,,,,,413,4,35.008,10.184
,,,,,,,,414,5,36.575,10.64
,,,,,,,,415,6,39.188,11.4
,,,,,,,,416,7,41.8,12.16
,,,,,,,,417,8,42.845,12.464
,,,,,,,,418,9,43.89,12.768
,,,,,,,,419,10,44.413,12.92
,,,,,,,,420,11,44.935,13.072
,,,,,,,,421,12,44.413,12.92
,,,,,,,,422,13,43.89,12.768
,,,,,,,,423,14,43.367,12.616
,,,,,,,,424,15,44.413,12.92
,,,,,,,,425,16,47.025,13.68
,,,,,,,,426,17,50.16,14.592
,,,,,,,,427,18,52.25,15.2
,,,,,,,,428,19,51.205,14.896
,,,,,,,,429,20,49.637,14.44
,,,,,,,,430,21,45.98,13.376
,,,,,,,,431,22,41.8,12.16
,,,,,,,,432,23,37.62,10.944
,,,,,,,,433,0,35.53,10.336
,,,,,,,,434,1,35.008,10.184
,,,,,,,,435,2,34.485,10.032
,,,,,,,,436,3,34.485,10.032
,,,,,,,,437,4,35.008,10.184
,,,,,,,,438,5,36.575,10.64
,,,,,,,,439,6,39.188,11.4
,,,,,,,,440,7,41.8,12.16
,,,,,,,,441,8,42.845,12.464
,,,,,,,,442,9,43.89,12.768
,,,,,,,,443,10,44.413,12.92
,,,,,,,,444,11,44.935,13.072
,,,,,,,,445,12,44.413,12.92
,,,,,,,,446,13,43.89,12.768
,,,,,,,,447,14,43.367,12.616
,,,,,,,,448,15,44.413,12.92
,,,,,,,,449,16,47.025,13.68
,,,,,,,,450,17,50.16,14.592
,,,,,,,,451,18,52.25,15.2
,,,,,,,,452,19,51.205,14.896
,,,,,,,,453,20,49.637,14.44
,,,,,,,,454,21,45.98,13.376
,,,,,,,,455,22,41.8,12.16
,,,,,,,,456,23,37.62,10.944
,,,,,,,,457,0,35.53,10.336
,,,,,,,,458,1,35.008,10.184
,,,,,,,,459,2,34.485,10.032
,,,,,,,,460,3,34.485,10.032
,,,,,,,,461,4,35.008,10.184
,,,,,,,,462,5,36.575,10.64
,,,,,,,,463,6,39.188,11.4
,,,,,,,,464,7,41.8,12.16
,,,,,,,,465,8,42.845,12.464
,,,,,,,,466,9,43.89,12.768
,,,,,,,,467,10,44.413,12.92
,,,,,,,,468,11,44.935,13.072
,,,,,,,,469,12,44.413,12.92
,,,,,,,,470,13,43.89,12.768
,,,,,,,,471,14,43.367,12.616
,,,,,,,,472,15,44.413,12.92
,,,,,,,,473,16,47.025,13.68
,,,,,,,,474,17,50.16,14.592
,,,,,,,,475,18,52.25,15.2
,,,,,,,,476,19,51.205,14.896
,,,,,,,,477,20,49.637,14.44
,,,,,,,,478,21,45.98,13.376
,,,,,,,,479,22,41.8,12.16
,,,,,,,,480,23,37.62,10.944
,,,,,,,,481,0,35.53,10.336
,,,,,,,,482,1,35.008,10.184
,,,,,,,,483,2,34.485,10.032
,,,,,,,,484,3,34.485,10.032
,,,,,,,,485,4,35.008,10.184
,,,,,,,,486,5,36.575,10.64
,,,,,,,,487,6,39.188,11.4
,,,,,,,,488,7,41.8,12.16
,,,,,,,,489,8,42.845,12.464
,,,,,,,,490,9,43.89,12.768
,,,,,,,,491,10,44.413,12.92
,,,,,,,,492,11,44.935,13.072
,,,,,,,,493,12,44.413,12.92
,,,,,,,,494,13,43.89,12.768
,,,,,,,,495,14,43.367,12.616
,,,,,,,,496,15,44.413,12.92
,,,,,,,,497,16,47.025,13.68
,,,,,,,,498,17,50.16,14.592
,,,,,,,,499,18,52.25,15.2
,,,,,,,,500,19,51.205,14.896
,,,,,,,,501,20,49.637,14.44
,,,,,,,,502,21,45.98,13.376
,,,,,,,,503,22,41.8,12.16
,,,,,,,,504,23,37.62,10.944
,,,,,,,,505,0,38.148,11.098
,,,,,,,,506,1,37.587,10.934
,,,,,,,,507,2,37.026,10.771
,,,,,,,,508,3,37.026,10.771
,,,,,,,,509,4,37.587,10.934
,,,,,,,,510,5,39.27,11.424
,,,,,,,,511,6,42.075,12.24
,,,,,,,,512,7,44.88,13.056
,,,,,,,,513,8,46.002,13.382
,,,,,,,,514,9,47.124,13.709
,,,,,,,,515,10,47.685,13.872
,,,,,,,,516,11,48.246,14.035
,,,,,,,,517,12,47.685,13.872
,,,,,,,,518,13,47.124,13.709
,,,,,,,,519,14,46.563,13.546
,,,,,,,,520,15,47.685,13.872
,,,,,,,,521,16,50.49,14.688
,,,,,,,,522,17,53.856,15.667
,,,,,,,,523,18,56.1,16.32
,,,,,,,,524,19,54.978,15.994
,,,,,,,,525,20,53.295,15.504
,,,,,,,,526,21,49.368,14.362
,,,,,,,,527,22,44.88,13.056
,,,,,,,,528,23,40.392,11.75
,,,,,,,,529,0,38.148,11.098
,,,,,,,,530,1,37.587,10.934
,,,,,,,,531,2,37.026,10.771
,,,,,,,,532,3,37.026,10.771
,,,,,,,,533,4,37.587,10.934
,,,,,,,,534,5,39.27,11.424
,,,,,,,,535,6,42.075,12.24
,,,,,,,,536,7,44.88,13.056
,,,,,,,,537,8,46.002,13.382
,,,,,,,,538,9,47.124,13.709
,,,,,,,,539,10,47.685,13.872
,,,,,,,,540,11,48.246,14.035
,,,,,,,,541,12,47.685,13.872
,,,,,,,,542,13,47.124,13.709
,,,,,,,,543,14,46.563,13.546
,,,,,,,,544,15,47.685,13.872
,,,,,,,,545,16,50.49,14.688
,,,,,,,,546,17,53.856,15.667
,,,,,,,,547,18,56.1,16.32
,,,,,,,,548,19,54.978,15.994
,,,,,,,,549,20,53.295,15.504
,,,,,,,,550,21,49.368,14.362
,,,,,,,,551,22,44.88,13.056
,,,,,,,,552,23,40.392,11.75
,,,,,,,,553,0,38.148,11.098
,,,,,,,,554,1,37.587,10.934
,,,,,,,,555,2,37.026,10.771
,,,,,,,,556,3,37.026,10.771
,,,,,,,,557,4,37.587,10.934
,,,,,,,,558,5,39.27,11.424
,,,,,,,,559,6,42.075,12.24
,,,,,,,,560,7,44.88,13.056
,,,,,,,,561,8,46.002,13.382
,,,,,,,,562,9,47.124,13.709
,,,,,,,,563,10,47.685,13.872
,,,,,,,,564,11,48.246,14.035
,,,,,,,,565,12,47.685,13.872
,,,,,,,,566,13,47.124,13.709
,,,,,,,,567,14,46.563,13.546
,,,,,,,,568,15,47.685,13.872
,,,,,,,,569,16,50.49,14.688
,,,,,,,,570,17,53.856,15.667
,,,,,,,,571,18,56.1,16.32
,,,,,,,,572,19,54.978,15.994
,,,,,,,,573,20,53.295,15.504
,,,,,,,,574,21,49.368,14.362
,,,,,,,,575,22,44.88,13.056
,,,,,,,,576,23,40.392,11.75
,,,,,,,,577,0,38.148,11.098
,,,,,,,,578,1,37.587,10.934
,,,,,,,,579,2,37.026,10.771
,,,,,,,,580,3,37.026,10.771
,,,,,,,,581,4,37.587,10.934
,,,,,,,,582,5,39.27,11.424
,,,,,,,,583,6,42.075,12.24
,,,,,,,,584,7,44.88,13.056
,,,,,,,,585,8,46.002,13.382
,,,,,,,,586,9,47.124,13.709
,,,,,,,,587,10,47.685,13.872
,,,,,,,,588,11,48.246,14.035
,,,,,,,,589,12,47.685,13.872
,,,,,,,,590,13,47.124,13.709
,,,,,,,,591,14,46.563,13.546
,,,,,,,,592,15,47.685,13.872
,,,,,,,,593,16,50.49,14.688
,,,,,,,,594,17,53.856,15.667
,,,,,,,,595,18,56.1,16.32
,,,,,,,,596,19,54.978,15.994
,,,,,,,,597,20,53.295,15.504
,,,,,,,,598,21,49.368,14.362
,,,,,,,,599,22,44.88,13.056
,,,,,,,,600,23,40.392,11.75
,,,,,,,,601,0,38.148,11.098
,,,,,,,,602,1,37.587,10.934
,,,,,,,,603,2,37.026,10.771
,,,,,,,,604,3,37.026,10.771
,,,,,,,,605,4,37.587,10.934
,,,,,,,,606,5,39.27,11.424
,,,,,,,,607,6,42.075,12.24
,,,,,,,,608,7,44.88,13.056
,,,,,,,,609,8,46.002,13.382
,,,,,,,,610,9,47.124,13.709
,,,,,,,,611,10,47.685,13.872
,,,,,,,,612,11,48.246,14.035
,,,,,,,,613,12,47.685,13.872
,,,,,,,,614,13,47.124,13.709
,,,,,,,,615,14,46.563,13.546
,,,,,,,,616,15,47.685,13.872
,,,,,,,,617,16,50.49,14.688
,,,,,,,,618,17,53.856,15.667
,,,,,,,,619,18,56.1,16.32
,,,,,,,,620,19,54.978,15.994
,,,,,,,,621,20,53.295,15.504
,,,,,,,,622,21,49.368,14.362
,,,,,,,,623,22,44.88,13.056
,,,,,,,,624,23,40.392,11.75
,,,,,,,,625,0,38.148,11.098
,,,,,,,,626,1,37.587,10.934
,,,,,,,,627,2,37.026,10.771
,,,,,,,,628,3,37.026,10.771
,,,,,,,,629,4,37.587,10.934
,,,,,,,,630,5,39.27,11.424
,,,,,,,,631,6,42.075,12.24
,,,,,,,,632,7,44.88,13.056
,,,,,,,,633,8,46.002,13.382
,,,,,,,,634,9,47.124,13.709
,,,,,,,,635,10,47.685,13.872
,,,,,,,,636,11,48.246,14.035
,,,,,,,,637,12,47.685,13.872
,,,,,,,,638,13,47.124,13.709
,,,,,,,,639,14,46.563,13.546
,,,,,,,,640,15,47.685,13.872
,,,,,,,,641,16,50.49,14.688
,,,,,,,,642,17,53.856,15.667
,,,,,,,,643,18,56.1,16.32
,,,,,,,,644,19,54.978,15.994
,,,,,,,,645,20,53.295,15.504
,,,,,,,,646,21,49.368,14.362
,,,,,,,,647,22,44.88,13.056
,,,,,,,,648,23,40.392,11.75
,,,,,,,,649,0,38.148,11.098
,,,,,,,,650,1,37.587,10.934
,,,,,,,,651,2,37.026,10.771
,,,,,,,,652,3,37.026,10.771
,,,,,,,,653,4,37.587,10.934
,,,,,,,,654,5,39.27,11.424
,,,,,,,,655,6,42.075,12.24
,,,,,,,,656,7,44.88,13.056
,,,,,,,,657,8,46.002,13.382
,,,,,,,,658,9,47.124,13.709
,,,,,,,,659,10,47.685,13.872
,,,,,,,,660,11,48.246,14.035
,,,,,,,,661,12,47.685,13.872
,,,,,,,,662,13,47.124,13.709
,,,,,,,,663,14,46.563,13.546
,,,,,,,,664,15,47.685,13.872
,,,,,,,,665,16,50.49,14.688
,,,,,,,,666,17,53.856,15.667
,,,,,,,,667,18,56.1,16.32
,,,,,,,,668,19,54.978,15.994
,,,,,,,,669,20,53.295,15.504
,,,,,,,,670,21,49.368,14.362
,,,,,,,,671,22,44.88,13.056
,,,,,,,,672,23,40.392,11.75
,,,,,,,,673,0,39.27,11.424
,,,,,,,,674,1,38.693,11.256
,,,,,,,,675,2,38.115,11.088
,,,,,,,,676,3,38.115,11.088
,,,,,,,,677,4,38.693,11.256
,,,,,,,,678,5,40.425,11.76
,,,,,,,,679,6,43.312,12.6
,,,,,,,,680,7,46.2,13.44
,,,,,,,,681,8,47.355,13.776
,,,,,,,,682,9,48.51,14.112
,,,,,,,,683,10,49.087,14.28
,,,,,,,,684,11,49.665,14.448
,,,,,,,,685,12,49.087,14.28
,,,,,,,,686,13,48.51,14.112
,,,,,,,,687,14,47.932,13.944
,,,,,,,,688,15,49.087,14.28
,,,,,,,,689,16,51.975,15.12
,,,,,,,,690,17,55.44,16.128
,,,,,,,,691,18,57.75,16.8
,,,,,,,,692,19,56.595,16.464
,,,,,,,,693,20,54.863,15.96
,,,,,,,,694,21,50.82,14.784
,,,,,,,,695,22,46.2,13.44
,,,,,,,,696,23,41.58,12.096
,,,,,,,,697,0,39.27,11.424
,,,,,,,,698,1,38.693,11.256
,,,,,,,,699,2,38.115,11.088
,,,,,,,,700,3,38.115,11.088
,,,,,,,,701,4,38.693,11.256
,,,,,,,,702,5,40.425,11.76
,,,,,,,,703,6,43.312,12.6
,,,,,,,,704,7,46.2,13.44
,,,,,,,,705,8,47.355,13.776
,,,,,,,,706,9,48.51,14.112
,,,,,,,,707,10,49.087,14.28
,,,,,,,,708,11,49.665,14.448
,,,,,,,,709,12,49.087,14.28
,,,,,,,,710,13,48.51,14.112
,,,,,,,,711,14,47.932,13.944
,,,,,,,,712,15,49.087,14.28
,,,,,,,,713,16,51.975,15.12
,,,,,,,,714,17,55.44,16.128
,,,,,,,,715,18,57.75,16.8
,,,,,,,,716,19,56.595,16.464
,,,,,,,,717,20,54.863,15.96
,,,,,,,,718,21,50.82,14.784
,,,,,,,,719,22,46.2,13.44
,,,,,,,,720,23,41.58,12.096
,,,,,,,,721,0,39.27,11.424
,,,,,,,,722,1,38.693,11.256
,,,,,,,,723,2,38.115,11.088
,,,,,,,,724,3,38.115,11.088
,,,,,,,,725,4,38.693,11.256
,,,,,,,,726,5,40.425,11.76
,,,,,,,,727,6,43.312,12.6
,,,,,,,,728,7,46.2,13.44
,,,,,,,,729,8,47.355,13.776
,,,,,,,,730,9,48.51,14.112
,,,,,,,,731,10,49.087,14.28
,,,,,,,,732,11,49.665,14.448
,,,,,,,,733,12,49.087,14.28
,,,,,,,,734,13,48.51,14.112
,,,,,,,,735,14,47.932,13.944
,,,,,,,,736,15,49.087,14.28
,,,,,,,,737,16,51.975,15.12
,,,,,,,,738,17,55.44,16.128
,,,,,,,,739,18,57.75,16.8
,,,,,,,,740,19,56.595,16.464
,,,,,,,,741,20,54.863,15.96
,,,,,,,,742,21,50.82,14.784
,,,,,,,,743,22,46.2,13.44
,,,,,,,,744,23,41.58,12.096
,,,,,,,,745,0,39.27,11.424
,,,,,,,,746,1,38.693,11.256
,,,,,,,,747,2,38.115,11.088
,,,,,,,,748,3,38.115,11.088
,,,,,,,,749,4,38.693,11.256
,,,,,,,,750,5,40.425,11.76
,,,,,,,,751,6,43.312,12.6
,,,,,,,,752,7,46.2,13.44
,,,,,,,,753,8,47.355,13.776
,,,,,,,,754,9,48.51,14.112
,,,,,,,,755,10,49.087,14.28
,,,,,,,,756,11,49.665,14.448
,,,,,,,,757,12,49.087,14.28
,,,,,,,,758,13,48.51,14.112
,,,,,,,,759,14,47.932,13.944
,,,,,,,,760,15,49.087,14.28
,,,,,,,,761,16,51.975,15.12
,,,,,,,,762,17,55.44,16.128
,,,,,,,,763,18,57.75,16.8
,,,,,,,,764,19,56.595,16.464
,,,,,,,,765,20,54.863,15.96
,,,,,,,,766,21,50.82,14.784
,,,,,,,,767,22,46.2,13.44
,,,,,,,,768,23,41.58,12.096
,,,,,,,,769,0,39.27,11.424
,,,,,,,,770,1,38.693,11.256
,,,,,,,,771,2,38.115,11.088
,,,,,,,,772,3,38.115,11.088
,,,,,,,,773,4,38.693,11.256
,,,,,,,,774,5,40.425,11.76
,,,,,,,,775,6,43.312,12.6
,,,,,,,,776,7,46.2,13.44
,,,,,,,,777,8,47.355,13.776
,,,,,,,,778,9,48.51,14.112
,,,,,,,,779,10,49.087,14.28
,,,,,,,,780,11,49.665,14.448
,,,,,,,,781,12,49.087,14.28
,,,,,,,,782,13,48.51,14.112
,,,,,,,,783,14,47.932,13.944
,,,,,,,,784,15,49.087,14.28
,,,,,,,,785,16,51.975,15.12
,,,,,,,,786,17,55.44,16.128
,,,,,,,,787,18,57.75,16.8
,,,,,,,,788,19,56.595,16.464
,,,,,,,,789,20,54.863,15.96
,,,,,,,,790,21,50.82,14.784
,,,,,,,,791,22,46.2,13.44
,,,,,,,,792,23,41.58,12.096
,,,,,,,,793,0,39.27,11.424
,,,,,,,,794,1,38.693,11.256
,,,,,,,,795,2,38.115,11.088
,,,,,,,,796,3,38.115,11.088
,,,,,,,,797,4,38.693,11.256
,,,,,,,,798,5,40.425,11.76
,,,,,,,,799,6,43.312,12.6
,,,,,,,,800,7,46.2,13.44
,,,,,,,,801,8,47.355,13.776
,,,,,,,,802,9,48.51,14.112
,,,,,,,,803,10,49.087,14.28
,,,,,,,,804,11,49.665,14.448
,,,,,,,,805,12,49.087,14.28
,,,,,,,,806,13,48.51,14.112
,,,,,,,,807,14,47.932,13.944
,,,,,,,,808,15,49.087,14.28
,,,,,,,,809,16,51.975,15.12
,,,,,,,,810,17,55.44,16.128
,,,,,,,,811,18,57.75,16.8
,,,,,,,,812,19,56.595,16.464
,,,,,,,,813,20,54.863,15.96
,,,,,,,,814,21,50.82,14.784
,,,,,,,,815,22,46.2,13.44
,,,,,,,,816,23,41.58,12.096
,,,,,,,,817,0,39.27,11.424
,,,,,,,,818,1,38.693,11.256
,,,,,,,,819,2,38.115,11.088
,,,,,,,,820,3,38.115,11.088
,,,,,,,,821,4,38.693,11.256
,,,,,,,,822,5,40.425,11.76
,,,,,,,,823,6,43.312,12.6
,,,,,,,,824,7,46.2,13.44
,,,,,,,,825,8,47.355,13.776
,,,,,,,,826,9,48.51,14.112
,,,,,,,,827,10,49.087,14.28
,,,,,,,,828,11,49.665,14.448
,,,,,,,,829,12,49.087,14.28
,,,,,,,,830,13,48.51,14.112
,,,,,,,,831,14,47.932,13.944
,,,,,,,,832,15,49.087,14.28
,,,,,,,,833,16,51.975,15.12
,,,,,,,,834,17,55.44,16.128
,,,,,,,,835,18,57.75,16.8
,,,,,,,,836,19,56.595,16.464
,,,,,,,,837,20,54.863,15.96
,,,,,,,,838,21,50.82,14.784
,,,,,,,,839,22,46.2,13.44
,,,,,,,,840,23,41.58,12.096
,,,,,,,,841,0,36.652,10.662
,,,,,,,,842,1,36.113,10.506
,,,,,,,,843,2,35.574,10.349
,,,,,,,,844,3,35.574,10.349
,,,,,,,,845,4,36.113,10.506
,,,,,,,,846,5,37.73,10.976
,,,,,,,,847,6,40.425,11.76
,,,,,,,,848,7,43.12,12.544
,,,,,,,,849,8,44.198,12.858
,,,,,,,,850,9,45.276,13.171
,,,,,,,,851,10,45.815,13.328
,,,,,,,,852,11,46.354,13.485
,,,,,,,,853,12,45.815,13.328
,,,,,,,,854,13,45.276,13.171
,,,,,,,,855,14,44.737,13.014
,,,,,,,,856,15,45.815,13.328
,,,,,,,,857,16,48.51,14.112
,,,,,,,,858,17,51.744,15.053
,,,,,,,,859,18,53.9,15.68
,,,,,,,,860,19,52.822,15.366
,,,,,,,,861,20,51.205,14.896
,,,,,,,,862,21,47.432,13.798
,,,,,,,,863,22,43.12,12.544
,,,,,,,,864,23,38.808,11.29
,,,,,,,,865,0,36.652,10.662
,,,,,,,,866,1,36.113,10.506
,,,,,,,,867,2,35.574,10.349
,,,,,,,,868,3,35.574,10.349
,,,,,,,,869,4,36.113,10.506
,,,,,,,,870,5,37.73,10.976
,,,,,,,,871,6,40.425,11.76
,,,,,,,,872,7,43.12,12.544
,,,,,,,,873,8,44.198,12.858
,,,,,,,,874,9,45.276,13.171
,,,,,,,,875,10,45.815,13.328
,,,,,,,,876,11,46.354,13.485
,,,,,,,,877,12,45.815,13.328
,,,,,,,,878,13,45.276,13.171
,,,,,,,,879,14,44.737,13.014
,,,,,,,,880,15,45.815,13.328
,,,,,,,,881,16,48.51,14.112
,,,,,,,,882,17,51.744,15.053
,,,,,,,,883,18,53.9,15.68
,,,,,,,,884,19,52.822,15.366
,,,,,,,,885,20,51.205,14.896
,,,,,,,,886,21,47.432,13.798
,,,,,,,,887,22,43.12,12.544
,,,,,,,,888,23,38.808,11.29
,,,,,,,,889,0,36.652,10.662
,,,,,,,,890,1,36.113,10.506
,,,,,,,,891,2,35.574,10.349
,,,,,,,,892,3,35.574,10.349
,,,,,,,,893,4,36.113,10.506
,,,,,,,,894,5,37.73,10.976
,,,,,,,,895,6,40.425,11.76
,,,,,,,,896,7,43.12,12.544
,,,,,,,,897,8,44.198,12.858
,,,,,,,,898,9,45.276,13.171
,,,,,,,,899,10,45.815,13.328
,,,,,,,,900,11,46.354,13.485
,,,,,,,,901,12,45.815,13.328
,,,,,,,,902,13,45.276,13.171
,,,,,,,,903,14,44.737,13.014
,,,,,,,,904,15,45.815,13.328
,,,,,,,,905,16,48.51,14.112
,,,,,,,,906,17,51.744,15.053
,,,,,,,,907,18,53.9,15.68
,,,,,,,,908,19,52.822,15.366
,,,,,,,,909,20,51.205,14.896
,,,,,,,,910,21,47.432,13.798
,,,,,,,,911,22,43.12,12.544
,,,,,,,,912,23,38.808,11.29
,,,,,,,,913,0,36.652,10.662
,,,,,,,,914,1,36.113,10.506
,,,,,,,,915,2,35.574,10.349
,,,,,,,,916,3,35.574,10.349
,,,,,,,,917,4,36.113,10.506
,,,,,,,,918,5,37.73,10.976
,,,,,,,,919,6,40.425,11.76
,,,,,,,,920,7,43.12,12.544
,,,,,,,,921,8,44.198,12.858
,,,,,,,,922,9,45.276,13.171
,,,,,,,,923,10,45.815,13.328
,,,,,,,,924,11,46.354,13.485
,,,,,,,,925,12,45.815,13.328
,,,,,,,,926,13,45.276,13.171
,,,,,,,,927,14,44.737,13.014
,,,,,,,,928,15,45.815,13.328
,,,,,,,,929,16,48.51,14.112
,,,,,,,,930,17,51.744,15.053
,,,,,,,,931,18,53.9,15.68
,,,,,,,,932,19,52.822,15.366
,,,,,,,,933,20,51.205,14.896
,,,,,,,,934,21,47.432,13.798
,,,,,,,,935,22,43.12,12.544
,,,,,,,,936,23,38.808,11.29
,,,,,,,,937,0,36.652,10.662
,,,,,,,,938,1,36.113,10.506
,,,,,,,,939,2,35.574,10.349
,,,,,,,,940,3,35.574,10.349
,,,,,,,,941,4,36.113,10.506
,,,,,,,,942,5,37.73,10.976
,,,,,,,,943,6,40.425,11.76
,,,,,,,,944,7,43.12,12.544
,,,,,,,,945,8,44.198,12.858
,,,,,,,,946,9,45.276,13.171
,,,,,,,,947,10,45.815,13.328
,,,,,,,,948,11,46.354,13.485
,,,,,,,,949,12,45.815,13.328
,,,,,,,,950,13,45.276,13.171
,,,,,,,,951,14,44.737,13.014
,,,,,,,,952,15,45.815,13.328
,,,,,,,,953,16,48.51,14.112
,,,,,,,,954,17,51.744,15.053
,,,,,,,,955,18,53.9,15.68
,,,,,,,,956,19,52.822,15.366
,,,,,,,,957,20,51.205,14.896
,,,,,,,,958,21,47.432,13.798
,,,,,,,,959,22,43.12,12.544
,,,,,,,,960,23,38.808,11.29
,,,,,,,,961,0,36.652,10.662
,,,,,,,,962,1,36.113,10.506
,,,,,,,,963,2,35.574,10.349
,,,,,,,,964,3,35.574,10.349
,,,,,,,,965,4,36.113,10.506
,,,,,,,,966,5,37.73,10.976
,,,,,,,,967,6,40.425,11.76
,,,,,,,,968,7,43.12,12.544
,,,,,,,,969,8,44.198,12.858
,,,,,,,,970,9,45.276,13.171
,,,,,,,,971,10,45.815,13.328
,,,,,,,,972,11,46.354,13.485
,,,,,,,,973,12,45.815,13.328
,,,,,,,,974,13,45.276,13.171
,,,,,,,,975,14,44.737,13.014
,,,,,,,,976,15,45.815,13.328
,,,,,,,,977,16,48.51,14.112
,,,,,,,,978,17,51.744,15.053
,,,,,,,,979,18,53.9,15.68
,,,,,,,,980,19,52.822,15.366
,,,,,,,,981,20,51.205,14.896
,,,,,,,,982,21,47.432,13.798
,,,,,,,,983,22,43.12,12.544
,,,,,,,,984,23,38.808,11.29
,,,,,,,,985,0,36.652,10.662
,,,,,,,,986,1,36.113,10.506
,,,,,,,,987,2,35.574,10.349
,,,,,,,,988,3,35.574,10.349
,,,,,,,,989,4,36.113,10.506
,,,,,,,,990,5,37.73,10.976
,,,,,,,,991,6,40.425,11.76
,,,,,,,,992,7,43.12,12.544
,,,,,,,,993,8,44.198,12.858
,,,,,,,,994,9,45.276,13.171
,,,,,,,,995,10,45.815,13.328
,,,,,,,,996,11,46.354,13.485
,,,,,,,,997,12,45.815,13.328
,,,,,,,,998,13,45.276,13.171
,,,,,,,,999,14,44.737,13.014
,,,,,,,,1000,15,45.815,13.328
,,,,,,,,1001,16,48.51,14.112
,,,,,,,,1002,17,51.744,15.053
,,,,,,,,1003,18,53.9,15.68
,,,,,,,,1004,19,52.822,15.366
,,,,,,,,1005,20,51.205,14.896
,,,,,,,,1006,21,47.432,13.798
,,,,,,,,1007,22,43.12,12.544
,,,,,,,,1008,23,38.808,11.29
,,,,,,,,1009,0,37.4,10.88
,,,,,,,,1010,1,36.85,10.72
,,,,,,,,1011,2,36.3,10.56
,,,,,,,,1012,3,36.3,10.56
,,,,,,,,1013,4,36.85,10.72
,,,,,,,,1014,5,38.5,11.2
,,,,,,,,1015,6,41.25,12.0
,,,,,,,,1016,7,44.0,12.8
,,,,,,,,1017,8,45.1,13.12
,,,,,,,,1018,9,46.2,13.44
,,,,,,,,1019,10,46.75,13.6
,,,,,,,,1020,11,47.3,13.76
,,,,,,,,1021,12,46.75,13.6
,,,,,,,,1022,13,46.2,13.44
,,,,,,,,1023,14,45.65,13.28
,,,,,,,,1024,15,46.75,13.6
,,,,,,,,1025,16,49.5,14.4
,,,,,,,,1026,17,52.8,15.36
,,,,,,,,1027,18,55.0,16.0
,,,,,,,,1028,19,53.9,15.68
,,,,,,,,1029,20,52.25,15.2
,,,,,,,,1030,21,48.4,14.08
,,,,,,,,1031,22,44.0,12.8
,,,,,,,,1032,23,39.6,11.52
,,,,,,,,1033,0,37.4,10.88
,,,,,,,,1034,1,36.85,10.72
,,,,,,,,1035,2,36.3,10.56
,,,,,,,,1036,3,36.3,10.56
,,,,,,,,1037,4,36.85,10.72
,,,,,,,,1038,5,38.5,11.2
,,,,,,,,1039,6,41.25,12.0
,,,,,,,,1040,7,44.0,12.8
,,,,,,,,1041,8,45.1,13.12
,,,,,,,,1042,9,46.2,13.44
,,,,,,,,1043,10,46.75,13.6
,,,,,,,,1044,11,47.3,13.76
,,,,,,,,1045,12,46.75,13.6
,,,,,,,,1046,13,46.2,13.44
,,,,,,,,1047,14,45.65,13.28
,,,,,,,,1048,15,46.75,13.6
,,,,,,,,1049,16,49.5,14.4
,,,,,,,,1050,17,52.8,15.36
,,,,,,,,1051,18,55.0,16.0
,,,,,,,,1052,19,53.9,15.68
,,,,,,,,1053,20,52.25,15.2
,,,,,,,,1054,21,48.4,14.08
,,,,,,,,1055,22,44.0,12.8
,,,,,,,,1056,23,39.6,11.52
,,,,,,,,1057,0,37.4,10.88
,,,,,,,,1058,1,36.85,10.72
,,,,,,,,1059,2,36.3,10.56
,,,,,,,,1060,3,36.3,10.56
,,,,,,,,1061,4,36.85,10.72
,,,,,,,,1062,5,38.5,11.2
,,,,,,,,1063,6,41.25,12.0
,,,,,,,,1064,7,44.0,12.8
,,,,,,,,1065,8,45.1,13.12
,,,,,,,,1066,9,46.2,13.44
,,,,,,,,1067,10,46.75,13.6
,,,,,,,,1068,11,47.3,13.76
,,,,,,,,1069,12,46.75,13.6
,,,,,,,,1070,13,46.2,13.44
,,,,,,,,1071,14,45.65,13.28
,,,,,,,,1072,15,46.75,13.6
,,,,,,,,1073,16,49.5,14.4
,,,,,,,,1074,17,52.8,15.36
,,,,,,,,1075,18,55.0,16.0
,,,,,,,,1076,19,53.9,15.68
,,,,,,,,1077,20,52.25,15.2
,,,,,,,,1078,21,48.4,14.08
,,,,,,,,1079,22,44.0,12.8
,,,,,,,,1080,23,39.6,11.52
,,,,,,,,1081,0,37.4,10.88
,,,,,,,,1082,1,36.85,10.72
,,,,,,,,1083,2,36.3,10.56
,,,,,,,,1084,3,36.3,10.56
,,,,,,,,1085,4,36.85,10.72
,,,,,,,,1086,5,38.5,11.2
,,,,,,,,1087,6,41.25,12.0
,,,,,,,,1088,7,44.0,12.8
,,,,,,,,1089,8,45.1,13.12
,,,,,,,,1090,9,46.2,13.44
,,,,,,,,1091,10,46.75,13.6
,,,,,,,,1092,11,47.3,13.76
,,,,,,,,1093,12,46.75,13.6
,,,,,,,,1094,13,46.2,13.44
,,,,,,,,1095,14,45.65,13.28
,,,,,,,,1096,15,46.75,13.6
,,,,,,,,1097,16,49.5,14.4
,,,,,,,,1098,17,52.8,15.36
,,,,,,,,1099,18,55.0,16.0
,,,,,,,,1100,19,53.9,15.68
,,,,,,,,1101,20,52.25,15.2
,,,,,,,,1102,21,48.4,14.08
,,,,,,,,1103,22,44.0,12.8
,,,,,,,,1104,23,39.6,11.52
,,,,,,,,1105,0,37.4,10.88
,,,,,,,,1106,1,36.85,10.72
,,,,,,,,1107,2,36.3,10.56
,,,,,,,,1108,3,36.3,10.56
,,,,,,,,1109,4,36.85,10.72
,,,,,,,,1110,5,38.5,11.2
,,,,,,,,1111,6,41.25,12.0
,,,,,,,,1112,7,44.0,12.8
,,,,,,,,1113,8,45.1,13.12
,,,,,,,,1114,9,46.2,13.44
,,,,,,,,1115,10,46.75,13.6
,,,,,,,,1116,11,47.3,13.76
,,,,,,,,1117,12,46.75,13.6
,,,,,,,,1118,13,46.2,13.44
,,,,,,,,1119,14,45.65,13.28
,,,,,,,,1120,15,46.75,13.6
,,,,,,,,1121,16,49.5,14.4
,,,,,,,,1122,17,52.8,15.36
,,,,,,,,1123,18,55.0,16.0
,,,,,,,,1124,19,53.9,15.68
,,,,,,,,1125,20,52.25,15.2
,,,,,,,,1126,21,48.4,14.08
,,,,,,,,1127,22,44.0,12.8
,,,,,,,,1128,23,39.6,11.52
,,,,,,,,1129,0,37.4,10.88
,,,,,,,,1130,1,36.85,10.72
,,,,,,,,1131,2,36.3,10.56
,,,,,,,,1132,3,36.3,10.56
,,,,,,,,1133,4,36.85,10.72
,,,,,,,,1134,5,38.5,11.2
,,,,,,,,1135,6,41.25,12.0
,,,,,,,,1136,7,44.0,12.8
,,,,,,,,1137,8,45.1,13.12
,,,,,,,,1138,9,46.2,13.44
,,,,,,,,1139,10,46.75,13.6
,,,,,,,,1140,11,47.3,13.76
,,,,,,,,1141,12,46.75,13.6
,,,,,,,,1142,13,46.2,13.44
,,,,,,,,1143,14,45.65,13.28
,,,,,,,,1144,15,46.75,13.6
,,,,,,,,1145,16,49.5,14.4
,,,,,,,,1146,17,52.8,15.36
,,,,,,,,1147,18,55.0,16.0
,,,,,,,,1148,19,53.9,15.68
,,,,,,,,1149,20,52.25,15.2
,,,,,,,,1150,21,48.4,14.08
,,,,,,,,1151,22,44.0,12.8
,,,,,,,,1152,23,39.6,11.52
,,,,,,,,1153,0,37.4,10.88
,,,,,,,,1154,1,36.85,10.72
,,,,,,,,1155,2,36.3,10.56
,,,,,,,,1156,3,36.3,10.56
,,,,,,,,1157,4,36.85,10.72
,,,,,,,,1158,5,38.5,11.2
,,,,,,,,1159,6,41.25,12.0
,,,,,,,,1160,7,44.0,12.8
,,,,,,,,1161,8,45.1,13.12
,,,,,,,,1162,9,46.2,13.44
,,,,,,,,1163,10,46.75,13.6
,,,,,,,,1164,11,47.3,13.76
,,,,,,,,1165,12,46.75,13.6
,,,,,,,,1166,13,46.2,13.44
,,,,,,,,1167,14,45.65,13.28
,,,,,,,,1168,15,46.75,13.6
,,,,,,,,1169,16,49.5,14.4
,,,,,,,,1170,17,52.8,15.36
,,,,,,,,1171,18,55.0,16.0
,,,,,,,,1172,19,53.9,15.68
,,,,,,,,1173,20,52.25,15.2
,,,,,,,,1174,21,48.4,14.08
,,,,,,,,1175,22,44.0,12.8
,,,,,,,,1176,23,39.6,11.52
,,,,,,,,1177,0,38.522,11.206
,,,,,,,,1178,1,37.956,11.042
,,,,,,,,1179,2,37.389,10.877
,,,,,,,,1180,3,37.389,10.877
,,,,,,,,1181,4,37.956,11.042
,,,,,,,,1182,5,39.655,11.536
,,,,,,,,1183,6,42.488,12.36
,,,,,,,,1184,7,45.32,13.184
,,,,,,,,1185,8,46.453,13.514
,,,,,,,,1186,9,47.586,13.843
,,,,,,,,1187,10,48.153,14.008
,,,,,,,,1188,11,48.719,14.173
,,,,,,,,1189,12,48.153,14.008
,,,,,,,,1190,13,47.586,13.843
,,,,,,,,1191,14,47.02,13.678
,,,,,,,,1192,15,48.153,14.008
,,,,,,,,1193,16,50.985,14.832
,,,,,,,,1194,17,54.384,15.821
,,,,,,,,1195,18,56.65,16.48
,,,,,,,,1196,19,55.517,16.15
,,,,,,,,1197,20,53.818,15.656
,,,,,,,,1198,21,49.852,14.502
,,,,,,,,1199,22,45.32,13.184
,,,,,,,,1200,23,40.788,11.866
,,,,,,,,1201,0,38.522,11.206
,,,,,,,,1202,1,37.956,11.042
,,,,,,,,1203,2,37.389,10.877
,,,,,,,,1204,3,37.389,10.877
,,,,,,,,1205,4,37.956,11.042
,,,,,,,,1206,5,39.655,11.536
,,,,,,,,1207,6,42.488,12.36
,,,,,,,,1208,7,45.32,13.184
,,,,,,,,1209,8,46.453,13.514
,,,,,,,,1210,9,47.586,13.843
,,,,,,,,1211,10,48.153,14.008
,,,,,,,,1212,11,48.719,14.173
,,,,,,,,1213,12,48.153,14.008
,,,,,,,,1214,13,47.586,13.843
,,,,,,,,1215,14,47.02,13.678
,,,,,,,,1216,15,48.153,14.008
,,,,,,,,1217,16,50.985,14.832
,,,,,,,,1218,17,54.384,15.821
,,,,,,,,1219,18,56.65,16.48
,,,,,,,,1220,19,55.517,16.15
,,,,,,,,1221,20,53.818,15.656
,,,,,,,,1222,21,49.852,14.502
,,,,,,,,1223,22,45.32,13.184
,,,,,,,,1224,23,40.788,11.866
,,,,,,,,1225,0,38.522,11.206
,,,,,,,,1226,1,37.956,11.042
,,,,,,,,1227,2,37.389,10.877
,,,,,,,,1228,3,37.389,10.877
,,,,,,,,1229,4,37.956,11.042
,,,,,,,,1230,5,39.655,11.536
,,,,,,,,1231,6,42.488,12.36
,,,,,,,,1232,7,45.32,13.184
,,,,,,,,1233,8,46.453,13.514
,,,,,,,,1234,9,47.586,13.843
,,,,,,,,1235,10,48.153,14.008
,,,,,,,,1236,11,48.719,14.173
,,,,,,,,1237,12,48.153,14.008
,,,,,,,,1238,13,47.586,13.843
,,,,,,,,1239,14,47.02,13.678
,,,,,,,,1240,15,48.153,14.008
,,,,,,,,1241,16,50.985,14.832
,,,,,,,,1242,17,54.384,15.821
,,,,,,,,1243,18,56.65,16.48
,,,,,,,,1244,19,55.517,16.15
,,,,,,,,1245,20,53.818,15.656
,,,,,,,,1246,21,49.852,14.502
,,,,,,,,1247,22,45.32,13.184
,,,,,,,,1248,23,40.788,11.866
,,,,,,,,1249,0,38.522,11.206
,,,,,,,,1250,1,37.956,11.042
,,,,,,,,1251,2,37.389,10.877
,,,,,,,,1252,3,37.389,10.877
,,,,,,,,1253,4,37.956,11.042
,,,,,,,,1254,5,39.655,11.536
,,,,,,,,1255,6,42.488,12.36
,,,,,,,,1256,7,45.32,13.184
,,,,,,,,1257,8,46.453,13.514
,,,,,,,,1258,9,47.586,13.843
,,,,,,,,1259,10,48.153,14.008
,,,,,,,,1260,11,48.719,14.173
,,,,,,,,1261,12,48.153,14.008
,,,,,,,,1262,13,47.586,13.843
,,,,,,,,1263,14,47.02,13.678
,,,,,,,,1264,15,48.153,14.008
,,,,,,,,1265,16,50.985,14.832
,,,,,,,,1266,17,54.384,15.821
,,,,,,,,1267,18,56.65,16.48
,,,,,,,,1268,19,55.517,16.15
,,,,,,,,1269,20,53.818,15.656
,,,,,,,,1270,21,49.852,14.502
,,,,,,,,1271,22,45.32,13.184
,,,,,,,,1272,23,40.788,11.866
,,,,,,,,1273,0,38.522,11.206
,,,,,,,,1274,1,37.956,11.042
,,,,,,,,1275,2,37.389,10.877
,,,,,,,,1276,3,37.389,10.877
,,,,,,,,1277,4,37.956,11.042
,,,,,,,,1278,5,39.655,11.536
,,,,,,,,1279,6,42.488,12.36
,,,,,,,,1280,7,45.32,13.184
,,,,,,,,1281,8,46.453,13.514
,,,,,,,,1282,9,47.586,13.843
,,,,,,,,1283,10,48.153,14.008
,,,,,,,,1284,11,48.719,14.173
,,,,,,,,1285,12,48.153,14.008
,,,,,,,,1286,13,47.586,13.843
,,,,,,,,1287,14,47.02,13.678
,,,,,,,,1288,15,48.153,14.008
,,,,,,,,1289,16,50.985,14.832
,,,,,,,,1290,17,54.384,15.821
,,,,,,,,1291,18,56.65,16.48
,,,,,,,,1292,19,55.517,16.15
,,,,,,,,1293,20,53.818,15.656
,,,,,,,,1294,21,49.852,14.502
,,,,,,,,1295,22,45.32,13.184
,,,,,,,,1296,23,40.788,11.866
,,,,,,,,1297,0,38.522,11.206
,,,,,,,,1298,1,37.956,11.042
,,,,,,,,1299,2,37.389,10.877
,,,,,,,,1300,3,37.389,10.877
,,,,,,,,1301,4,37.956,11.042
,,,,,,,,1302,5,39.655,11.536
,,,,,,,,1303,6,42.488,12.36
,,,,,,,,1304,7,45.32,13.184
,,,,,,,,1305,8,46.453,13.514
,,,,,,,,1306,9,47.586,13.843
,,,,,,,,1307,10,48.153,14.008
,,,,,,,,1308,11,48.719,14.173
,,,,,,,,1309,12,48.153,14.008
,,,,,,,,1310,13,47.586,13.843
,,,,,,,,1311,14,47.02,13.678
,,,,,,,,1312,15,48.153,14.008
,,,,,,,,1313,16,50.985,14.832
,,,,,,,,1314,17,54.384,15.821
,,,,,,,,1315,18,56.65,16.48
,,,,,,,,1316,19,55.517,16.15
,,,,,,,,1317,20,53.818,15.656
,,,,,,,,1318,21,49.852,14.502
,,,,,,,,1319,22,45.32,13.184
,,,,,,,,1320,23,40.788,11.866
,,,,,,,,1321,0,38.522,11.206
,,,,,,,,1322,1,37.956,11.042
,,,,,,,,1323,2,37.389,10.877
,,,,,,,,1324,3,37.389,10.877
,,,,,,,,1325,4,37.956,11.042
,,,,,,,,1326,5,39.655,11.536
,,,,,,,,1327,6,42.488,12.36
,,,,,,,,1328,7,45.32,13.184
,,,,,,,,1329,8,46.453,13.514
,,,,,,,,1330,9,47.586,13.843
,,,,,,,,1331,10,48.153,14.008
,,,,,,,,1332,11,48.719,14.173
,,,,,,,,1333,12,48.153,14.008
,,,,,,,,1334,13,47.586,13.843
,,,,,,,,1335,14,47.02,13.678
,,,,,,,,1336,15,48.153,14.008
,,,,,,,,1337,16,50.985,14.832
,,,,,,,,1338,17,54.384,15.821
,,,,,,,,1339,18,56.65,16.48
,,,,,,,,1340,19,55.517,16.15
,,,,,,,,1341,20,53.818,15.656
,,,,,,,,1342,21,49.852,14.502
,,,,,,,,1343,22,45.32,13.184
,,,,,,,,1344,23,40.788,11.866
