Voll,Demand_Segment,Cost_of_Demand_Curtailment_per_MW,Max_Demand_Curtailment,r_id,hour,demand_village1,demand_village2,demand_village3,demand_village4
2000,1,1.0,1.0,1,0,0.03,0.02,0.0125,0.0375
,2,0.9,0.04,2,1,0.0264,0.0176,0.011,0.033
,3,0.55,0.024,3,2,0.024,0.016,0.01,0.03
,4,0.2,0.003,4,3,0.024,0.016,0.01,0.03
,,,,5,4,0.0264,0.0176,0.011,0.033
,,,,6,5,0.036,0.024,0.015,0.045
,,,,7,6,0.054,0.036,0.0225,0.0675
,,,,8,7,0.06,0.04,0.025,0.075
,,,,9,8,0.066,0.044,0.0275,0.0825
,,,,10,9,0.072,0.048,0.03,0.09
,,,,11,10,0.0744,0.0496,0.031,0.093
,,,,12,11,0.072,0.048,0.03,0.09
,,,,13,12,0.0696,0.0464,0.029,0.087
,,,,14,13,0.066,0.044,0.0275,0.0825
,,,,15,14,0.06,0.04,0.025,0.075
,,,,16,15,0.054,0.036,0.0225,0.0675
,,,,17,16,0.06,0.04,0.025,0.075
,,,,18,17,0.096,0.064,0.04,0.12
,,,,19,18,0.12,0.08,0.05,0.15
,,,,20,19,0.114,0.076,0.0475,0.1425
,,,,21,20,0.096,0.064,0.04,0.12
,,,,22,21,0.072,0.048,0.03,0.09
,,,,23,22,0.048,0.032,0.02,0.06
,,,,24,23,0.036,0.024,0.015,0.045
,,,,25,0,0.03,0.02,0.0125,0.0375
,,,,26,1,0.0264,0.0176,0.011,0.033
,,,,27,2,0.024,0.016,0.01,0.03
,,,,28,3,0.024,0.016,0.01,0.03
,,,,29,4,0.0264,0.0176,0.011,0.033
,,,,30,5,0.036,0.024,0.015,0.045
,,,,31,6,0.054,0.036,0.0225,0.0675
,,,,32,7,0.06,0.04,0.025,0.075
,,,,33,8,0.066,0.044,0.0275,0.0825
,,,,34,9,0.072,0.048,0.03,0.09
,,,,35,10,0.0744,0.0496,0.031,0.093
,,,,36,11,0.072,0.048,0.03,0.09
,,,,37,12,0.0696,0.0464,0.029,0.087
,,,,38,13,0.066,0.044,0.0275,0.0825
,,,,39,14,0.06,0.04,0.025,0.075
,,,,40,15,0.054,0.036,0.0225,0.0675
,,,,41,16,0.06,0.04,0.025,0.075
,,,,42,17,0.096,0.064,0.04,0.12
,,,,43,18,0.12,0.08,0.05,0.15
,,,,44,19,0.114,0.076,0.0475,0.1425
,,,,45,20,0.096,0.064,0.04,0.12
,,,,46,21,0.072,0.048,0.03,0.09
,,,,47,22,0.048,0.032,0.02,0.06
,,,,48,23,0.036,0.024,0.015,0.045
,,,,49,0,0.03,0.02,0.0125,0.0375
,,,,50,1,0.0264,0.0176,0.011,0.033
,,,,51,2,0.024,0.016,0.01,0.03
,,,,52,3,0.024,0.016,0.01,0.03
,,,,53,4,0.0264,0.0176,0.011,0.033
,,,,54,5,0.036,0.024,0.015,0.045
,,,,55,6,0.054,0.036,0.0225,0.0675
,,,,56,7,0.06,0.04,0.025,0.075
,,,,57,8,0.066,0.044,0.0275,0.0825
,,,,58,9,0.072,0.048,0.03,0.09
,,,,59,10,0.0744,0.0496,0.031,0.093
,,,,60,11,0.072,0.048,0.03,0.09
,,,,61,12,0.0696,0.0464,0.029,0.087
,,,,62,13,0.066,0.044,0.0275,0.0825
,,,,63,14,0.06,0.04,0.025,0.075
,,,,64,15,0.054,0.036,0.0225,0.0675
,,,,65,16,0.06,0.04,0.025,0.075
,,,,66,17,0.096,0.064,0.04,0.12
,,,,67,18,0.12,0.08,0.05,0.15
,,,,68,19,0.114,0.076,0.0475,0.1425
,,,,69,20,0.096,0.064,0.04,0.12
,,,,70,21,0.072,0.048,0.03,0.09
,,,,71,22,0.048,0.032,0.02,0.06
,,,,72,23,0.036,0.024,0.015,0.045
,,,,73,0,0.03,0.02,0.0125,0.0375
,,,,74,1,0.0264,0.0176,0.011,0.033
,,,,75,2,0.024,0.016,0.01,0.03
,,,,76,3,0.024,0.016,0.01,0.03
,,,,77,4,0.0264,0.0176,0.011,0.033
,,,,78,5,0.036,0.024,0.015,0.045
,,,,79,6,0.054,0.036,0.0225,0.0675
,,,,80,7,0.06,0.04,0.025,0.075
,,,,81,8,0.066,0.044,0.0275,0.0825
,,,,82,9,0.072,0.048,0.03,0.09
,,,,83,10,0.0744,0.0496,0.031,0.093
,,,,84,11,0.072,0.048,0.03,0.09
,,,,85,12,0.0696,0.0464,0.029,0.087
,,,,86,13,0.066,0.044,0.0275,0.0825
,,,,87,14,0.06,0.04,0.025,0.075
,,,,88,15,0.054,0.036,0.0225,0.0675
,,,,89,16,0.06,0.04,0.025,0.075
,,,,90,17,0.096,0.064,0.04,0.12
,,,,91,18,0.12,0.08,0.05,0.15
,,,,92,19,0.114,0.076,0.0475,0.1425
,,,,93,20,0.096,0.064,0.04,0.12
,,,,94,21,0.072,0.048,0.03,0.09
,,,,95,22,0.048,0.032,0.02,0.06
,,,,96,23,0.036,0.024,0.015,0.045
,,,,97,0,0.03,0.02,0.0125,0.0375
,,,,98,1,0.0264,0.0176,0.011,0.033
,,,,99,2,0.024,0.016,0.01,0.03
,,,,100,3,0.024,0.016,0.01,0.03
,,,,101,4,0.0264,0.0176,0.011,0.033
,,,,102,5,0.036,0.024,0.015,0.045
,,,,103,6,0.054,0.036,0.0225,0.0675
,,,,104,7,0.06,0.04,0.025,0.075
,,,,105,8,0.066,0.044,0.0275,0.0825
,,,,106,9,0.072,0.048,0.03,0.09
,,,,107,10,0.0744,0.0496,0.031,0.093
,,,,108,11,0.072,0.048,0.03,0.09
,,,,109,12,0.0696,0.0464,0.029,0.087
,,,,110,13,0.066,0.044,0.0275,0.0825
,,,,111,14,0.06,0.04,0.025,0.075
,,,,112,15,0.054,0.036,0.0225,0.0675
,,,,113,16,0.06,0.04,0.025,0.075
,,,,114,17,0.096,0.064,0.04,0.12
,,,,115,18,0.12,0.08,0.05,0.15
,,,,116,19,0.114,0.076,0.0475,0.1425
,,,,117,20,0.096,0.064,0.04,0.12
,,,,118,21,0.072,0.048,0.03,0.09
,,,,119,22,0.048,0.032,0.02,0.06
,,,,120,23,0.036,0.024,0.015,0.045
,,,,121,0,0.03,0.02,0.0125,0.0375
,,,,122,1,0.0264,0.0176,0.011,0.033
,,,,123,2,0.024,0.016,0.01,0.03
,,,,124,3,0.024,0.016,0.01,0.03
,,,,125,4,0.0264,0.0176,0.011,0.033
,,,,126,5,0.036,0.024,0.015,0.045
,,,,127,6,0.054,0.036,0.0225,0.0675
,,,,128,7,0.06,0.04,0.025,0.075
,,,,129,8,0.066,0.044,0.0275,0.0825
,,,,130,9,0.072,0.048,0.03,0.09
,,,,131,10,0.0744,0.0496,0.031,0.093
,,,,132,11,0.072,0.048,0.03,0.09
,,,,133,12,0.0696,0.0464,0.029,0.087
,,,,134,13,0.066,0.044,0.0275,0.0825
,,,,135,14,0.06,0.04,0.025,0.075
,,,,136,15,0.054,0.036,0.0225,0.0675
,,,,137,16,0.06,0.04,0.025,0.075
,,,,138,17,0.096,0.064,0.04,0.12
,,,,139,18,0.12,0.08,0.05,0.15
,,,,140,19,0.114,0.076,0.0475,0.1425
,,,,141,20,0.096,0.064,0.04,0.12
,,,,142,21,0.072,0.048,0.03,0.09
,,,,143,22,0.048,0.032,0.02,0.06
,,,,144,23,0.036,0.024,0.015,0.045
,,,,145,0,0.03,0.02,0.0125,0.0375
,,,,146,1,0.0264,0.0176,0.011,0.033
,,,,147,2,0.024,0.016,0.01,0.03
,,,,148,3,0.024,0.016,0.01,0.03
,,,,149,4,0.0264,0.0176,0.011,0.033
,,,,150,5,0.036,0.024,0.015,0.045
,,,,151,6,0.054,0.036,0.0225,0.0675
,,,,152,7,0.06,0.04,0.025,0.075
,,,,153,8,0.066,0.044,0.0275,0.0825
,,,,154,9,0.072,0.048,0.03,0.09
,,,,155,10,0.0744,0.0496,0.031,0.093
,,,,156,11,0.072,0.048,0.03,0.09
,,,,157,12,0.0696,0.0464,0.029,0.087
,,,,158,13,0.066,0.044,0.0275,0.0825
,,,,159,14,0.06,0.04,0.025,0.075
,,,,160,15,0.054,0.036,0.0225,0.0675
,,,,161,16,0.06,0.04,0.025,0.075
,,,,162,17,0.096,0.064,0.04,0.12
,,,,163,18,0.12,0.08,0.05,0.15
,,,,164,19,0.114,0.076,0.0475,0.1425
,,,,165,20,0.096,0.064,0.04,0.12
,,,,166,21,0.072,0.048,0.03,0.09
,,,,167,22,0.048,0.032,0.02,0.06
,,,,168,23,0.036,0.024,0.015,0.045
,,,,169,0,0.0291,0.0194,0.01213,0.03637
,,,,170,1,0.02561,0.01707,0.01067,0.03201
,,,,171,2,0.02328,0.01552,0.0097,0.0291
,,,,172,3,0.02328,0.01552,0.0097,0.0291
,,,,173,4,0.02561,0.01707,0.01067,0.03201
,,,,174,5,0.03492,0.02328,0.01455,0.04365
,,,,175,6,0.05238,0.03492,0.02183,0.06548
,,,,176,7,0.0582,0.0388,0.02425,0.07275
,,,,177,8,0.06402,0.04268,0.02668,0.08002
,,,,178,9,0.06984,0.04656,0.0291,0.0873
,,,,179,10,0.07217,0.04811,0.03007,0.09021
,,,,180,11,0.06984,0.04656,0.0291,0.0873
,,,,181,12,0.06751,0.04501,0.02813,0.08439
,,,,182,13,0.06402,0.04268,0.02668,0.08002
,,,,183,14,0.0582,0.0388,0.02425,0.07275
,,,,184,15,0.05238,0.03492,0.02183,0.06548
,,,,185,16,0.0582,0.0388,0.02425,0.07275
,,,,186,17,0.09312,0.06208,0.0388,0.1164
,,,,187,18,0.1164,0.0776,0.0485,0.1455
,,,,188,19,0.11058,0.07372,0.04607,0.13822
,,,,189,20,0.09312,0.06208,0.0388,0.1164
,,,,190,21,0.06984,0.04656,0.0291,0.0873
,,,,191,22,0.04656,0.03104,0.0194,0.0582
,,,,192,23,0.03492,0.02328,0.01455,0.04365
,,,,193,0,0.0291,0.0194,0.01213,0.03637
,,,,194,1,0.02561,0.01707,0.01067,0.03201
,,,,195,2,0.02328,0.01552,0.0097,0.0291
,,,,196,3,0.02328,0.01552,0.0097,0.0291
,,,,197,4,0.02561,0.01707,0.01067,0.03201
,,,,198,5,0.03492,0.02328,0.01455,0.04365
,,,,199,6,0.05238,0.03492,0.02183,0.06548
,,,,200,7,0.0582,0.0388,0.02425,0.07275
,,,,201,8,0.06402,0.04268,0.02668,0.08002
,,,,202,9,0.06984,0.04656,0.0291,0.0873
,,,,203,10,0.07217,0.04811,0.03007,0.09021
,,,,204,11,0.06984,0.04656,0.0291,0.0873
,,,,205,12,0.06751,0.04501,0.02813,0.08439
,,,,206,13,0.06402,0.04268,0.02668,0.08002
,,,,207,14,0.0582,0.0388,0.02425,0.07275
,,,,208,15,0.05238,0.03492,0.02183,0.06548
,,,,209,16,0.0582,0.0388,0.02425,0.07275
,,,,210,17,0.09312,0.06208,0.0388,0.1164
,,,,211,18,0.1164,0.0776,0.0485,0.1455
,,,,212,19,0.11058,0.07372,0.04607,0.13822
,,,,213,20,0.09312,0.06208,0.0388,0.1164
,,,,214,21,0.06984,0.04656,0.0291,0.0873
,,,,215,22,0.04656,0.03104,0.0194,0.0582
,,,,216,23,0.03492,0.02328,0.01455,0.04365
,,,,217,0,0.0291,0.0194,0.01213,0.03637
,,,,218,1,0.02561,0.01707,0.01067,0.03201
,,,,219,2,0.02328,0.01552,0.0097,0.0291
,,,,220,3,0.02328,0.01552,0.0097,0.0291
,,,,221,4,0.02561,0.01707,0.01067,0.03201
,,,,222,5,0.03492,0.02328,0.01455,0.04365
,,,,223,6,0.05238,0.03492,0.02183,0.06548
,,,,224,7,0.0582,0.0388,0.02425,0.07275
,,,,225,8,0.06402,0.04268,0.02668,0.08002
,,,,226,9,0.06984,0.04656,0.0291,0.0873
,,,,227,10,0.07217,0.04811,0.03007,0.09021
,,,,228,11,0.06984,0.04656,0.0291,0.0873
,,,,229,12,0.06751,0.04501,0.02813,0.08439
,,,,230,13,0.06402,0.04268,0.02668,0.08002
,,,,231,14,0.0582,0.0388,0.02425,0.07275
,,,,232,15,0.05238,0.03492,0.02183,0.06548
,,,,233,16,0.0582,0.0388,0.02425,0.07275
,,,,234,17,0.09312,0.06208,0.0388,0.1164
,,,,235,18,0.1164,0.0776,0.0485,0.1455
,,,,236,19,0.11058,0.07372,0.04607,0.13822
,,,,237,20,0.09312,0.06208,0.0388,0.1164
,,,,238,21,0.06984,0.04656,0.0291,0.0873
,,,,239,22,0.04656,0.03104,0.0194,0.0582
,,,,240,23,0.03492,0.02328,0.01455,0.04365
,,,,241,0,0.0291,0.0194,0.01213,0.03637
,,,,242,1,0.02561,0.01707,0.01067,0.03201
,,,,243,2,0.02328,0.01552,0.0097,0.0291
,,,,244,3,0.02328,0.01552,0.0097,0.0291
,,,,245,4,0.02561,0.01707,0.01067,0.03201
,,,,246,5,0.03492,0.02328,0.01455,0.04365
,,,,247,6,0.05238,0.03492,0.02183,0.06548
,,,,248,7,0.0582,0.0388,0.02425,0.07275
,,,,249,8,0.06402,0.04268,0.02668,0.08002
,,,,250,9,0.06984,0.04656,0.0291,0.0873
,,,,251,10,0.07217,0.04811,0.03007,0.09021
,,,,252,11,0.06984,0.04656,0.0291,0.0873
,,,,253,12,0.06751,0.04501,0.02813,0.08439
,,,,254,13,0.06402,0.04268,0.02668,0.08002
,,,,255,14,0.0582,0.0388,0.02425,0.07275
,,,,256,15,0.05238,0.03492,0.02183,0.06548
,,,,257,16,0.0582,0.0388,0.02425,0.07275
,,,,258,17,0.09312,0.06208,0.0388,0.1164
,,,,259,18,0.1164,0.0776,0.0485,0.1455
,,,,260,19,0.11058,0.07372,0.04607,0.13822
,,,,261,20,0.09312,0.06208,0.0388,0.1164
,,,,262,21,0.06984,0.04656,0.0291,0.0873
,,,,263,22,0.04656,0.03104,0.0194,0.0582
,,,,264,23,0.03492,0.02328,0.01455,0.04365
,,,,265,0,0.0291,0.0194,0.01213,0.03637
,,,,266,1,0.02561,0.01707,0.01067,0.03201
,,,,267,2,0.02328,0.01552,0.0097,0.0291
,,,,268,3,0.02328,0.01552,0.0097,0.0291
,,,,269,4,0.02561,0.01707,0.01067,0.03201
,,,,270,5,0.03492,0.02328,0.01455,0.04365
,,,,271,6,0.05238,0.03492,0.02183,0.06548
,,,,272,7,0.0582,0.0388,0.02425,0.07275
,,,,273,8,0.06402,0.04268,0.02668,0.08002
,,,,274,9,0.06984,0.04656,0.0291,0.0873
,,,,275,10,0.07217,0.04811,0.03007,0.09021
,,,,276,11,0.06984,0.04656,0.0291,0.0873
,,,,277,12,0.06751,0.04501,0.02813,0.08439
,,,,278,13,0.06402,0.04268,0.02668,0.08002
,,,,279,14,0.0582,0.0388,0.02425,0.07275
,,,,280,15,0.05238,0.03492,0.02183,0.06548
,,,,281,16,0.0582,0.0388,0.02425,0.07275
,,,,282,17,0.09312,0.06208,0.0388,0.1164
,,,,283,18,0.1164,0.0776,0.0485,0.1455
,,,,284,19,0.11058,0.07372,0.04607,0.13822
,,,,285,20,0.09312,0.06208,0.0388,0.1164
,,,,286,21,0.06984,0.04656,0.0291,0.0873
,,,,287,22,0.04656,0.03104,0.0194,0.0582
,,,,288,23,0.03492,0.02328,0.01455,0.04365
,,,,289,0,0.0291,0.0194,0.01213,0.03637
,,,,290,1,0.02561,0.01707,0.01067,0.03201
,,,,291,2,0.02328,0.01552,0.0097,0.0291
,,,,292,3,0.02328,0.01552,0.0097,0.0291
,,,,293,4,0.02561,0.01707,0.01067,0.03201
,,,,294,5,0.03492,0.02328,0.01455,0.04365
,,,,295,6,0.05238,0.03492,0.02183,0.06548
,,,,296,7,0.0582,0.0388,0.02425,0.07275
,,,,297,8,0.06402,0.04268,0.02668,0.08002
,,,,298,9,0.06984,0.04656,0.0291,0.0873
,,,,299,10,0.07217,0.04811,0.03007,0.09021
,,,,300,11,0.06984,0.04656,0.0291,0.0873
,,,,301,12,0.06751,0.04501,0.02813,0.08439
,,,,302,13,0.06402,0.04268,0.02668,0.08002
,,,,303,14,0.0582,0.0388,0.02425,0.07275
,,,,304,15,0.05238,0.03492,0.02183,0.06548
,,,,305,16,0.0582,0.0388,0.02425,0.07275
,,,,306,17,0.09312,0.06208,0.0388,0.1164
,,,,307,18,0.1164,0.0776,0.0485,0.1455
,,,,308,19,0.11058,0.07372,0.04607,0.13822
,,,,309,20,0.09312,0.06208,0.0388,0.1164
,,,,310,21,0.06984,0.04656,0.0291,0.0873
,,,,311,22,0.04656,0.03104,0.0194,0.0582
,,,,312,23,0.03492,0.02328,0.01455,0.04365
,,,,313,0,0.0291,0.0194,0.01213,0.03637
,,,,314,1,0.02561,0.01707,0.01067,0.03201
,,,,315,2,0.02328,0.01552,0.0097,0.0291
,,,,316,3,0.02328,0.01552,0.0097,0.0291
,,,,317,4,0.02561,0.01707,0.01067,0.03201
,,,,318,5,0.03492,0.02328,0.01455,0.04365
,,,,319,6,0.05238,0.03492,0.02183,0.06548
,,,,320,7,0.0582,0.0388,0.02425,0.07275
,,,,321,8,0.06402,0.04268,0.02668,0.08002
,,,,322,9,0.06984,0.04656,0.0291,0.0873
,,,,323,10,0.07217,0.04811,0.03007,0.09021
,,,,324,11,0.06984,0.04656,0.0291,0.0873
,,,,325,12,0.06751,0.04501,0.02813,0.08439
,,,,326,13,0.06402,0.04268,0.02668,0.08002
,,,,327,14,0.0582,0.0388,0.02425,0.07275
,,,,328,15,0.05238,0.03492,0.02183,0.06548
,,,,329,16,0.0582,0.0388,0.02425,0.07275
,,,,330,17,0.09312,0.06208,0.0388,0.1164
,,,,331,18,0.1164,0.0776,0.0485,0.1455
,,,,332,19,0.11058,0.07372,0.04607,0.13822
,,,,333,20,0.09312,0.06208,0.0388,0.1164
,,,,334,21,0.06984,0.04656,0.0291,0.0873
,,,,335,22,0.04656,0.03104,0.0194,0.0582
,,,,336,23,0.03492,0.02328,0.01455,0.04365
,,,,337,0,0.0285,0.019,0.01188,0.03562
,,,,338,1,0.02508,0.01672,0.01045,0.03135
,,,,339,2,0.0228,0.0152,0.0095,0.0285
,,,,340,3,0.0228,0.0152,0.0095,0.0285
,,,,341,4,0.02508,0.01672,0.01045,0.03135
,,,,342,5,0.0342,0.0228,0.01425,0.04275
,,,,343,6,0.0513,0.0342,0.02138,0.06413
,,,,344,7,0.057,0.038,0.02375,0.07125
,,,,345,8,0.0627,0.0418,0.02613,0.07838
,,,,346,9,0.0684,0.0456,0.0285,0.0855
,,,,347,10,0.07068,0.04712,0.02945,0.08835
,,,,348,11,0.0684,0.0456,0.0285,0.0855
,,,,349,12,0.06612,0.04408,0.02755,0.08265
,,,,350,13,0.0627,0.0418,0.02613,0.07838
,,,,351,14,0.057,0.038,0.02375,0.07125
,,,,352,15,0.0513,0.0342,0.02138,0.06413
,,,,353,16,0.057,0.038,0.02375,0.07125
,,,,354,17,0.0912,0.0608,0.038,0.114
,,,,355,18,0.114,0.076,0.0475,0.1425
,,,,356,19,0.1083,0.0722,0.04512,0.13537
,,,,357,20,0.0912,0.0608,0.038,0.114
,,,,358,21,0.0684,0.0456,0.0285,0.0855
,,,,359,22,0.0456,0.0304,0.019,0.057
,,,,360,23,0.0342,0.0228,0.01425,0.04275
,,,,361,0,0.0285,0.019,0.01188,0.03562
,,,,362,1,0.02508,0.01672,0.01045,0.03135
,,,,363,2,0.0228,0.0152,0.0095,0.0285
,,,,364,3,0.0228,0.0152,0.0095,0.0285
,,,,365,4,0.02508,0.01672,0.01045,0.03135
,,,,366,5,0.0342,0.0228,0.01425,0.04275
,,,,367,6,0.0513,0.0342,0.02138,0.06413
,,,,368,7,0.057,0.038,0.02375,0.07125
,,,,369,8,0.0627,0.0418,0.02613,0.07838
,,,,370,9,0.0684,0.0456,0.0285,0.0855
,,,,371,10,0.07068,0.04712,0.02945,0.08835
,,,,372,11,0.0684,0.0456,0.0285,0.0855
,,,,373,12,0.06612,0.04408,0.02755,0.08265
,,,,374,13,0.0627,0.0418,0.02613,0.07838
,,,,375,14,0.057,0.038,0.02375,0.07125
,,,,376,15,0.0513,0.0342,0.02138,0.06413
,,,,377,16,0.057,0.038,0.02375,0.07125
,,,,378,17,0.0912,0.0608,0.038,0.114
,,,,379,18,0.114,0.076,0.0475,0.1425
,,,,380,19,0.1083,0.0722,0.04512,0.13537
,,,,381,20,0.0912,0.0608,0.038,0.114
,,,,382,21,0.0684,0.0456,0.0285,0.0855
,,,,383,22,0.0456,0.0304,0.019,0.057
,,,,384,23,0.0342,0.0228,0.01425,0.04275
,,,,385,0,0.0285,0.019,0.01188,0.03562
,,,,386,1,0.02508,0.01672,0.01045,0.03135
,,,,387,2,0.0228,0.0152,0.0095,0.0285
,,,,388,3,0.0228,0.0152,0.0095,0.0285
,,,,389,4,0.02508,0.01672,0.01045,0.03135
,,,,390,5,0.0342,0.0228,0.01425,0.04275
,,,,391,6,0.0513,0.0342,0.02138,0.06413
,,,,392,7,0.057,0.038,0.02375,0.07125
,,,,393,8,0.0627,0.0418,0.02613,0.07838
,,,,394,9,0.0684,0.0456,0.0285,0.0855
,,,,395,10,0.07068,0.04712,0.02945,0.08835
,,,,396,11,0.0684,0.0456,0.0285,0.0855
,,,,397,12,0.06612,0.04408,0.02755,0.08265
,,,,398,13,0.0627,0.0418,0.02613,0.07838
,,,,399,14,0.057,0.038,0.02375,0.07125
,,,,400,15,0.0513,0.0342,0.02138,0.06413
,,,,401,16,0.057,0.038,0.02375,0.07125
,,,,402,17,0.0912,0.0608,0.038,0.114
,,,,403,18,0.114,0.076,0.0475,0.1425
,,,,404,19,0.1083,0.0722,0.04512,0.13537
,,,,405,20,0.0912,0.0608,0.038,0.114
,,,,406,21,0.0684,0.0456,0.0285,0.0855
,,,,407,22,0.0456,0.0304,0.019,0.057
,,,,408,23,0.0342,0.0228,0.01425,0.04275
,,,,409,0,0.0285,0.019,0.01188,0.03562
,,,,410,1,0.02508,0.01672,0.01045,0.03135
,,,,411,2,0.0228,0.0152,0.0095,0.0285
,,,,412,3,0.0228,0.0152,0.0095,0.0285
,,,,413,4,0.02508,0.01672,0.01045,0.03135
,,,,414,5,0.0342,0.0228,0.01425,0.04275
,,,,415,6,0.0513,0.0342,0.02138,0.06413
,,,,416,7,0.057,0.038,0.02375,0.07125
,,,,417,8,0.0627,0.0418,0.02613,0.07838
,,,,418,9,0.0684,0.0456,0.0285,0.0855
,,,,419,10,0.07068,0.04712,0.02945,0.08835
,,,,420,11,0.0684,0.0456,0.0285,0.0855
,,,,421,12,0.06612,0.04408,0.02755,0.08265
,,,,422,13,0.0627,0.0418,0.02613,0.07838
,,,,423,14,0.057,0.038,0.02375,0.07125
,,,,424,15,0.0513,0.0342,0.02138,0.06413
,,,,425,16,0.057,0.038,0.02375,0.07125
,,,,426,17,0.0912,0.0608,0.038,0.114
,,,,427,18,0.114,0.076,0.0475,0.1425
,,,,428,19,0.1083,0.0722,0.04512,0.13537
,,,,429,20,0.0912,0.0608,0.038,0.114
,,,,430,21,0.0684,0.0456,0.0285,0.0855
,,,,431,22,0.0456,0.0304,0.019,0.057
,,,,432,23,0.0342,0.0228,0.01425,0.04275
,,,,433,0,0.0285,0.019,0.01188,0.03562
,,,,434,1,0.02508,0.01672,0.01045,0.03135
,,,,435,2,0.0228,0.0152,0.0095,0.0285
,,,,436,3,0.0228,0.0152,0.0095,0.0285
,,,,437,4,0.02508,0.01672,0.01045,0.03135
,,,,438,5,0.0342,0.0228,0.01425,0.04275
,,,,439,6,0.0513,0.0342,0.02138,0.06413
,,,,440,7,0.057,0.038,0.02375,0.07125
,,,,441,8,0.0627,0.0418,0.02613,0.07838
,,,,442,9,0.0684,0.0456,0.0285,0.0855
,,,,443,10,0.07068,0.04712,0.02945,0.08835
,,,,444,11,0.0684,0.0456,0.0285,0.0855
,,,,445,12,0.06612,0.04408,0.02755,0.08265
,,,,446,13,0.0627,0.0418,0.02613,0.07838
,,,,447,14,0.057,0.038,0.02375,0.07125
,,,,448,15,0.0513,0.0342,0.02138,0.06413
,,,,449,16,0.057,0.038,0.02375,0.07125
,,,,450,17,0.0912,0.0608,0.038,0.114
,,,,451,18,0.114,0.076,0.0475,0.1425
,,,,452,19,0.1083,0.0722,0.04512,0.13537
,,,,453,20,0.0912,0.0608,0.038,0.114
,,,,454,21,0.0684,0.0456,0.0285,0.0855
,,,,455,22,0.0456,0.0304,0.019,0.057
,,,,456,23,0.0342,0.0228,0.01425,0.04275
,,,,457,0,0.0285,0.019,0.01188,0.03562
,,,,458,1,0.02508,0.01672,0.01045,0.03135
,,,,459,2,0.0228,0.0152,0.0095,0.0285
,,,,460,3,0.0228,0.0152,0.0095,0.0285
,,,,461,4,0.02508,0.01672,0.01045,0.03135
,,,,462,5,0.0342,0.0228,0.01425,0.04275
,,,,463,6,0.0513,0.0342,0.02138,0.06413
,,,,464,7,0.057,0.038,0.02375,0.07125
,,,,465,8,0.0627,0.0418,0.02613,0.07838
,,,,466,9,0.0684,0.0456,0.0285,0.0855
,,,,467,10,0.07068,0.04712,0.02945,0.08835
,,,,468,11,0.0684,0.0456,0.0285,0.0855
,,,,469,12,0.06612,0.04408,0.02755,0.08265
,,,,470,13,0.0627,0.0418,0.02613,0.07838
,,,,471,14,0.057,0.038,0.02375,0.07125
,,,,472,15,0.0513,0.0342,0.02138,0.06413
,,,,473,16,0.057,0.038,0.02375,0.07125
,,,,474,17,0.0912,0.0608,0.038,0.114
,,,,475,18,0.114,0.076,0.0475,0.1425
,,,,476,19,0.1083,0.0722,0.04512,0.13537
,,,,477,20,0.0912,0.0608,0.038,0.114
,,,,478,21,0.0684,0.0456,0.0285,0.0855
,,,,479,22,0.0456,0.0304,0.019,0.057
,,,,480,23,0.0342,0.0228,0.01425,0.04275
,,,,481,0,0.0285,0.019,0.01188,0.03562
,,,,482,1,0.02508,0.01672,0.01045,0.03135
,,,,483,2,0.0228,0.0152,0.0095,0.0285
,,,,484,3,0.0228,0.0152,0.0095,0.0285
,,,,485,4,0.02508,0.01672,0.01045,0.03135
,,,,486,5,0.0342,0.0228,0.01425,0.04275
,,,,487,6,0.0513,0.0342,0.02138,0.06413
,,,,488,7,0.057,0.038,0.02375,0.07125
,,,,489,8,0.0627,0.0418,0.02613,0.07838
,,,,490,9,0.0684,0.0456,0.0285,0.0855
,,,,491,10,0.07068,0.04712,0.02945,0.08835
,,,,492,11,0.0684,0.0456,0.0285,0.0855
,,,,493,12,0.06612,0.04408,0.02755,0.08265
,,,,494,13,0.0627,0.0418,0.02613,0.07838
,,,,495,14,0.057,0.038,0.02375,0.07125
,,,,496,15,0.0513,0.0342,0.02138,0.06413
,,,,497,16,0.057,0.038,0.02375,0.07125
,,,,498,17,0.0912,0.0608,0.038,0.114
,,,,499,18,0.114,0.076,0.0475,0.1425
,,,,500,19,0.1083,0.0722,0.04512,0.13537
,,,,501,20,0.0912,0.0608,0.038,0.114
,,,,502,21,0.0684,0.0456,0.0285,0.0855
,,,,503,22,0.0456,0.0304,0.019,0.057
,,,,504,23,0.0342,0.0228,0.01425,0.04275
,,,,505,0,0.0306,0.0204,0.01275,0.03825
,,,,506,1,0.02693,0.01795,0.01122,0.03366
,,,,507,2,0.02448,0.01632,0.0102,0.0306
,,,,508,3,0.02448,0.01632,0.0102,0.0306
,,,,509,4,0.02693,0.01795,0.01122,0.03366
,,,,510,5,0.03672,0.02448,0.0153,0.0459
,,,,511,6,0.05508,0.03672,0.02295,0.06885
,,,,512,7,0.0612,0.0408,0.0255,0.0765
,,,,513,8,0.06732,0.04488,0.02805,0.08415
,,,,514,9,0.07344,0.04896,0.0306,0.0918
,,,,515,10,0.07589,0.05059,0.03162,0.09486
,,,,516,11,0.07344,0.04896,0.0306,0.0918
,,,,517,12,0.07099,0.04733,0.02958,0.08874
,,,,518,13,0.06732,0.04488,0.02805,0.08415
,,,,519,14,0.0612,0.0408,0.0255,0.0765
,,,,520,15,0.05508,0.03672,0.02295,0.06885
,,,,521,16,0.0612,0.0408,0.0255,0.0765
,,,,522,17,0.09792,0.06528,0.0408,0.1224
,,,,523,18,0.1224,0.0816,0.051,0.153
,,,,524,19,0.11628,0.07752,0.04845,0.14535
,,,,525,20,0.09792,0.06528,0.0408,0.1224
,,,,526,21,0.07344,0.04896,0.0306,0.0918
,,,,527,22,0.04896,0.03264,0.0204,0.0612
,,,,528,23,0.03672,0.02448,0.0153,0.0459
,,,,529,0,0.0306,0.0204,0.01275,0.03825
,,,,530,1,0.02693,0.01795,0.01122,0.03366
,,,,531,2,0.02448,0.01632,0.0102,0.0306
,,,,532,3,0.02448,0.01632,0.0102,0.0306
,,,,533,4,0.02693,0.01795,0.01122,0.03366
,,,,534,5,0.03672,0.02448,0.0153,0.0459
,,,,535,6,0.05508,0.03672,0.02295,0.06885
,,,,536,7,0.0612,0.0408,0.0255,0.0765
,,,,537,8,0.06732,0.04488,0.02805,0.08415
,,,,538,9,0.07344,0.04896,0.0306,0.0918
,,,,539,10,0.07589,0.05059,0.03162,0.09486
,,,,540,11,0.07344,0.04896,0.0306,0.0918
,,,,541,12,0.07099,0.04733,0.02958,0.08874
,,,,542,13,0.06732,0.04488,0.02805,0.08415
,,,,543,14,0.0612,0.0408,0.0255,0.0765
,,,,544,15,0.05508,0.03672,0.02295,0.06885
,,,,545,16,0.0612,0.0408,0.0255,0.0765
,,,,546,17,0.09792,0.06528,0.0408,0.1224
,,,,547,18,0.1224,0.0816,0.051,0.153
,,,,548,19,0.11628,0.07752,0.04845,0.14535
,,,,549,20,0.09792,0.06528,0.0408,0.1224
,,,,550,21,0.07344,0.04896,0.0306,0.0918
,,,,551,22,0.04896,0.03264,0.0204,0.0612
,,,,552,23,0.03672,0.02448,0.0153,0.0459
,,,,553,0,0.0306,0.0204,0.01275,0.03825
,,,,554,1,0.02693,0.01795,0.01122,0.03366
,,,,555,2,0.02448,0.01632,0.0102,0.0306
,,,,556,3,0.02448,0.01632,0.0102,0.0306
,,,,557,4,0.02693,0.01795,0.01122,0.03366
,,,,558,5,0.03672,0.02448,0.0153,0.0459
,,,,559,6,0.05508,0.03672,0.02295,0.06885
,,,,560,7,0.0612,0.0408,0.0255,0.0765
,,,,561,8,0.06732,0.04488,0.02805,0.08415
,,,,562,9,0.07344,0.04896,0.0306,0.0918
,,,,563,10,0.07589,0.05059,0.03162,0.09486
,,,,564,11,0.07344,0.04896,0.0306,0.0918
,,,,565,12,0.07099,0.04733,0.02958,0.08874
,,,,566,13,0.06732,0.04488,0.02805,0.08415
,,,,567,14,0.0612,0.0408,0.0255,0.0765
,,,,568,15,0.05508,0.03672,0.02295,0.06885
,,,,569,16,0.0612,0.0408,0.0255,0.0765
,,,,570,17,0.09792,0.06528,0.0408,0.1224
,,,,571,18,0.1224,0.0816,0.051,0.153
,,,,572,19,0.11628,0.07752,0.04845,0.14535
,,,,573,20,0.09792,0.06528,0.0408,0.1224
,,,,574,21,0.07344,0.04896,0.0306,0.0918
,,,,575,22,0.04896,0.03264,0.0204,0.0612
,,,,576,23,0.03672,0.02448,0.0153,0.0459
,,,,577,0,0.0306,0.0204,0.01275,0.03825
,,,,578,1,0.02693,0.01795,0.01122,0.03366
,,,,579,2,0.02448,0.01632,0.0102,0.0306
,,,,580,3,0.02448,0.01632,0.0102,0.0306
,,,,581,4,0.02693,0.01795,0.01122,0.03366
,,,,582,5,0.03672,0.02448,0.0153,0.0459
,,,,583,6,0.05508,0.03672,0.02295,0.06885
,,,,584,7,0.0612,0.0408,0.0255,0.0765
,,,,585,8,0.06732,0.04488,0.02805,0.08415
,,,,586,9,0.07344,0.04896,0.0306,0.0918
,,,,587,10,0.07589,0.05059,0.03162,0.09486
,,,,588,11,0.07344,0.04896,0.0306,0.0918
,,,,589,12,0.07099,0.04733,0.02958,0.08874
,,,,590,13,0.06732,0.04488,0.02805,0.08415
,,,,591,14,0.0612,0.0408,0.0255,0.0765
,,,,592,15,0.05508,0.03672,0.02295,0.06885
,,,,593,16,0.0612,0.0408,0.0255,0.0765
,,,,594,17,0.09792,0.06528,0.0408,0.1224
,,,,595,18,0.1224,0.0816,0.051,0.153
,,,,596,19,0.11628,0.07752,0.04845,0.14535
,,,,597,20,0.09792,0.06528,0.0408,0.1224
,,,,598,21,0.07344,0.04896,0.0306,0.0918
,,,,599,22,0.04896,0.03264,0.0204,0.0612
,,,,600,23,0.03672,0.02448,0.0153,0.0459
,,,,601,0,0.0306,0.0204,0.01275,0.03825
,,,,602,1,0.02693,0.01795,0.01122,0.03366
,,,,603,2,0.02448,0.01632,0.0102,0.0306
,,,,604,3,0.02448,0.01632,0.0102,0.0306
,,,,605,4,0.02693,0.01795,0.01122,0.03366
,,,,606,5,0.03672,0.02448,0.0153,0.0459
,,,,607,6,0.05508,0.03672,0.02295,0.06885
,,,,608,7,0.0612,0.0408,0.0255,0.0765
,,,,609,8,0.06732,0.04488,0.02805,0.08415
,,,,610,9,0.07344,0.04896,0.0306,0.0918
,,,,611,10,0.07589,0.05059,0.03162,0.09486
,,,,612,11,0.07344,0.04896,0.0306,0.0918
,,,,613,12,0.07099,0.04733,0.02958,0.08874
,,,,614,13,0.06732,0.04488,0.02805,0.08415
,,,,615,14,0.0612,0.0408,0.0255,0.0765
,,,,616,15,0.05508,0.03672,0.02295,0.06885
,,,,617,16,0.0612,0.0408,0.0255,0.0765
,,,,618,17,0.09792,0.06528,0.0408,0.1224
,,,,619,18,0.1224,0.0816,0.051,0.153
,,,,620,19,0.11628,0.07752,0.04845,0.14535
,,,,621,20,0.09792,0.06528,0.0408,0.1224
,,,,622,21,0.07344,0.04896,0.0306,0.0918
,,,,623,22,0.04896,0.03264,0.0204,0.0612
,,,,624,23,0.03672,0.02448,0.0153,0.0459
,,,,625,0,0.0306,0.0204,0.01275,0.03825
,,,,626,1,0.02693,0.01795,0.01122,0.03366
,,,,627,2,0.02448,0.01632,0.0102,0.0306
,,,,628,3,0.02448,0.01632,0.0102,0.0306
,,,,629,4,0.02693,0.01795,0.01122,0.03366
,,,,630,5,0.03672,0.02448,0.0153,0.0459
,,,,631,6,0.05508,0.03672,0.02295,0.06885
,,,,632,7,0.0612,0.0408,0.0255,0.0765
,,,,633,8,0.06732,0.04488,0.02805,0.08415
,,,,634,9,0.07344,0.04896,0.0306,0.0918
,,,,635,10,0.07589,0.05059,0.03162,0.09486
,,,,636,11,0.07344,0.04896,0.0306,0.0918
,,,,637,12,0.07099,0.04733,0.02958,0.08874
,,,,638,13,0.06732,0.04488,0.02805,0.08415
,,,,639,14,0.0612,0.0408,0.0255,0.0765
,,,,640,15,0.05508,0.03672,0.02295,0.06885
,,,,641,16,0.0612,0.0408,0.0255,0.0765
,,,,642,17,0.09792,0.06528,0.0408,0.1224
,,,,643,18,0.1224,0.0816,0.051,0.153
,,,,644,19,0.11628,0.07752,0.04845,0.14535
,,,,645,20,0.09792,0.06528,0.0408,0.1224
,,,,646,21,0.07344,0.04896,0.0306,0.0918
,,,,647,22,0.04896,0.03264,0.0204,0.0612
,,,,648,23,0.03672,0.02448,0.0153,0.0459
,,,,649,0,0.0306,0.0204,0.01275,0.03825
,,,,650,1,0.02693,0.01795,0.01122,0.03366
,,,,651,2,0.02448,0.01632,0.0102,0.0306
,,,,652,3,0.02448,0.01632,0.0102,0.0306
,,,,653,4,0.02693,0.01795,0.01122,0.03366
,,,,654,5,0.03672,0.02448,0.0153,0.0459
,,,,655,6,0.05508,0.03672,0.02295,0.06885
,,,,656,7,0.0612,0.0408,0.0255,0.0765
,,,,657,8,0.06732,0.04488,0.02805,0.08415
,,,,658,9,0.07344,0.04896,0.0306,0.0918
,,,,659,10,0.07589,0.05059,0.03162,0.09486
,,,,660,11,0.07344,0.04896,0.0306,0.0918
,,,,661,12,0.07099,0.04733,0.02958,0.08874
,,,,662,13,0.06732,0.04488,0.02805,0.08415
,,,,663,14,0.0612,0.0408,0.0255,0.0765
,,,,664,15,0.05508,0.03672,0.02295,0.06885
,,,,665,16,0.0612,0.0408,0.0255,0.0765
,,,,666,17,0.09792,0.06528,0.0408,0.1224
,,,,667,18,0.1224,0.0816,0.051,0.153
,,,,668,19,0.11628,0.07752,0.04845,0.14535
,,,,669,20,0.09792,0.06528,0.0408,0.1224
,,,,670,21,0.07344,0.04896,0.0306,0.0918
,,,,671,22,0.04896,0.03264,0.0204,0.0612
,,,,672,23,0.03672,0.02448,0.0153,0.0459
,,,,673,0,0.0315,0.021,0.01313,0.03938
,,,,674,1,0.02772,0.01848,0.01155,0.03465
,,,,675,2,0.0252,0.0168,0.0105,0.0315
,,,,676,3,0.0252,0.0168,0.0105,0.0315
,,,,677,4,0.02772,0.01848,0.01155,0.03465
,,,,678,5,0.0378,0.0252,0.01575,0.04725
,,,,679,6,0.0567,0.0378,0.02363,0.07088
,,,,680,7,0.063,0.042,0.02625,0.07875
,,,,681,8,0.0693,0.0462,0.02888,0.08663
,,,,682,9,0.0756,0.0504,0.0315,0.0945
,,,,683,10,0.07812,0.05208,0.03255,0.09765
,,,,684,11,0.0756,0.0504,0.0315,0.0945
,,,,685,12,0.07308,0.04872,0.03045,0.09135
,,,,686,13,0.0693,0.0462,0.02888,0.08663
,,,,687,14,0.063,0.042,0.02625,0.07875
,,,,688,15,0.0567,0.0378,0.02363,0.07088
,,,,689,16,0.063,0.042,0.02625,0.07875
,,,,690,17,0.1008,0.0672,0.042,0.126
,,,,691,18,0.126,0.084,0.0525,0.1575
,,,,692,19,0.1197,0.0798,0.04988,0.14962
,,,,693,20,0.1008,0.0672,0.042,0.126
,,,,694,21,0.0756,0.0504,0.0315,0.0945
,,,,695,22,0.0504,0.0336,0.021,0.063
,,,,696,23,0.0378,0.0252,0.01575,0.04725
,,,,697,0,0.0315,0.021,0.01313,0.03938
,,,,698,1,0.02772,0.01848,0.01155,0.03465
,,,,699,2,0.0252,0.0168,0.0105,0.0315
,,,,700,3,0.0252,0.0168,0.0105,0.0315
,,,,701,4,0.02772,0.01848,0.01155,0.03465
,,,,702,5,0.0378,0.0252,0.01575,0.04725
,,,,703,6,0.0567,0.0378,0.02363,0.07088
,,,,704,7,0.063,0.042,0.02625,0.07875
,,,,705,8,0.0693,0.0462,0.02888,0.08663
,,,,706,9,0.0756,0.0504,0.0315,0.0945
,,,,707,10,0.07812,0.05208,0.03255,0.09765
,,,,708,11,0.0756,0.0504,0.0315,0.0945
,,,,709,12,0.07308,0.04872,0.03045,0.09135
,,,,710,13,0.0693,0.0462,0.02888,0.08663
,,,,711,14,0.063,0.042,0.02625,0.07875
,,,,712,15,0.0567,0.0378,0.02363,0.07088
,,,,713,16,0.063,0.042,0.02625,0.07875
,,,,714,17,0.1008,0.0672,0.042,0.126
,,,,715,18,0.126,0.084,0.0525,0.1575
,,,,716,19,0.1197,0.0798,0.04988,0.14962
,,,,717,20,0.1008,0.0672,0.042,0.126
,,,,718,21,0.0756,0.0504,0.0315,0.0945
,,,,719,22,0.0504,0.0336,0.021,0.063
,,,,720,23,0.0378,0.0252,0.01575,0.04725
,,,,721,0,0.0315,0.021,0.01313,0.03938
,,,,722,1,0.02772,0.01848,0.01155,0.03465
,,,,723,2,0.0252,0.0168,0.0105,0.0315
,,,,724,3,0.0252,0.0168,0.0105,0.0315
,,,,725,4,0.02772,0.01848,0.01155,0.03465
,,,,726,5,0.0378,0.0252,0.01575,0.04725
,,,,727,6,0.0567,0.0378,0.02363,0.07088
,,,,728,7,0.063,0.042,0.02625,0.07875
,,,,729,8,0.0693,0.0462,0.02888,0.08663
,,,,730,9,0.0756,0.0504,0.0315,0.0945
,,,,731,10,0.07812,0.05208,0.03255,0.09765
,,,,732,11,0.0756,0.0504,0.0315,0.0945
,,,,733,12,0.07308,0.04872,0.03045,0.09135
,,,,734,13,0.0693,0.0462,0.02888,0.08663
,,,,735,14,0.063,0.042,0.02625,0.07875
,,,,736,15,0.0567,0.0378,0.02363,0.07088
,,,,737,16,0.063,0.042,0.02625,0.07875
,,,,738,17,0.1008,0.0672,0.042,0.126
,,,,739,18,0.126,0.084,0.0525,0.1575
,,,,740,19,0.1197,0.0798,0.04988,0.14962
,,,,741,20,0.1008,0.0672,0.042,0.126
,,,,742,21,0.0756,0.0504,0.0315,0.0945
,,,,743,22,0.0504,0.0336,0.021,0.063
,,,,744,23,0.0378,0.0252,0.01575,0.04725
,,,,745,0,0.0315,0.021,0.01313,0.03938
,,,,746,1,0.02772,0.01848,0.01155,0.03465
,,,,747,2,0.0252,0.0168,0.0105,0.0315
,,,,748,3,0.0252,0.0168,0.0105,0.0315
,,,,749,4,0.02772,0.01848,0.01155,0.03465
,,,,750,5,0.0378,0.0252,0.01575,0.04725
,,,,751,6,0.0567,0.0378,0.02363,0.07088
,,,,752,7,0.063,0.042,0.02625,0.07875
,,,,753,8,0.0693,0.0462,0.02888,0.08663
,,,,754,9,0.0756,0.0504,0.0315,0.0945
,,,,755,10,0.07812,0.05208,0.03255,0.09765
,,,,756,11,0.0756,0.0504,0.0315,0.0945
,,,,757,12,0.07308,0.04872,0.03045,0.09135
,,,,758,13,0.0693,0.0462,0.02888,0.08663
,,,,759,14,0.063,0.042,0.02625,0.07875
,,,,760,15,0.0567,0.0378,0.02363,0.07088
,,,,761,16,0.063,0.042,0.02625,0.07875
,,,,762,17,0.1008,0.0672,0.042,0.126
,,,,763,18,0.126,0.084,0.0525,0.1575
,,,,764,19,0.1197,0.0798,0.04988,0.14962
,,,,765,20,0.1008,0.0672,0.042,0.126
,,,,766,21,0.0756,0.0504,0.0315,0.0945
,,,,767,22,0.0504,0.0336,0.021,0.063
,,,,768,23,0.0378,0.0252,0.01575,0.04725
,,,,769,0,0.0315,0.021,0.01313,0.03938
,,,,770,1,0.02772,0.01848,0.01155,0.03465
,,,,771,2,0.0252,0.0168,0.0105,0.0315
,,,,772,3,0.0252,0.0168,0.0105,0.0315
,,,,773,4,0.02772,0.01848,0.01155,0.03465
,,,,774,5,0.0378,0.0252,0.01575,0.04725
,,,,775,6,0.0567,0.0378,0.02363,0.07088
,,,,776,7,0.063,0.042,0.02625,0.07875
,,,,777,8,0.0693,0.0462,0.02888,0.08663
,,,,778,9,0.0756,0.0504,0.0315,0.0945
,,,,779,10,0.07812,0.05208,0.03255,0.09765
,,,,780,11,0.0756,0.0504,0.0315,0.0945
,,,,781,12,0.07308,0.04872,0.03045,0.09135
,,,,782,13,0.0693,0.0462,0.02888,0.08663
,,,,783,14,0.063,0.042,0.02625,0.07875
,,,,784,15,0.0567,0.0378,0.02363,0.07088
,,,,785,16,0.063,0.042,0.02625,0.07875
,,,,786,17,0.1008,0.0672,0.042,0.126
,,,,787,18,0.126,0.084,0.0525,0.1575
,,,,788,19,0.1197,0.0798,0.04988,0.14962
,,,,789,20,0.1008,0.0672,0.042,0.126
,,,,790,21,0.0756,0.0504,0.0315,0.0945
,,,,791,22,0.0504,0.0336,0.021,0.063
,,,,792,23,0.0378,0.0252,0.01575,0.04725
,,,,793,0,0.0315,0.021,0.01313,0.03938
,,,,794,1,0.02772,0.01848,0.01155,0.03465
,,,,795,2,0.0252,0.0168,0.0105,0.0315
,,,,796,3,0.0252,0.0168,0.0105,0.0315
,,,,797,4,0.02772,0.01848,0.01155,0.03465
,,,,798,5,0.0378,0.0252,0.01575,0.04725
,,,,799,6,0.0567,0.0378,0.02363,0.07088
,,,,800,7,0.063,0.042,0.02625,0.07875
,,,,801,8,0.0693,0.0462,0.02888,0.08663
,,,,802,9,0.0756,0.0504,0.0315,0.0945
,,,,803,10,0.07812,0.05208,0.03255,0.09765
,,,,804,11,0.0756,0.0504,0.0315,0.0945
,,,,805,12,0.07308,0.04872,0.03045,0.09135
,,,,806,13,0.0693,0.0462,0.02888,0.08663
,,,,807,14,0.063,0.042,0.02625,0.07875
,,,,808,15,0.0567,0.0378,0.02363,0.07088
,,,,809,16,0.063,0.042,0.02625,0.07875
,,,,810,17,0.1008,0.0672,0.042,0.126
,,,,811,18,0.126,0.084,0.0525,0.1575
,,,,812,19,0.1197,0.0798,0.04988,0.14962
,,,,813,20,0.1008,0.0672,0.042,0.126
,,,,814,21,0.0756,0.0504,0.0315,0.0945
,,,,815,22,0.0504,0.0336,0.021,0.063
,,,,816,23,0.0378,0.0252,0.01575,0.04725
,,,,817,0,0.0315,0.021,0.01313,0.03938
,,,,818,1,0.02772,0.01848,0.01155,0.03465
,,,,819,2,0.0252,0.0168,0.0105,0.0315
,,,,820,3,0.0252,0.0168,0.0105,0.0315
,,,,821,4,0.02772,0.01848,0.01155,0.03465
,,,,822,5,0.0378,0.0252,0.01575,0.04725
,,,,823,6,0.0567,0.0378,0.02363,0.07088
,,,,824,7,0.063,0.042,0.02625,0.07875
,,,,825,8,0.0693,0.0462,0.02888,0.08663
,,,,826,9,0.0756,0.0504,0.0315,0.0945
,,,,827,10,0.07812,0.05208,0.03255,0.09765
,,,,828,11,0.0756,0.0504,0.0315,0.0945
,,,,829,12,0.07308,0.04872,0.03045,0.09135
,,,,830,13,0.0693,0.0462,0.02888,0.08663
,,,,831,14,0.063,0.042,0.02625,0.07875
,,,,832,15,0.0567,0.0378,0.02363,0.07088
,,,,833,16,0.063,0.042,0.02625,0.07875
,,,,834,17,0.1008,0.0672,0.042,0.126
,,,,835,18,0.126,0.084,0.0525,0.1575
,,,,836,19,0.1197,0.0798,0.04988,0.14962
,,,,837,20,0.1008,0.0672,0.042,0.126
,,,,838,21,0.0756,0.0504,0.0315,0.0945
,,,,839,22,0.0504,0.0336,0.021,0.063
,,,,840,23,0.0378,0.0252,0.01575,0.04725
,,,,841,0,0.0294,0.0196,0.01225,0.03675
,,,,842,1,0.02587,0.01725,0.01078,0.03234
,,,,843,2,0.02352,0.01568,0.0098,0.0294
,,,,844,3,0.02352,0.01568,0.0098,0.0294
,,,,845,4,0.02587,0.01725,0.01078,0.03234
,,,,846,5,0.03528,0.02352,0.0147,0.0441
,,,,847,6,0.05292,0.03528,0.02205,0.06615
,,,,848,7,0.0588,0.0392,0.0245,0.0735
,,,,849,8,0.06468,0.04312,0.02695,0.08085
,,,,850,9,0.07056,0.04704,0.0294,0.0882
,,,,851,10,0.07291,0.04861,0.03038,0.09114
,,,,852,11,0.07056,0.04704,0.0294,0.0882
,,,,853,12,0.06821,0.04547,0.02842,0.08526
,,,,854,13,0.06468,0.04312,0.02695,0.08085
,,,,855,14,0.0588,0.0392,0.0245,0.0735
,,,,856,15,0.05292,0.03528,0.02205,0.06615
,,,,857,16,0.0588,0.0392,0.0245,0.0735
,,,,858,17,0.09408,0.06272,0.0392,0.1176
,,,,859,18,0.1176,0.0784,0.049,0.147
,,,,860,19,0.11172,0.07448,0.04655,0.13965
,,,,861,20,0.09408,0.06272,0.0392,0.1176
,,,,862,21,0.07056,0.04704,0.0294,0.0882
,,,,863,22,0.04704,0.03136,0.0196,0.0588
,,,,864,23,0.03528,0.02352,0.0147,0.0441
,,,,865,0,0.0294,0.0196,0.01225,0.03675
,,,,866,1,0.02587,0.01725,0.01078,0.03234
,,,,867,2,0.02352,0.01568,0.0098,0.0294
,,,,868,3,0.02352,0.01568,0.0098,0.0294
,,,,869,4,0.02587,0.01725,0.01078,0.03234
,,,,870,5,0.03528,0.02352,0.0147,0.0441
,,,,871,6,0.05292,0.03528,0.02205,0.06615
,,,,872,7,0.0588,0.0392,0.0245,0.0735
,,,,873,8,0.06468,0.04312,0.02695,0.08085
,,,,874,9,0.07056,0.04704,0.0294,0.0882
,,,,875,10,0.07291,0.04861,0.03038,0.09114
,,,,876,11,0.07056,0.04704,0.0294,0.0882
,,,,877,12,0.06821,0.04547,0.02842,0.08526
,,,,878,13,0.06468,0.04312,0.02695,0.08085
,,,,879,14,0.0588,0.0392,0.0245,0.0735
,,,,880,15,0.05292,0.03528,0.02205,0.06615
,,,,881,16,0.0588,0.0392,0.0245,0.0735
,,,,882,17,0.09408,0.06272,0.0392,0.1176
,,,,883,18,0.1176,0.0784,0.049,0.147
,,,,884,19,0.11172,0.07448,0.04655,0.13965
,,,,885,20,0.09408,0.06272,0.0392,0.1176
,,,,886,21,0.07056,0.04704,0.0294,0.0882
,,,,887,22,0.04704,0.03136,0.0196,0.0588
,,,,888,23,0.03528,0.02352,0.0147,0.0441
,,,,889,0,0.0294,0.0196,0.01225,0.03675
,,,,890,1,0.02587,0.01725,0.01078,0.03234
,,,,891,2,0.02352,0.01568,0.0098,0.0294
,,,,892,3,0.02352,0.01568,0.0098,0.0294
,,,,893,4,0.02587,0.01725,0.01078,0.03234
,,,,894,5,0.03528,0.02352,0.0147,0.0441
,,,,895,6,0.05292,0.03528,0.02205,0.06615
,,,,896,7,0.0588,0.0392,0.0245,0.0735
,,,,897,8,0.06468,0.04312,0.02695,0.08085
,,,,898,9,0.07056,0.04704,0.0294,0.0882
,,,,899,10,0.07291,0.04861,0.03038,0.09114
,,,,900,11,0.07056,0.04704,0.0294,0.0882
,,,,901,12,0.06821,0.04547,0.02842,0.08526
,,,,902,13,0.06468,0.04312,0.02695,0.08085
,,,,903,14,0.0588,0.0392,0.0245,0.0735
,,,,904,15,0.05292,0.03528,0.02205,0.06615
,,,,905,16,0.0588,0.0392,0.0245,0.0735
,,,,906,17,0.09408,0.06272,0.0392,0.1176
,,,,907,18,0.1176,0.0784,0.049,0.147
,,,,908,19,0.11172,0.07448,0.04655,0.13965
,,,,909,20,0.09408,0.06272,0.0392,0.1176
,,,,910,21,0.07056,0.04704,0.0294,0.0882
,,,,911,22,0.04704,0.03136,0.0196,0.0588
,,,,912,23,0.03528,0.02352,0.0147,0.0441
,,,,913,0,0.0294,0.0196,0.01225,0.03675
,,,,914,1,0.02587,0.01725,0.01078,0.03234
,,,,915,2,0.02352,0.01568,0.0098,0.0294
,,,,916,3,0.02352,0.01568,0.0098,0.0294
,,,,917,4,0.02587,0.01725,0.01078,0.03234
,,,,918,5,0.03528,0.02352,0.0147,0.0441
,,,,919,6,0.05292,0.03528,0.02205,0.06615
,,,,920,7,0.0588,0.0392,0.0245,0.0735
,,,,921,8,0.06468,0.04312,0.02695,0.08085
,,,,922,9,0.07056,0.04704,0.0294,0.0882
,,,,923,10,0.07291,0.04861,0.03038,0.09114
,,,,924,11,0.07056,0.04704,0.0294,0.0882
,,,,925,12,0.06821,0.04547,0.02842,0.08526
,,,,926,13,0.06468,0.04312,0.02695,0.08085
,,,,927,14,0.0588,0.0392,0.0245,0.0735
,,,,928,15,0.05292,0.03528,0.02205,0.06615
,,,,929,16,0.0588,0.0392,0.0245,0.0735
,,,,930,17,0.09408,0.06272,0.0392,0.1176
,,,,931,18,0.1176,0.0784,0.049,0.147
,,,,932,19,0.11172,0.07448,0.04655,0.13965
,,,,933,20,0.09408,0.06272,0.0392,0.1176
,,,,934,21,0.07056,0.04704,0.0294,0.0882
,,,,935,22,0.04704,0.03136,0.0196,0.0588
,,,,936,23,0.03528,0.02352,0.0147,0.0441
,,,,937,0,0.0294,0.0196,0.01225,0.03675
,,,,938,1,0.02587,0.01725,0.01078,0.03234
,,,,939,2,0.02352,0.01568,0.0098,0.0294
,,,,940,3,0.02352,0.01568,0.0098,0.0294
,,,,941,4,0.02587,0.01725,0.01078,0.03234
,,,,942,5,0.03528,0.02352,0.0147,0.0441
,,,,943,6,0.05292,0.03528,0.02205,0.06615
,,,,944,7,0.0588,0.0392,0.0245,0.0735
,,,,945,8,0.06468,0.04312,0.02695,0.08085
,,,,946,9,0.07056,0.04704,0.0294,0.0882
,,,,947,10,0.07291,0.04861,0.03038,0.09114
,,,,948,11,0.07056,0.04704,0.0294,0.0882
,,,,949,12,0.06821,0.04547,0.02842,0.08526
,,,,950,13,0.06468,0.04312,0.02695,0.08085
,,,,951,14,0.0588,0.0392,0.0245,0.0735
,,,,952,15,0.05292,0.03528,0.02205,0.06615
,,,,953,16,0.0588,0.0392,0.0245,0.0735
,,,,954,17,0.09408,0.06272,0.0392,0.1176
,,,,955,18,0.1176,0.0784,0.049,0.147
,,,,956,19,0.11172,0.07448,0.04655,0.13965
,,,,957,20,0.09408,0.06272,0.0392,0.1176
,,,,958,21,0.07056,0.04704,0.0294,0.0882
,,,,959,22,0.04704,0.03136,0.0196,0.0588
,,,,960,23,0.03528,0.02352,0.0147,0.0441
,,,,961,0,0.0294,0.0196,0.01225,0.03675
,,,,962,1,0.02587,0.01725,0.01078,0.03234
,,,,963,2,0.02352,0.01568,0.0098,0.0294
,,,,964,3,0.02352,0.01568,0.0098,0.0294
,,,,965,4,0.02587,0.01725,0.01078,0.03234
,,,,966,5,0.03528,0.02352,0.0147,0.0441
,,,,967,6,0.05292,0.03528,0.02205,0.06615
,,,,968,7,0.0588,0.0392,0.0245,0.0735
,,,,969,8,0.06468,0.04312,0.02695,0.08085
,,,,970,9,0.07056,0.04704,0.0294,0.0882
,,,,971,10,0.07291,0.04861,0.03038,0.09114
,,,,972,11,0.07056,0.04704,0.0294,0.0882
,,,,973,12,0.06821,0.04547,0.02842,0.08526
,,,,974,13,0.06468,0.04312,0.02695,0.08085
,,,,975,14,0.0588,0.0392,0.0245,0.0735
,,,,976,15,0.05292,0.03528,0.02205,0.06615
,,,,977,16,0.0588,0.0392,0.0245,0.0735
,,,,978,17,0.09408,0.06272,0.0392,0.1176
,,,,979,18,0.1176,0.0784,0.049,0.147
,,,,980,19,0.11172,0.07448,0.04655,0.13965
,,,,981,20,0.09408,0.06272,0.0392,0.1176
,,,,982,21,0.07056,0.04704,0.0294,0.0882
,,,,983,22,0.04704,0.03136,0.0196,0.0588
,,,,984,23,0.03528,0.02352,0.0147,0.0441
,,,,985,0,0.0294,0.0196,0.01225,0.03675
,,,,986,1,0.02587,0.01725,0.01078,0.03234
,,,,987,2,0.02352,0.01568,0.0098,0.0294
,,,,988,3,0.02352,0.01568,0.0098,0.0294
,,,,989,4,0.02587,0.01725,0.01078,0.03234
,,,,990,5,0.03528,0.02352,0.0147,0.0441
,,,,991,6,0.05292,0.03528,0.02205,0.06615
,,,,992,7,0.0588,0.0392,0.0245,0.0735
,,,,993,8,0.06468,0.04312,0.02695,0.08085
,,,,994,9,0.07056,0.04704,0.0294,0.0882
,,,,995,10,0.07291,0.04861,0.03038,0.09114
,,,,996,11,0.07056,0.04704,0.0294,0.0882
,,,,997,12,0.06821,0.04547,0.02842,0.08526
,,,,998,13,0.06468,0.04312,0.02695,0.08085
,,,,999,14,0.0588,0.0392,0.0245,0.0735
,,,,1000,15,0.05292,0.03528,0.02205,0.06615
,,,,1001,16,0.0588,0.0392,0.0245,0.0735
,,,,1002,17,0.09408,0.06272,0.0392,0.1176
,,,,1003,18,0.1176,0.0784,0.049,0.147
,,,,1004,19,0.11172,0.07448,0.04655,0.13965
,,,,1005,20,0.09408,0.06272,0.0392,0.1176
,,,,1006,21,0.07056,0.04704,0.0294,0.0882
,,,,1007,22,0.04704,0.03136,0.0196,0.0588
,,,,1008,23,0.03528,0.02352,0.0147,0.0441
,,,,1009,0,0.03,0.02,0.0125,0.0375
,,,,1010,1,0.0264,0.0176,0.011,0.033
,,,,1011,2,0.024,0.016,0.01,0.03
,,,,1012,3,0.024,0.016,0.01,0.03
,,,,1013,4,0.0264,0.0176,0.011,0.033
,,,,1014,5,0.036,0.024,0.015,0.045
,,,,1015,6,0.054,0.036,0.0225,0.0675
,,,,1016,7,0.06,0.04,0.025,0.075
,,,,1017,8,0.066,0.044,0.0275,0.0825
,,,,1018,9,0.072,0.048,0.03,0.09
,,,,1019,10,0.0744,0.0496,0.031,0.093
,,,,1020,11,0.072,0.048,0.03,0.09
,,,,1021,12,0.0696,0.0464,0.029,0.087
,,,,1022,13,0.066,0.044,0.0275,0.0825
,,,,1023,14,0.06,0.04,0.025,0.075
,,,,1024,15,0.054,0.036,0.0225,0.0675
,,,,1025,16,0.06,0.04,0.025,0.075
,,,,1026,17,0.096,0.064,0.04,0.12
,,,,1027,18,0.12,0.08,0.05,0.15
,,,,1028,19,0.114,0.076,0.0475,0.1425
,,,,1029,20,0.096,0.064,0.04,0.12
,,,,1030,21,0.072,0.048,0.03,0.09
,,,,1031,22,0.048,0.032,0.02,0.06
,,,,1032,23,0.036,0.024,0.015,0.045
,,,,1033,0,0.03,0.02,0.0125,0.0375
,,,,1034,1,0.0264,0.0176,0.011,0.033
,,,,1035,2,0.024,0.016,0.01,0.03
,,,,1036,3,0.024,0.016,0.01,0.03
,,,,1037,4,0.0264,0.0176,0.011,0.033
,,,,1038,5,0.036,0.024,0.015,0.045
,,,,1039,6,0.054,0.036,0.0225,0.0675
,,,,1040,7,0.06,0.04,0.025,0.075
,,,,1041,8,0.066,0.044,0.0275,0.0825
,,,,1042,9,0.072,0.048,0.03,0.09
,,,,1043,10,0.0744,0.0496,0.031,0.093
,,,,1044,11,0.072,0.048,0.03,0.09
,,,,1045,12,0.0696,0.0464,0.029,0.087
,,,,1046,13,0.066,0.044,0.0275,0.0825
,,,,1047,14,0.06,0.04,0.025,0.075
,,,,1048,15,0.054,0.036,0.0225,0.0675
,,,,1049,16,0.06,0.04,0.025,0.075
,,,,1050,17,0.096,0.064,0.04,0.12
,,,,1051,18,0.12,0.08,0.05,0.15
,,,,1052,19,0.114,0.076,0.0475,0.1425
,,,,1053,20,0.096,0.064,0.04,0.12
,,,,1054,21,0.072,0.048,0.03,0.09
,,,,1055,22,0.048,0.032,0.02,0.06
,,,,1056,23,0.036,0.024,0.015,0.045
,,,,1057,0,0.03,0.02,0.0125,0.0375
,,,,1058,1,0.0264,0.0176,0.011,0.033
,,,,1059,2,0.024,0.016,0.01,0.03
,,,,1060,3,0.024,0.016,0.01,0.03
,,,,1061,4,0.0264,0.0176,0.011,0.033
,,,,1062,5,0.036,0.024,0.015,0.045
,,,,1063,6,0.054,0.036,0.0225,0.0675
,,,,1064,7,0.06,0.04,0.025,0.075
,,,,1065,8,0.066,0.044,0.0275,0.0825
,,,,1066,9,0.072,0.048,0.03,0.09
,,,,1067,10,0.0744,0.0496,0.031,0.093
,,,,1068,11,0.072,0.048,0.03,0.09
,,,,1069,12,0.0696,0.0464,0.029,0.087
,,,,1070,13,0.066,0.044,0.0275,0.0825
,,,,1071,14,0.06,0.04,0.025,0.075
,,,,1072,15,0.054,0.036,0.0225,0.0675
,,,,1073,16,0.06,0.04,0.025,0.075
,,,,1074,17,0.096,0.064,0.04,0.12
,,,,1075,18,0.12,0.08,0.05,0.15
,,,,1076,19,0.114,0.076,0.0475,0.1425
,,,,1077,20,0.096,0.064,0.04,0.12
,,,,1078,21,0.072,0.048,0.03,0.09
,,,,1079,22,0.048,0.032,0.02,0.06
,,,,1080,23,0.036,0.024,0.015,0.045
,,,,1081,0,0.03,0.02,0.0125,0.0375
,,,,1082,1,0.0264,0.0176,0.011,0.033
,,,,1083,2,0.024,0.016,0.01,0.03
,,,,1084,3,0.024,0.016,0.01,0.03
,,,,1085,4,0.0264,0.0176,0.011,0.033
,,,,1086,5,0.036,0.024,0.015,0.045
,,,,1087,6,0.054,0.036,0.0225,0.0675
,,,,1088,7,0.06,0.04,0.025,0.075
,,,,1089,8,0.066,0.044,0.0275,0.0825
,,,,1090,9,0.072,0.048,0.03,0.09
,,,,1091,10,0.0744,0.0496,0.031,0.093
,,,,1092,11,0.072,0.048,0.03,0.09
,,,,1093,12,0.0696,0.0464,0.029,0.087
,,,,1094,13,0.066,0.044,0.0275,0.0825
,,,,1095,14,0.06,0.04,0.025,0.075
,,,,1096,15,0.054,0.036,0.0225,0.0675
,,,,1097,16,0.06,0.04,0.025,0.075
,,,,1098,17,0.096,0.064,0.04,0.12
,,,,1099,18,0.12,0.08,0.05,0.15
,,,,1100,19,0.114,0.076,0.0475,0.1425
,,,,1101,20,0.096,0.064,0.04,0.12
,,,,1102,21,0.072,0.048,0.03,0.09
,,,,1103,22,0.048,0.032,0.02,0.06
,,,,1104,23,0.036,0.024,0.015,0.045
,,,,1105,0,0.03,0.02,0.0125,0.0375
,,,,1106,1,0.0264,0.0176,0.011,0.033
,,,,1107,2,0.024,0.016,0.01,0.03
,,,,1108,3,0.024,0.016,0.01,0.03
,,,,1109,4,0.0264,0.0176,0.011,0.033
,,,,1110,5,0.036,0.024,0.015,0.045
,,,,1111,6,0.054,0.036,0.0225,0.0675
,,,,1112,7,0.06,0.04,0.025,0.075
,,,,1113,8,0.066,0.044,0.0275,0.0825
,,,,1114,9,0.072,0.048,0.03,0.09
,,,,1115,10,0.0744,0.0496,0.031,0.093
,,,,1116,11,0.072,0.048,0.03,0.09
,,,,1117,12,0.0696,0.0464,0.029,0.087
,,,,1118,13,0.066,0.044,0.0275,0.0825
,,,,1119,14,0.06,0.04,0.025,0.075
,,,,1120,15,0.054,0.036,0.0225,0.0675
,,,,1121,16,0.06,0.04,0.025,0.075
,,,,1122,17,0.096,0.064,0.04,0.12
,,,,1123,18,0.12,0.08,0.05,0.15
,,,,1124,19,0.114,0.076,0.0475,0.1425
,,,,1125,20,0.096,0.064,0.04,0.12
,,,,1126,21,0.072,0.048,0.03,0.09
,,,,1127,22,0.048,0.032,0.02,0.06
,,,,1128,23,0.036,0.024,0.015,0.045
,,,,1129,0,0.03,0.02,0.0125,0.0375
,,,,1130,1,0.0264,0.0176,0.011,0.033
,,,,1131,2,0.024,0.016,0.01,0.03
,,,,1132,3,0.024,0.016,0.01,0.03
,,,,1133,4,0.0264,0.0176,0.011,0.033
,,,,1134,5,0.036,0.024,0.015,0.045
,,,,1135,6,0.054,0.036,0.0225,0.0675
,,,,1136,7,0.06,0.04,0.025,0.075
,,,,1137,8,0.066,0.044,0.0275,0.0825
,,,,1138,9,0.072,0.048,0.03,0.09
,,,,1139,10,0.0744,0.0496,0.031,0.093
,,,,1140,11,0.072,0.048,0.03,0.09
,,,,1141,12,0.0696,0.0464,0.029,0.087
,,,,1142,13,0.066,0.044,0.0275,0.0825
,,,,1143,14,0.06,0.04,0.025,0.075
,,,,1144,15,0.054,0.036,0.0225,0.0675
,,,,1145,16,0.06,0.04,0.025,0.075
,,,,1146,17,0.096,0.064,0.04,0.12
,,,,1147,18,0.12,0.08,0.05,0.15
,,,,1148,19,0.114,0.076,0.0475,0.1425
,,,,1149,20,0.096,0.064,0.04,0.12
,,,,1150,21,0.072,0.048,0.03,0.09
,,,,1151,22,0.048,0.032,0.02,0.06
,,,,1152,23,0.036,0.024,0.015,0.045
,,,,1153,0,0.03,0.02,0.0125,0.0375
,,,,1154,1,0.0264,0.0176,0.011,0.033
,,,,1155,2,0.024,0.016,0.01,0.03
,,,,1156,3,0.024,0.016,0.01,0.03
,,,,1157,4,0.0264,0.0176,0.011,0.033
,,,,1158,5,0.036,0.024,0.015,0.045
,,,,1159,6,0.054,0.036,0.0225,0.0675
,,,,1160,7,0.06,0.04,0.025,0.075
,,,,1161,8,0.066,0.044,0.0275,0.0825
,,,,1162,9,0.072,0.048,0.03,0.09
,,,,1163,10,0.0744,0.0496,0.031,0.093
,,,,1164,11,0.072,0.048,0.03,0.09
,,,,1165,12,0.0696,0.0464,0.029,0.087
,,,,1166,13,0.066,0.044,0.0275,0.0825
,,,,1167,14,0.06,0.04,0.025,0.075
,,,,1168,15,0.054,0.036,0.0225,0.0675
,,,,1169,16,0.06,0.04,0.025,0.075
,,,,1170,17,0.096,0.064,0.04,0.12
,,,,1171,18,0.12,0.08,0.05,0.15
,,,,1172,19,0.114,0.076,0.0475,0.1425
,,,,1173,20,0.096,0.064,0.04,0.12
,,,,1174,21,0.072,0.048,0.03,0.09
,,,,1175,22,0.048,0.032,0.02,0.06
,,,,1176,23,0.036,0.024,0.015,0.045
,,,,1177,0,0.0309,0.0206,0.01288,0.03862
,,,,1178,1,0.02719,0.01813,0.01133,0.03399
,,,,1179,2,0.02472,0.01648,0.0103,0.0309
,,,,1180,3,0.02472,0.01648,0.0103,0.0309
,,,,1181,4,0.02719,0.01813,0.01133,0.03399
,,,,1182,5,0.03708,0.02472,0.01545,0.04635
,,,,1183,6,0.05562,0.03708,0.02318,0.06953
,,,,1184,7,0.0618,0.0412,0.02575,0.07725
,,,,1185,8,0.06798,0.04532,0.02833,0.08498
,,,,1186,9,0.07416,0.04944,0.0309,0.0927
,,,,1187,10,0.07663,0.05109,0.03193,0.09579
,,,,1188,11,0.07416,0.04944,0.0309,0.0927
,,,,1189,12,0.07169,0.04779,0.02987,0.08961
,,,,1190,13,0.06798,0.04532,0.02833,0.08498
,,,,1191,14,0.0618,0.0412,0.02575,0.07725
,,,,1192,15,0.05562,0.03708,0.02318,0.06953
,,,,1193,16,0.0618,0.0412,0.02575,0.07725
,,,,1194,17,0.09888,0.06592,0.0412,0.1236
,,,,1195,18,0.1236,0.0824,0.0515,0.1545
,,,,1196,19,0.11742,0.07828,0.04893,0.14677
,,,,1197,20,0.09888,0.06592,0.0412,0.1236
,,,,1198,21,0.07416,0.04944,0.0309,0.0927
,,,,1199,22,0.04944,0.03296,0.0206,0.0618
,,,,1200,23,0.03708,0.02472,0.01545,0.04635
,,,,1201,0,0.0309,0.0206,0.01288,0.03862
,,,,1202,1,0.02719,0.01813,0.01133,0.03399
,,,,1203,2,0.02472,0.01648,0.0103,0.0309
,,,,1204,3,0.02472,0.01648,0.0103,0.0309
,,,,1205,4,0.02719,0.01813,0.01133,0.03399
,,,,1206,5,0.03708,0.02472,0.01545,0.04635
,,,,1207,6,0.05562,0.03708,0.02318,0.06953
,,,,1208,7,0.0618,0.0412,0.02575,0.07725
,,,,1209,8,0.06798,0.04532,0.02833,0.08498
,,,,1210,9,0.07416,0.04944,0.0309,0.0927
,,,,1211,10,0.07663,0.05109,0.03193,0.09579
,,,,1212,11,0.07416,0.04944,0.0309,0.0927
,,,,1213,12,0.07169,0.04779,0.02987,0.08961
,,,,1214,13,0.06798,0.04532,0.02833,0.08498
,,,,1215,14,0.0618,0.0412,0.02575,0.07725
,,,,1216,15,0.05562,0.03708,0.02318,0.06953
,,,,1217,16,0.0618,0.0412,0.02575,0.07725
,,,,1218,17,0.09888,0.06592,0.0412,0.1236
,,,,1219,18,0.1236,0.0824,0.0515,0.1545
,,,,1220,19,0.11742,0.07828,0.04893,0.14677
,,,,1221,20,0.09888,0.06592,0.0412,0.1236
,,,,1222,21,0.07416,0.04944,0.0309,0.0927
,,,,1223,22,0.04944,0.03296,0.0206,0.0618
,,,,1224,23,0.03708,0.02472,0.01545,0.04635
,,,,1225,0,0.0309,0.0206,0.01288,0.03862
,,,,1226,1,0.02719,0.01813,0.01133,0.03399
,,,,1227,2,0.02472,0.01648,0.0103,0.0309
,,,,1228,3,0.02472,0.01648,0.0103,0.0309
,,,,1229,4,0.02719,0.01813,0.01133,0.03399
,,,,1230,5,0.03708,0.02472,0.01545,0.04635
,,,,1231,6,0.05562,0.03708,0.02318,0.06953
,,,,1232,7,0.0618,0.0412,0.02575,0.07725
,,,,1233,8,0.06798,0.04532,0.02833,0.08498
,,,,1234,9,0.07416,0.04944,0.0309,0.0927
,,,,1235,10,0.07663,0.05109,0.03193,0.09579
,,,,1236,11,0.07416,0.04944,0.0309,0.0927
,,,,1237,12,0.07169,0.04779,0.02987,0.08961
,,,,1238,13,0.06798,0.04532,0.02833,0.08498
,,,,1239,14,0.0618,0.0412,0.02575,0.07725
,,,,1240,15,0.05562,0.03708,0.02318,0.06953
,,,,1241,16,0.0618,0.0412,0.02575,0.07725
,,,,1242,17,0.09888,0.06592,0.0412,0.1236
,,,,1243,18,0.1236,0.0824,0.0515,0.1545
,,,,1244,19,0.11742,0.07828,0.04893,0.14677
,,,,1245,20,0.09888,0.06592,0.0412,0.1236
,,,,1246,21,0.07416,0.04944,0.0309,0.0927
,,,,1247,22,0.04944,0.03296,0.0206,0.0618
,,,,1248,23,0.03708,0.02472,0.01545,0.04635
,,,,1249,0,0.0309,0.0206,0.01288,0.03862
,,,,1250,1,0.02719,0.01813,0.01133,0.03399
,,,,1251,2,0.02472,0.01648,0.0103,0.0309
,,,,1252,3,0.02472,0.01648,0.0103,0.0309
,,,,1253,4,0.02719,0.01813,0.01133,0.03399
,,,,1254,5,0.03708,0.02472,0.01545,0.04635
,,,,1255,6,0.05562,0.03708,0.02318,0.06953
,,,,1256,7,0.0618,0.0412,0.02575,0.07725
,,,,1257,8,0.06798,0.04532,0.02833,0.08498
,,,,1258,9,0.07416,0.04944,0.0309,0.0927
,,,,1259,10,0.07663,0.05109,0.03193,0.09579
,,,,1260,11,0.07416,0.04944,0.0309,0.0927
,,,,1261,12,0.07169,0.04779,0.02987,0.08961
,,,,1262,13,0.06798,0.04532,0.02833,0.08498
,,,,1263,14,0.0618,0.0412,0.02575,0.07725
,,,,1264,15,0.05562,0.03708,0.02318,0.06953
,,,,1265,16,0.0618,0.0412,0.02575,0.07725
,,,,1266,17,0.09888,0.06592,0.0412,0.1236
,,,,1267,18,0.1236,0.0824,0.0515,0.1545
,,,,1268,19,0.11742,0.07828,0.04893,0.14677
,,,,1269,20,0.09888,0.06592,0.0412,0.1236
,,,,1270,21,0.07416,0.04944,0.0309,0.0927
,,,,1271,22,0.04944,0.03296,0.0206,0.0618
,,,,1272,23,0.03708,0.02472,0.01545,0.04635
,,,,1273,0,0.0309,0.0206,0.01288,0.03862
,,,,1274,1,0.02719,0.01813,0.01133,0.03399
,,,,1275,2,0.02472,0.01648,0.0103,0.0309
,,,,1276,3,0.02472,0.01648,0.0103,0.0309
,,,,1277,4,0.02719,0.01813,0.01133,0.03399
,,,,1278,5,0.03708,0.02472,0.01545,0.04635
,,,,1279,6,0.05562,0.03708,0.02318,0.06953
,,,,1280,7,0.0618,0.0412,0.02575,0.07725
,,,,1281,8,0.06798,0.04532,0.02833,0.08498
,,,,1282,9,0.07416,0.04944,0.0309,0.0927
,,,,1283,10,0.07663,0.05109,0.03193,0.09579
,,,,1284,11,0.07416,0.04944,0.0309,0.0927
,,,,1285,12,0.07169,0.04779,0.02987,0.08961
,,,,1286,13,0.06798,0.04532,0.02833,0.08498
,,,,1287,14,0.0618,0.0412,0.02575,0.07725
,,,,1288,15,0.05562,0.03708,0.02318,0.06953
,,,,1289,16,0.0618,0.0412,0.02575,0.07725
,,,,1290,17,0.09888,0.06592,0.0412,0.1236
,,,,1291,18,0.1236,0.0824,0.0515,0.1545
,,,,1292,19,0.11742,0.07828,0.04893,0.14677
,,,,1293,20,0.09888,0.06592,0.0412,0.1236
,,,,1294,21,0.07416,0.04944,0.0309,0.0927
,,,,1295,22,0.04944,0.03296,0.0206,0.0618
,,,,1296,23,0.03708,0.02472,0.01545,0.04635
,,,,1297,0,0.0309,0.0206,0.01288,0.03862
,,,,1298,1,0.02719,0.01813,0.01133,0.03399
,,,,1299,2,0.02472,0.01648,0.0103,0.0309
,,,,1300,3,0.02472,0.01648,0.0103,0.0309
,,,,1301,4,0.02719,0.01813,0.01133,0.03399
,,,,1302,5,0.03708,0.02472,0.01545,0.04635
,,,,1303,6,0.05562,0.03708,0.02318,0.06953
,,,,1304,7,0.0618,0.0412,0.02575,0.07725
,,,,1305,8,0.06798,0.04532,0.02833,0.08498
,,,,1306,9,0.07416,0.04944,0.0309,0.0927
,,,,1307,10,0.07663,0.05109,0.03193,0.09579
,,,,1308,11,0.07416,0.04944,0.0309,0.0927
,,,,1309,12,0.07169,0.04779,0.02987,0.08961
,,,,1310,13,0.06798,0.04532,0.02833,0.08498
,,,,1311,14,0.0618,0.0412,0.02575,0.07725
,,,,1312,15,0.05562,0.03708,0.02318,0.06953
,,,,1313,16,0.0618,0.0412,0.02575,0.07725
,,,,1314,17,0.09888,0.06592,0.0412,0.1236
,,,,1315,18,0.1236,0.0824,0.0515,0.1545
,,,,1316,19,0.11742,0.07828,0.04893,0.14677
,,,,1317,20,0.09888,0.06592,0.0412,0.1236
,,,,1318,21,0.07416,0.04944,0.0309,0.0927
,,,,1319,22,0.04944,0.03296,0.0206,0.0618
,,,,1320,23,0.03708,0.02472,0.01545,0.04635
,,,,1321,0,0.0309,0.0206,0.01288,0.03862
,,,,1322,1,0.02719,0.01813,0.01133,0.03399
,,,,1323,2,0.02472,0.01648,0.0103,0.0309
,,,,1324,3,0.02472,0.01648,0.0103,0.0309
,,,,1325,4,0.02719,0.01813,0.01133,0.03399
,,,,1326,5,0.03708,0.02472,0.01545,0.04635
,,,,1327,6,0.05562,0.03708,0.02318,0.06953
,,,,1328,7,0.0618,0.0412,0.02575,0.07725
,,,,1329,8,0.06798,0.04532,0.02833,0.08498
,,,,1330,9,0.07416,0.04944,0.0309,0.0927
,,,,1331,10,0.07663,0.05109,0.03193,0.09579
,,,,1332,11,0.07416,0.04944,0.0309,0.0927
,,,,1333,12,0.07169,0.04779,0.02987,0.08961
,,,,1334,13,0.06798,0.04532,0.02833,0.08498
,,,,1335,14,0.0618,0.0412,0.02575,0.07725
,,,,1336,15,0.05562,0.03708,0.02318,0.06953
,,,,1337,16,0.0618,0.0412,0.02575,0.07725
,,,,1338,17,0.09888,0.06592,0.0412,0.1236
,,,,1339,18,0.1236,0.0824,0.0515,0.1545
,,,,1340,19,0.11742,0.07828,0.04893,0.14677
,,,,1341,20,0.09888,0.06592,0.0412,0.1236
,,,,1342,21,0.07416,0.04944,0.0309,0.0927
,,,,1343,22,0.04944,0.03296,0.0206,0.0618
,,,,1344,23,0.03708,0.02472,0.01545,0.04635
