Segment,Zone,NSE_Price,Max_NSE_MW,Total_NSE_MWh,NSE_Percent_of_Demand
1,1,2000.0,0.0,0.0,NaN
1,2,2000.0,0.0,0.0,NaN
1,3,2000.0,0.0,0.0,NaN
1,4,2000.0,0.0,0.0,NaN
1,5,2000.0,0.0,0.0,NaN
1,6,2000.0,0.0,0.0,NaN
1,7,2000.0,0.0,0.0,NaN
1,8,2000.0,0.0,0.0,NaN
1,9,2000.0,0.0,0.0,NaN
1,10,2000.0,0.0,0.0,NaN
1,11,2000.0,0.0,0.0,NaN
1,12,2000.0,0.0,0.0,NaN
1,13,2000.0,0.0,0.0,NaN
1,14,2000.0,0.0,0.0,NaN
1,15,2000.0,0.0,0.0,NaN
1,16,2000.0,0.0,0.0,NaN
1,17,2000.0,0.0,0.0,NaN
1,18,2000.0,0.0,0.0,NaN
1,19,2000.0,0.0,0.0,NaN
1,20,2000.0,0.0,0.0,NaN
1,21,2000.0,0.0,0.0,NaN
1,22,2000.0,0.0,0.0,NaN
1,23,2000.0,0.0,0.0,NaN
1,24,2000.0,0.0,0.0,NaN
1,25,2000.0,0.0,0.0,NaN
1,26,2000.0,0.0,0.0,NaN
1,27,2000.0,0.0,0.0,NaN
1,28,2000.0,0.0,0.0,NaN
1,29,2000.0,0.0,0.0,NaN
1,30,2000.0,0.0,0.0,NaN
1,31,2000.0,0.0,0.0,NaN
1,32,2000.0,0.0,0.0,NaN
1,33,2000.0,0.0,0.0,NaN
1,34,2000.0,0.0,0.0,NaN
1,35,2000.0,0.0,0.0,NaN
1,36,2000.0,0.0,0.0,NaN
1,37,2000.0,0.0,0.0,NaN
1,38,2000.0,0.0,0.0,NaN
1,39,2000.0,0.0,0.0,NaN
1,40,2000.0,0.0,0.0,NaN
1,41,2000.0,0.0,0.0,NaN
1,42,2000.0,0.0,0.0,NaN
1,43,2000.0,0.0,0.0,NaN
1,44,2000.0,0.0,0.0,NaN
1,45,2000.0,0.0,0.0,NaN
1,46,2000.0,0.0,0.0,NaN
1,47,2000.0,0.0,0.0,NaN
1,48,2000.0,0.0,0.0,NaN
1,49,2000.0,0.0,0.0,NaN
1,50,2000.0,0.0,0.0,NaN
1,51,2000.0,0.0,0.0,NaN
1,52,2000.0,0.0,0.0,NaN
1,53,2000.0,0.0,0.0,NaN
1,54,2000.0,0.0,0.0,NaN
1,55,2000.0,0.0,0.0,NaN
1,56,2000.0,0.0,0.0,NaN
1,57,2000.0,0.0,0.0,NaN
1,58,2000.0,0.0,0.0,NaN
1,59,2000.0,0.0,0.0,NaN
1,60,2000.0,0.0,0.0,NaN
1,61,2000.0,0.0,0.0,NaN
1,62,2000.0,0.0,0.0,NaN
1,63,2000.0,0.0,0.0,NaN
1,64,2000.0,0.0,0.0,NaN
1,65,2000.0,0.0,0.0,NaN
1,66,2000.0,0.0,0.0,NaN
1,67,2000.0,0.0,0.0,NaN
1,68,2000.0,0.0,0.0,NaN
1,69,2000.0,0.0,0.0,NaN
1,70,2000.0,0.0,0.0,NaN
1,71,2000.0,0.0,0.0,NaN
1,72,2000.0,0.0,0.0,NaN
1,73,2000.0,0.0,0.0,NaN
1,74,2000.0,0.0,0.0,NaN
1,75,2000.0,0.0,0.0,NaN
1,76,2000.0,0.0,0.0,NaN
1,77,2000.0,0.0,0.0,NaN
1,78,2000.0,0.0,0.0,NaN
1,79,2000.0,0.0,0.0,NaN
1,80,2000.0,0.0,0.0,NaN
1,81,2000.0,0.0,0.0,NaN
1,82,2000.0,0.0,0.0,NaN
1,83,2000.0,0.0,0.0,NaN
1,84,2000.0,0.0,0.0,NaN
1,85,2000.0,0.0,0.0,NaN
1,86,2000.0,0.0,0.0,NaN
1,87,2000.0,0.0,0.0,NaN
1,88,2000.0,0.0,0.0,NaN
1,89,2000.0,0.0,0.0,NaN
1,90,2000.0,0.0,0.0,NaN
1,91,2000.0,0.0,0.0,NaN
1,92,2000.0,0.0,0.0,NaN
1,93,2000.0,0.0,0.0,NaN
1,94,2000.0,0.0,0.0,NaN
1,95,2000.0,0.0,0.0,NaN
1,96,2000.0,0.0,0.0,NaN
1,97,2000.0,0.0,0.0,NaN
1,98,2000.0,0.0,0.0,NaN
1,99,2000.0,0.0,0.0,NaN
1,100,2000.0,0.0,0.0,NaN
1,101,2000.0,0.0,0.0,NaN
1,102,2000.0,0.0,0.0,NaN
1,103,2000.0,0.0,0.0,NaN
1,104,2000.0,0.0,0.0,NaN
1,105,2000.0,0.0,0.0,NaN
1,106,2000.0,0.0,0.0,NaN
1,107,2000.0,0.0,0.0,NaN
1,108,2000.0,0.0,0.0,NaN
1,109,2000.0,0.0,0.0,NaN
1,110,2000.0,0.0,0.0,NaN
1,111,2000.0,0.0,0.0,NaN
1,112,2000.0,0.0,0.0,NaN
1,113,2000.0,0.0,0.0,NaN
1,114,2000.0,0.0,0.0,NaN
1,115,2000.0,0.0,0.0,NaN
1,116,2000.0,0.0,0.0,NaN
1,117,2000.0,0.0,0.0,NaN
1,118,2000.0,0.0,0.0,NaN
1,119,2000.0,0.0,0.0,NaN
1,120,2000.0,0.0,0.0,NaN
1,121,2000.0,0.0,0.0,NaN
1,122,2000.0,0.0,0.0,NaN
1,123,2000.0,0.0,0.0,NaN
1,124,2000.0,0.0,0.0,NaN
1,125,2000.0,0.0,0.0,NaN
1,126,2000.0,0.0,0.0,NaN
1,127,2000.0,0.0,0.0,NaN
1,128,2000.0,0.0,0.0,NaN
1,129,2000.0,0.0,0.0,NaN
1,130,2000.0,0.0,0.0,NaN
1,131,2000.0,0.0,0.0,NaN
1,132,2000.0,0.0,0.0,NaN
1,133,2000.0,0.0,0.0,NaN
1,134,2000.0,0.0,0.0,NaN
1,135,2000.0,0.0,0.0,NaN
1,136,2000.0,0.0,0.0,NaN
1,137,2000.0,0.0,0.0,NaN
1,138,2000.0,0.0,0.0,NaN
1,139,2000.0,0.0,0.0,NaN
1,140,2000.0,0.0,0.0,NaN
1,141,2000.0,0.0,0.0,NaN
1,142,2000.0,0.0,0.0,NaN
1,143,2000.0,0.0,0.0,NaN
1,144,2000.0,0.0,0.0,NaN
1,145,2000.0,0.0,0.0,NaN
1,146,2000.0,0.0,0.0,NaN
1,147,2000.0,0.0,0.0,NaN
1,148,2000.0,0.0,0.0,NaN
1,149,2000.0,0.0,0.0,NaN
1,150,2000.0,0.0,0.0,NaN
1,151,2000.0,0.0,0.0,NaN
1,152,2000.0,0.0,0.0,NaN
1,153,2000.0,0.0,0.0,NaN
1,154,2000.0,0.0,0.0,NaN
1,155,2000.0,0.0,0.0,NaN
1,156,2000.0,0.0,0.0,NaN
1,157,2000.0,0.0,0.0,NaN
1,158,2000.0,0.0,0.0,NaN
1,159,2000.0,0.0,0.0,NaN
1,160,2000.0,0.0,0.0,NaN
1,161,2000.0,0.0,0.0,NaN
1,162,2000.0,0.0,0.0,NaN
1,163,2000.0,0.0,0.0,NaN
1,164,2000.0,0.0,0.0,NaN
1,165,2000.0,0.0,0.0,NaN
1,166,2000.0,0.0,0.0,NaN
1,167,2000.0,0.0,0.0,NaN
1,168,2000.0,0.0,0.0,NaN
1,169,2000.0,0.0,0.0,NaN
1,170,2000.0,0.0,0.0,NaN
1,171,2000.0,0.0,0.0,NaN
1,172,2000.0,0.0,0.0,NaN
1,173,2000.0,0.0,0.0,NaN
1,174,2000.0,0.0,0.0,NaN
1,175,2000.0,0.0,0.0,NaN
1,176,2000.0,0.0,0.0,NaN
1,177,2000.0,0.0,0.0,NaN
1,178,2000.0,0.0,0.0,NaN
1,179,2000.0,0.0,0.0,NaN
1,180,2000.0,0.0,0.0,NaN
1,181,2000.0,0.0,0.0,NaN
1,182,2000.0,0.0,0.0,NaN
1,183,2000.0,0.0,0.0,NaN
1,184,2000.0,0.0,0.0,NaN
1,185,2000.0,0.0,0.0,NaN
1,186,2000.0,0.0,0.0,NaN
1,187,2000.0,0.0,0.0,NaN
1,188,2000.0,0.0,0.0,NaN
1,189,2000.0,0.0,0.0,NaN
1,190,2000.0,0.0,0.0,NaN
1,191,2000.0,0.0,0.0,NaN
1,192,2000.0,0.0,0.0,NaN
1,193,2000.0,0.0,0.0,NaN
1,194,2000.0,0.0,0.0,NaN
1,195,2000.0,0.0,0.0,NaN
1,196,2000.0,0.0,0.0,NaN
1,197,2000.0,0.0,0.0,NaN
1,198,2000.0,0.0,0.0,NaN
1,199,2000.0,0.0,0.0,NaN
1,200,2000.0,0.0,0.0,NaN
1,201,2000.0,0.0,0.0,NaN
1,202,2000.0,0.0,0.0,NaN
1,203,2000.0,0.0,0.0,NaN
1,204,2000.0,0.0,0.0,NaN
1,205,2000.0,0.0,0.0,NaN
1,206,2000.0,0.0,0.0,NaN
1,207,2000.0,0.0,0.0,NaN
1,208,2000.0,0.0,0.0,NaN
1,209,2000.0,0.0,0.0,NaN
1,210,2000.0,0.0,0.0,NaN
1,211,2000.0,0.0,0.0,NaN
1,212,2000.0,0.0,0.0,NaN
1,213,2000.0,0.0,0.0,NaN
1,214,2000.0,0.0,0.0,NaN
1,215,2000.0,0.0,0.0,NaN
1,216,2000.0,0.0,0.0,NaN
1,217,2000.0,0.0,0.0,NaN
1,218,2000.0,0.0,0.0,NaN
1,219,2000.0,0.0,0.0,NaN
1,220,2000.0,0.0,0.0,NaN
1,221,2000.0,0.0,0.0,NaN
1,222,2000.0,0.0,0.0,NaN
1,223,2000.0,0.0,0.0,NaN
1,224,2000.0,0.0,0.0,NaN
1,225,2000.0,0.0,0.0,NaN
1,226,2000.0,0.0,0.0,NaN
1,227,2000.0,0.0,0.0,NaN
1,228,2000.0,0.0,0.0,NaN
1,229,2000.0,0.0,0.0,NaN
1,230,2000.0,0.0,0.0,NaN
1,231,2000.0,0.0,0.0,NaN
1,232,2000.0,0.0,0.0,NaN
1,233,2000.0,0.0,0.0,NaN
1,234,2000.0,0.0,0.0,NaN
1,235,2000.0,0.0,0.0,NaN
1,236,2000.0,0.0,0.0,NaN
1,237,2000.0,0.0,0.0,NaN
1,238,2000.0,0.0,0.0,NaN
1,239,2000.0,0.0,0.0,NaN
1,240,2000.0,0.0,0.0,NaN
1,241,2000.0,0.0,0.0,NaN
1,242,2000.0,0.0,0.0,NaN
1,243,2000.0,0.0,0.0,NaN
1,244,2000.0,0.0,0.0,NaN
1,245,2000.0,0.0,0.0,NaN
1,246,2000.0,0.0,0.0,NaN
1,247,2000.0,0.0,0.0,NaN
1,248,2000.0,0.0,0.0,NaN
1,249,2000.0,0.0,0.0,NaN
1,250,2000.0,0.0,0.0,NaN
1,251,2000.0,0.0,0.0,NaN
1,252,2000.0,0.0,0.0,NaN
1,253,2000.0,0.0,0.0,NaN
1,254,2000.0,0.0,0.0,NaN
1,255,2000.0,0.0,0.0,NaN
1,256,2000.0,0.0,0.0,NaN
1,257,2000.0,0.0,0.0,NaN
1,258,2000.0,0.0,0.0,NaN
1,259,2000.0,0.0,0.0,NaN
1,260,2000.0,0.0,0.0,NaN
1,261,2000.0,0.0,0.0,NaN
1,262,2000.0,0.0,0.0,NaN
1,263,2000.0,0.0,0.0,NaN
1,264,2000.0,0.0,0.0,NaN
1,265,2000.0,0.0,0.0,NaN
1,266,2000.0,0.0,0.0,NaN
1,267,2000.0,0.0,0.0,NaN
1,268,2000.0,0.0,0.0,NaN
1,269,2000.0,0.0,0.0,NaN
1,270,2000.0,0.0,0.0,NaN
1,271,2000.0,0.0,0.0,NaN
1,272,2000.0,0.0,0.0,NaN
1,273,2000.0,0.0,0.0,NaN
1,274,2000.0,0.0,0.0,NaN
1,275,2000.0,0.0,0.0,NaN
1,276,2000.0,0.0,0.0,NaN
1,277,2000.0,0.0,0.0,NaN
1,278,2000.0,0.0,0.0,NaN
1,279,2000.0,0.0,0.0,NaN
1,280,2000.0,0.0,0.0,NaN
1,281,2000.0,0.0,0.0,NaN
1,282,2000.0,0.0,0.0,NaN
1,283,2000.0,0.0,0.0,NaN
1,284,2000.0,0.0,0.0,NaN
1,285,2000.0,0.0,0.0,NaN
1,286,2000.0,0.0,0.0,NaN
1,287,2000.0,0.0,0.0,NaN
1,288,2000.0,0.0,0.0,NaN
1,289,2000.0,0.0,0.0,NaN
1,290,2000.0,0.0,0.0,NaN
1,291,2000.0,0.0,0.0,NaN
1,292,2000.0,0.0,0.0,NaN
1,293,2000.0,0.0,0.0,NaN
1,294,2000.0,0.0,0.0,NaN
1,295,2000.0,0.0,0.0,NaN
1,296,2000.0,0.0,0.0,NaN
1,297,2000.0,0.0,0.0,NaN
1,298,2000.0,0.0,0.0,NaN
1,299,2000.0,0.0,0.0,NaN
1,300,2000.0,0.0,0.0,NaN
1,301,2000.0,0.0,0.0,NaN
1,302,2000.0,0.0,0.0,NaN
1,303,2000.0,0.0,0.0,NaN
1,304,2000.0,0.0,0.0,NaN
1,305,2000.0,0.0,0.0,NaN
1,306,2000.0,0.0,0.0,NaN
1,307,2000.0,0.0,0.0,NaN
1,308,2000.0,0.0,0.0,NaN
1,309,2000.0,0.0,0.0,NaN
1,310,2000.0,0.0,0.0,NaN
1,311,2000.0,0.0,0.0,NaN
1,312,2000.0,0.0,0.0,NaN
1,313,2000.0,0.0,0.0,NaN
1,314,2000.0,0.0,0.0,NaN
1,315,2000.0,0.0,0.0,NaN
1,316,2000.0,0.0,0.0,NaN
1,317,2000.0,0.0,0.0,NaN
1,318,2000.0,0.0,0.0,NaN
1,319,2000.0,0.0,0.0,NaN
1,320,2000.0,0.0,0.0,NaN
1,321,2000.0,0.0,0.0,NaN
1,322,2000.0,0.0,0.0,NaN
1,323,2000.0,0.0,0.0,NaN
1,324,2000.0,0.0,0.0,NaN
1,325,2000.0,0.0,0.0,NaN
1,326,2000.0,0.0,0.0,NaN
1,327,2000.0,0.0,0.0,NaN
1,328,2000.0,0.0,0.0,NaN
1,329,2000.0,0.0,0.0,NaN
1,330,2000.0,0.0,0.0,NaN
1,331,2000.0,0.0,0.0,NaN
1,332,2000.0,0.0,0.0,NaN
1,333,2000.0,0.0,0.0,NaN
1,334,2000.0,0.0,0.0,NaN
1,335,2000.0,0.0,0.0,NaN
1,336,2000.0,0.0,0.0,NaN
1,337,2000.0,0.0,0.0,NaN
1,338,2000.0,0.0,0.0,NaN
1,339,2000.0,0.0,0.0,NaN
1,340,2000.0,0.0,0.0,NaN
1,341,2000.0,0.0,0.0,NaN
1,342,2000.0,0.0,0.0,NaN
1,343,2000.0,0.0,0.0,NaN
1,344,2000.0,0.0,0.0,NaN
1,345,2000.0,0.0,0.0,NaN
1,346,2000.0,0.0,0.0,NaN
1,347,2000.0,0.0,0.0,NaN
1,348,2000.0,0.0,0.0,NaN
1,349,2000.0,0.0,0.0,NaN
1,350,2000.0,0.0,0.0,NaN
1,351,2000.0,0.0,0.0,NaN
1,352,2000.0,0.0,0.0,NaN
1,353,2000.0,0.0,0.0,NaN
1,354,2000.0,0.0,0.0,NaN
1,355,2000.0,0.0,0.0,NaN
1,356,2000.0,0.0,0.0,NaN
1,357,2000.0,0.0,0.0,NaN
1,358,2000.0,0.0,0.0,NaN
1,359,2000.0,0.0,0.0,NaN
1,360,2000.0,0.0,0.0,NaN
1,361,2000.0,0.0,0.0,NaN
1,362,2000.0,0.0,0.0,NaN
1,363,2000.0,0.0,0.0,NaN
1,364,2000.0,0.0,0.0,NaN
1,365,2000.0,0.0,0.0,NaN
1,366,2000.0,0.0,0.0,NaN
1,367,2000.0,0.0,0.0,NaN
1,368,2000.0,0.0,0.0,NaN
1,369,2000.0,0.0,0.0,NaN
1,370,2000.0,0.0,0.0,NaN
1,371,2000.0,0.0,0.0,NaN
1,372,2000.0,0.0,0.0,NaN
1,373,2000.0,0.0,0.0,NaN
1,374,2000.0,0.0,0.0,NaN
1,375,2000.0,0.0,0.0,NaN
1,376,2000.0,0.0,0.0,NaN
1,377,2000.0,0.0,0.0,NaN
1,378,2000.0,0.0,0.0,NaN
1,379,2000.0,0.0,0.0,NaN
1,380,2000.0,0.0,0.0,NaN
1,381,2000.0,0.0,0.0,NaN
1,382,2000.0,0.0,0.0,NaN
1,383,2000.0,0.0,0.0,NaN
1,384,2000.0,0.0,0.0,NaN
1,385,2000.0,0.0,0.0,NaN
1,386,2000.0,0.0,0.0,NaN
1,387,2000.0,0.0,0.0,NaN
1,388,2000.0,0.0,0.0,NaN
1,389,2000.0,0.0,0.0,NaN
1,390,2000.0,0.0,0.0,NaN
1,391,2000.0,0.0,0.0,NaN
1,392,2000.0,0.0,0.0,NaN
1,393,2000.0,0.0,0.0,NaN
1,394,2000.0,0.0,0.0,NaN
1,395,2000.0,0.0,0.0,NaN
1,396,2000.0,0.0,0.0,NaN
1,397,2000.0,0.0,0.0,NaN
1,398,2000.0,0.0,0.0,NaN
1,399,2000.0,0.0,0.0,NaN
1,400,2000.0,0.0,0.0,NaN
1,401,2000.0,0.0,0.0,NaN
1,402,2000.0,0.0,0.0,NaN
1,403,2000.0,0.0,0.0,NaN
1,404,2000.0,0.0,0.0,NaN
1,405,2000.0,0.0,0.0,NaN
1,406,2000.0,0.0,0.0,NaN
1,407,2000.0,0.0,0.0,NaN
1,408,2000.0,0.0,0.0,NaN
1,409,2000.0,0.0,0.0,NaN
1,410,2000.0,0.0,0.0,NaN
1,411,2000.0,0.0,0.0,NaN
1,412,2000.0,0.0,0.0,NaN
1,413,2000.0,0.0,0.0,NaN
1,414,2000.0,0.0,0.0,NaN
1,415,2000.0,0.0,0.0,NaN
1,416,2000.0,0.0,0.0,NaN
1,417,2000.0,0.0,0.0,NaN
1,418,2000.0,0.0,0.0,NaN
1,419,2000.0,0.0,0.0,NaN
1,420,2000.0,0.0,0.0,NaN
1,421,2000.0,0.0,0.0,NaN
1,422,2000.0,0.0,0.0,NaN
1,423,2000.0,0.0,0.0,NaN
1,424,2000.0,0.0,0.0,NaN
1,425,2000.0,0.0,0.0,NaN
1,426,2000.0,0.0,0.0,NaN
1,427,2000.0,0.0,0.0,NaN
1,428,2000.0,0.0,0.0,NaN
1,429,2000.0,0.0,0.0,NaN
1,430,2000.0,0.0,0.0,NaN
1,431,2000.0,0.0,0.0,NaN
1,432,2000.0,0.0,0.0,NaN
1,433,2000.0,0.0,0.0,NaN
1,434,2000.0,0.0,0.0,NaN
1,435,2000.0,0.0,0.0,NaN
1,436,2000.0,0.0,0.0,NaN
1,437,2000.0,0.0,0.0,NaN
1,438,2000.0,0.0,0.0,NaN
1,439,2000.0,0.0,0.0,NaN
1,440,2000.0,0.0,0.0,NaN
1,441,2000.0,0.0,0.0,NaN
1,442,2000.0,0.0,0.0,NaN
1,443,2000.0,0.0,0.0,NaN
1,444,2000.0,0.0,0.0,NaN
1,445,2000.0,0.0,0.0,NaN
1,446,2000.0,0.0,0.0,NaN
1,447,2000.0,0.0,0.0,NaN
1,448,2000.0,0.0,0.0,NaN
1,449,2000.0,0.0,0.0,NaN
1,450,2000.0,0.0,0.0,NaN
1,451,2000.0,0.0,0.0,NaN
1,452,2000.0,0.0,0.0,NaN
1,453,2000.0,0.0,0.0,NaN
1,454,2000.0,0.0,0.0,NaN
1,455,2000.0,0.0,0.0,NaN
1,456,2000.0,0.0,0.0,NaN
1,457,2000.0,0.0,0.0,NaN
1,458,2000.0,0.0,0.0,NaN
1,459,2000.0,0.0,0.0,NaN
1,460,2000.0,0.0,0.0,NaN
1,461,2000.0,0.0,0.0,NaN
1,462,2000.0,0.0,0.0,NaN
1,463,2000.0,0.0,0.0,NaN
1,464,2000.0,0.0,0.0,NaN
1,465,2000.0,0.0,0.0,NaN
1,466,2000.0,0.0,0.0,NaN
1,467,2000.0,0.0,0.0,NaN
1,468,2000.0,0.0,0.0,NaN
1,469,2000.0,0.0,0.0,NaN
1,470,2000.0,0.0,0.0,NaN
1,471,2000.0,0.0,0.0,NaN
1,472,2000.0,0.0,0.0,NaN
1,473,2000.0,0.0,0.0,NaN
1,474,2000.0,0.0,0.0,NaN
1,475,2000.0,0.0,0.0,NaN
1,476,2000.0,0.0,0.0,NaN
1,477,2000.0,0.0,0.0,NaN
1,478,2000.0,0.0,0.0,NaN
1,479,2000.0,0.0,0.0,NaN
1,480,2000.0,0.0,0.0,NaN
1,481,2000.0,0.0,0.0,NaN
1,482,2000.0,0.0,0.0,NaN
1,483,2000.0,0.0,0.0,NaN
1,484,2000.0,0.0,0.0,NaN
1,485,2000.0,0.0,0.0,NaN
1,486,2000.0,0.0,0.0,NaN
1,487,2000.0,0.0,0.0,NaN
1,488,2000.0,0.0,0.0,NaN
1,489,2000.0,0.0,0.0,NaN
1,490,2000.0,0.0,0.0,NaN
1,491,2000.0,0.0,0.0,NaN
1,492,2000.0,0.0,0.0,NaN
1,493,2000.0,0.0,0.0,NaN
1,494,2000.0,0.0,0.0,NaN
1,495,2000.0,0.0,0.0,NaN
1,496,2000.0,0.0,0.0,NaN
1,497,2000.0,0.0,0.0,NaN
1,498,2000.0,0.0,0.0,NaN
1,499,2000.0,0.0,0.0,NaN
1,500,2000.0,0.0,0.0,NaN
1,501,2000.0,0.0,0.0,NaN
1,502,2000.0,0.0,0.0,NaN
1,503,2000.0,0.0,0.0,NaN
1,504,2000.0,0.0,0.0,NaN
1,505,2000.0,0.0,0.0,NaN
1,506,2000.0,0.0,0.0,NaN
1,507,2000.0,0.0,0.0,NaN
1,508,2000.0,0.0,0.0,NaN
1,509,2000.0,0.0,0.0,NaN
1,510,2000.0,0.0,0.0,NaN
1,511,2000.0,0.0,0.0,NaN
1,512,2000.0,0.0,0.0,NaN
1,513,2000.0,0.0,0.0,NaN
1,514,2000.0,0.0,0.0,NaN
1,515,2000.0,0.0,0.0,NaN
1,516,2000.0,0.0,0.0,NaN
1,517,2000.0,0.0,0.0,NaN
1,518,2000.0,0.0,0.0,NaN
1,519,2000.0,0.0,0.0,NaN
1,520,2000.0,0.0,0.0,NaN
1,521,2000.0,0.0,0.0,NaN
1,522,2000.0,0.0,0.0,NaN
1,523,2000.0,0.0,0.0,NaN
1,524,2000.0,0.0,0.0,NaN
1,525,2000.0,0.0,0.0,NaN
1,526,2000.0,0.0,0.0,NaN
1,527,2000.0,0.0,0.0,NaN
1,528,2000.0,0.0,0.0,NaN
1,529,2000.0,0.0,0.0,NaN
1,530,2000.0,0.0,0.0,NaN
1,531,2000.0,0.0,0.0,NaN
1,532,2000.0,0.0,0.0,NaN
1,533,2000.0,0.0,0.0,NaN
1,534,2000.0,0.0,0.0,NaN
1,535,2000.0,0.0,0.0,NaN
1,536,2000.0,0.0,0.0,NaN
1,537,2000.0,0.0,0.0,NaN
1,538,2000.0,0.0,0.0,NaN
1,539,2000.0,0.0,0.0,NaN
1,540,2000.0,0.0,0.0,NaN
1,541,2000.0,0.0,0.0,NaN
1,542,2000.0,0.0,0.0,NaN
1,543,2000.0,0.0,0.0,NaN
1,544,2000.0,0.0,0.0,NaN
1,545,2000.0,0.0,0.0,NaN
1,546,2000.0,0.0,0.0,NaN
1,547,2000.0,0.0,0.0,NaN
1,548,2000.0,0.0,0.0,NaN
1,549,2000.0,0.0,0.0,NaN
1,550,2000.0,0.0,0.0,NaN
1,551,2000.0,0.0,0.0,NaN
1,552,2000.0,0.0,0.0,NaN
1,553,2000.0,0.0,0.0,NaN
1,554,2000.0,0.0,0.0,NaN
1,555,2000.0,0.0,0.0,NaN
1,556,2000.0,0.0,0.0,NaN
1,557,2000.0,0.0,0.0,NaN
1,558,2000.0,0.0,0.0,NaN
1,559,2000.0,0.0,0.0,NaN
1,560,2000.0,0.0,0.0,NaN
1,561,2000.0,0.0,0.0,NaN
1,562,2000.0,0.0,0.0,NaN
1,563,2000.0,0.0,0.0,NaN
1,564,2000.0,0.0,0.0,NaN
1,565,2000.0,0.0,0.0,NaN
1,566,2000.0,0.0,0.0,NaN
1,567,2000.0,0.0,0.0,NaN
1,568,2000.0,0.0,0.0,NaN
1,569,2000.0,0.0,0.0,NaN
1,570,2000.0,0.0,0.0,NaN
1,571,2000.0,0.0,0.0,NaN
1,572,2000.0,0.0,0.0,NaN
1,573,2000.0,0.0,0.0,NaN
1,574,2000.0,0.0,0.0,NaN
1,575,2000.0,0.0,0.0,NaN
1,576,2000.0,0.0,0.0,NaN
1,577,2000.0,0.0,0.0,NaN
1,578,2000.0,0.0,0.0,NaN
1,579,2000.0,0.0,0.0,NaN
1,580,2000.0,0.0,0.0,NaN
1,581,2000.0,0.0,0.0,NaN
1,582,2000.0,0.0,0.0,NaN
1,583,2000.0,0.0,0.0,NaN
1,584,2000.0,0.0,0.0,NaN
1,585,2000.0,0.0,0.0,NaN
1,586,2000.0,0.0,0.0,NaN
1,587,2000.0,0.0,0.0,NaN
1,588,2000.0,0.0,0.0,NaN
1,589,2000.0,0.0,0.0,NaN
1,590,2000.0,0.0,0.0,NaN
1,591,2000.0,0.0,0.0,NaN
1,592,2000.0,0.0,0.0,NaN
1,593,2000.0,0.0,0.0,NaN
1,594,2000.0,0.0,0.0,NaN
1,595,2000.0,0.0,0.0,NaN
1,596,2000.0,0.0,0.0,NaN
1,597,2000.0,0.0,0.0,NaN
1,598,2000.0,0.0,0.0,NaN
1,599,2000.0,0.0,0.0,NaN
1,600,2000.0,0.0,0.0,NaN
1,601,2000.0,0.0,0.0,NaN
1,602,2000.0,0.0,0.0,NaN
1,603,2000.0,0.0,0.0,NaN
1,604,2000.0,0.0,0.0,NaN
1,605,2000.0,0.0,0.0,NaN
1,606,2000.0,0.0,0.0,NaN
1,607,2000.0,0.0,0.0,NaN
1,608,2000.0,0.0,0.0,NaN
1,609,2000.0,0.0,0.0,NaN
1,610,2000.0,0.0,0.0,NaN
1,611,2000.0,0.0,0.0,NaN
1,612,2000.0,0.0,0.0,NaN
1,613,2000.0,0.0,0.0,NaN
1,614,2000.0,0.0,0.0,NaN
1,615,2000.0,0.0,0.0,NaN
1,616,2000.0,0.0,0.0,NaN
1,617,2000.0,0.0,0.0,NaN
1,618,2000.0,0.0,0.0,NaN
1,619,2000.0,0.0,0.0,NaN
1,620,2000.0,0.0,0.0,NaN
1,621,2000.0,0.0,0.0,NaN
1,622,2000.0,0.0,0.0,NaN
1,623,2000.0,0.0,0.0,NaN
1,624,2000.0,0.0,0.0,NaN
1,625,2000.0,0.0,0.0,NaN
1,626,2000.0,0.0,0.0,NaN
1,627,2000.0,0.0,0.0,NaN
1,628,2000.0,0.0,0.0,NaN
1,629,2000.0,0.0,0.0,NaN
1,630,2000.0,0.0,0.0,NaN
1,631,2000.0,0.0,0.0,NaN
1,632,2000.0,0.0,0.0,NaN
1,633,2000.0,0.0,0.0,NaN
1,634,2000.0,0.0,0.0,NaN
1,635,2000.0,0.0,0.0,NaN
1,636,2000.0,0.0,0.0,NaN
1,637,2000.0,0.0,0.0,NaN
1,638,2000.0,0.0,0.0,NaN
1,639,2000.0,0.0,0.0,NaN
1,640,2000.0,0.0,0.0,NaN
1,641,2000.0,0.0,0.0,NaN
1,642,2000.0,0.0,0.0,NaN
1,643,2000.0,0.0,0.0,NaN
1,644,2000.0,0.0,0.0,NaN
1,645,2000.0,0.0,0.0,NaN
1,646,2000.0,0.0,0.0,NaN
1,647,2000.0,0.0,0.0,NaN
1,648,2000.0,0.0,0.0,NaN
1,649,2000.0,0.0,0.0,NaN
1,650,2000.0,0.0,0.0,NaN
1,651,2000.0,0.0,0.0,NaN
1,652,2000.0,0.0,0.0,NaN
1,653,2000.0,0.0,0.0,NaN
1,654,2000.0,0.0,0.0,NaN
1,655,2000.0,0.0,0.0,NaN
1,656,2000.0,0.0,0.0,NaN
1,657,2000.0,0.0,0.0,NaN
1,658,2000.0,0.0,0.0,NaN
1,659,2000.0,0.0,0.0,NaN
1,660,2000.0,0.0,0.0,NaN
1,661,2000.0,0.0,0.0,NaN
1,662,2000.0,0.0,0.0,NaN
1,663,2000.0,0.0,0.0,NaN
1,664,2000.0,0.0,0.0,NaN
1,665,2000.0,0.0,0.0,NaN
1,666,2000.0,0.0,0.0,NaN
1,667,2000.0,0.0,0.0,NaN
1,668,2000.0,0.0,0.0,NaN
1,669,2000.0,0.0,0.0,NaN
1,670,2000.0,0.0,0.0,NaN
1,671,2000.0,0.0,0.0,NaN
1,672,2000.0,0.0,0.0,NaN
1,673,2000.0,0.0,0.0,NaN
1,674,2000.0,0.0,0.0,NaN
1,675,2000.0,0.0,0.0,NaN
1,676,2000.0,0.0,0.0,NaN
1,677,2000.0,0.0,0.0,NaN
1,678,2000.0,0.0,0.0,NaN
1,679,2000.0,0.0,0.0,NaN
1,680,2000.0,0.0,0.0,NaN
1,681,2000.0,0.0,0.0,NaN
1,682,2000.0,0.0,0.0,NaN
1,683,2000.0,0.0,0.0,NaN
1,684,2000.0,0.0,0.0,NaN
1,685,2000.0,0.0,0.0,NaN
1,686,2000.0,0.0,0.0,NaN
1,687,2000.0,0.0,0.0,NaN
1,688,2000.0,0.0,0.0,NaN
1,689,2000.0,0.0,0.0,NaN
1,690,2000.0,0.0,0.0,NaN
1,691,2000.0,0.0,0.0,NaN
1,692,2000.0,0.0,0.0,NaN
1,693,2000.0,0.0,0.0,NaN
1,694,2000.0,0.0,0.0,NaN
1,695,2000.0,0.0,0.0,NaN
1,696,2000.0,0.0,0.0,NaN
1,697,2000.0,0.0,0.0,NaN
1,698,2000.0,0.0,0.0,NaN
1,699,2000.0,0.0,0.0,NaN
1,700,2000.0,0.0,0.0,NaN
1,701,2000.0,0.0,0.0,NaN
1,702,2000.0,0.0,0.0,NaN
1,703,2000.0,0.0,0.0,NaN
1,704,2000.0,0.0,0.0,NaN
1,705,2000.0,0.0,0.0,NaN
1,706,2000.0,0.0,0.0,NaN
1,707,2000.0,0.0,0.0,NaN
1,708,2000.0,0.0,0.0,NaN
1,709,2000.0,0.0,0.0,NaN
1,710,2000.0,0.0,0.0,NaN
1,711,2000.0,0.0,0.0,NaN
1,712,2000.0,0.0,0.0,NaN
1,713,2000.0,0.0,0.0,NaN
1,714,2000.0,0.0,0.0,NaN
1,715,2000.0,0.0,0.0,NaN
1,716,2000.0,0.0,0.0,NaN
1,717,2000.0,0.0,0.0,NaN
1,718,2000.0,0.0,0.0,NaN
1,719,2000.0,0.0,0.0,NaN
1,720,2000.0,0.0,0.0,NaN
1,721,2000.0,0.0,0.0,NaN
1,722,2000.0,0.0,0.0,NaN
1,723,2000.0,0.0,0.0,NaN
1,724,2000.0,0.0,0.0,NaN
1,725,2000.0,0.0,0.0,NaN
1,726,2000.0,0.0,0.0,NaN
1,727,2000.0,0.0,0.0,NaN
1,728,2000.0,0.0,0.0,NaN
1,729,2000.0,0.0,0.0,NaN
1,730,2000.0,0.0,0.0,NaN
1,731,2000.0,0.0,0.0,NaN
1,732,2000.0,0.0,0.0,NaN
1,733,2000.0,0.0,0.0,NaN
1,734,2000.0,0.0,0.0,NaN
1,735,2000.0,0.0,0.0,NaN
1,736,2000.0,0.0,0.0,NaN
1,737,2000.0,0.0,0.0,NaN
1,738,2000.0,0.0,0.0,NaN
1,739,2000.0,0.0,0.0,NaN
1,740,2000.0,0.0,0.0,NaN
1,741,2000.0,0.0,0.0,NaN
1,742,2000.0,0.0,0.0,NaN
1,743,2000.0,0.0,0.0,NaN
1,744,2000.0,0.0,0.0,NaN
1,745,2000.0,0.0,0.0,NaN
1,746,2000.0,0.0,0.0,NaN
1,747,2000.0,0.0,0.0,NaN
1,748,2000.0,0.0,0.0,NaN
1,749,2000.0,0.0,0.0,NaN
1,750,2000.0,0.0,0.0,NaN
1,751,2000.0,0.0,0.0,NaN
1,752,2000.0,0.0,0.0,NaN
1,753,2000.0,0.0,0.0,NaN
1,754,2000.0,0.0,0.0,NaN
1,755,2000.0,0.0,0.0,NaN
1,756,2000.0,0.0,0.0,NaN
1,757,2000.0,0.0,0.0,NaN
1,758,2000.0,0.0,0.0,NaN
1,759,2000.0,0.0,0.0,NaN
1,760,2000.0,0.0,0.0,NaN
1,761,2000.0,0.0,0.0,NaN
1,762,2000.0,0.0,0.0,NaN
1,763,2000.0,0.0,0.0,NaN
1,764,2000.0,0.0,0.0,NaN
1,765,2000.0,0.0,0.0,NaN
1,766,2000.0,0.0,0.0,NaN
1,767,2000.0,0.0,0.0,NaN
1,768,2000.0,0.0,0.0,NaN
1,769,2000.0,0.0,0.0,NaN
1,770,2000.0,0.0,0.0,NaN
1,771,2000.0,0.0,0.0,NaN
1,772,2000.0,0.0,0.0,NaN
1,773,2000.0,0.0,0.0,NaN
1,774,2000.0,0.0,0.0,NaN
1,775,2000.0,0.0,0.0,NaN
1,776,2000.0,0.0,0.0,NaN
1,777,2000.0,0.0,0.0,NaN
1,778,2000.0,0.0,0.0,NaN
1,779,2000.0,0.0,0.0,NaN
1,780,2000.0,0.0,0.0,NaN
2,1,1800.0,0.0,0.0,NaN
2,2,1800.0,0.0,0.0,NaN
2,3,1800.0,0.0,0.0,NaN
2,4,1800.0,0.0,0.0,NaN
2,5,1800.0,0.0,0.0,NaN
2,6,1800.0,0.0,0.0,NaN
2,7,1800.0,0.0,0.0,NaN
2,8,1800.0,0.0,0.0,NaN
2,9,1800.0,0.0,0.0,NaN
2,10,1800.0,0.0,0.0,NaN
2,11,1800.0,0.0,0.0,NaN
2,12,1800.0,0.0,0.0,NaN
2,13,1800.0,0.0,0.0,NaN
2,14,1800.0,0.0,0.0,NaN
2,15,1800.0,0.0,0.0,NaN
2,16,1800.0,0.0,0.0,NaN
2,17,1800.0,0.0,0.0,NaN
2,18,1800.0,0.0,0.0,NaN
2,19,1800.0,0.0,0.0,NaN
2,20,1800.0,0.0,0.0,NaN
2,21,1800.0,0.0,0.0,NaN
2,22,1800.0,0.0,0.0,NaN
2,23,1800.0,0.0,0.0,NaN
2,24,1800.0,0.0,0.0,NaN
2,25,1800.0,0.0,0.0,NaN
2,26,1800.0,0.0,0.0,NaN
2,27,1800.0,0.0,0.0,NaN
2,28,1800.0,0.0,0.0,NaN
2,29,1800.0,0.0,0.0,NaN
2,30,1800.0,0.0,0.0,NaN
2,31,1800.0,0.0,0.0,NaN
2,32,1800.0,0.0,0.0,NaN
2,33,1800.0,0.0,0.0,NaN
2,34,1800.0,0.0,0.0,NaN
2,35,1800.0,0.0,0.0,NaN
2,36,1800.0,0.0,0.0,NaN
2,37,1800.0,0.0,0.0,NaN
2,38,1800.0,0.0,0.0,NaN
2,39,1800.0,0.0,0.0,NaN
2,40,1800.0,0.0,0.0,NaN
2,41,1800.0,0.0,0.0,NaN
2,42,1800.0,0.0,0.0,NaN
2,43,1800.0,0.0,0.0,NaN
2,44,1800.0,0.0,0.0,NaN
2,45,1800.0,0.0,0.0,NaN
2,46,1800.0,0.0,0.0,NaN
2,47,1800.0,0.0,0.0,NaN
2,48,1800.0,0.0,0.0,NaN
2,49,1800.0,0.0,0.0,NaN
2,50,1800.0,0.0,0.0,NaN
2,51,1800.0,0.0,0.0,NaN
2,52,1800.0,0.0,0.0,NaN
2,53,1800.0,0.0,0.0,NaN
2,54,1800.0,0.0,0.0,NaN
2,55,1800.0,0.0,0.0,NaN
2,56,1800.0,0.0,0.0,NaN
2,57,1800.0,0.0,0.0,NaN
2,58,1800.0,0.0,0.0,NaN
2,59,1800.0,0.0,0.0,NaN
2,60,1800.0,0.0,0.0,NaN
2,61,1800.0,0.0,0.0,NaN
2,62,1800.0,0.0,0.0,NaN
2,63,1800.0,0.0,0.0,NaN
2,64,1800.0,0.0,0.0,NaN
2,65,1800.0,0.0,0.0,NaN
2,66,1800.0,0.0,0.0,NaN
2,67,1800.0,0.0,0.0,NaN
2,68,1800.0,0.0,0.0,NaN
2,69,1800.0,0.0,0.0,NaN
2,70,1800.0,0.0,0.0,NaN
2,71,1800.0,0.0,0.0,NaN
2,72,1800.0,0.0,0.0,NaN
2,73,1800.0,0.0,0.0,NaN
2,74,1800.0,0.0,0.0,NaN
2,75,1800.0,0.0,0.0,NaN
2,76,1800.0,0.0,0.0,NaN
2,77,1800.0,0.0,0.0,NaN
2,78,1800.0,0.0,0.0,NaN
2,79,1800.0,0.0,0.0,NaN
2,80,1800.0,0.0,0.0,NaN
2,81,1800.0,0.0,0.0,NaN
2,82,1800.0,0.0,0.0,NaN
2,83,1800.0,0.0,0.0,NaN
2,84,1800.0,0.0,0.0,NaN
2,85,1800.0,0.0,0.0,NaN
2,86,1800.0,0.0,0.0,NaN
2,87,1800.0,0.0,0.0,NaN
2,88,1800.0,0.0,0.0,NaN
2,89,1800.0,0.0,0.0,NaN
2,90,1800.0,0.0,0.0,NaN
2,91,1800.0,0.0,0.0,NaN
2,92,1800.0,0.0,0.0,NaN
2,93,1800.0,0.0,0.0,NaN
2,94,1800.0,0.0,0.0,NaN
2,95,1800.0,0.0,0.0,NaN
2,96,1800.0,0.0,0.0,NaN
2,97,1800.0,0.0,0.0,NaN
2,98,1800.0,0.0,0.0,NaN
2,99,1800.0,0.0,0.0,NaN
2,100,1800.0,0.0,0.0,NaN
2,101,1800.0,0.0,0.0,NaN
2,102,1800.0,0.0,0.0,NaN
2,103,1800.0,0.0,0.0,NaN
2,104,1800.0,0.0,0.0,NaN
2,105,1800.0,0.0,0.0,NaN
2,106,1800.0,0.0,0.0,NaN
2,107,1800.0,0.0,0.0,NaN
2,108,1800.0,0.0,0.0,NaN
2,109,1800.0,0.0,0.0,NaN
2,110,1800.0,0.0,0.0,NaN
2,111,1800.0,0.0,0.0,NaN
2,112,1800.0,0.0,0.0,NaN
2,113,1800.0,0.0,0.0,NaN
2,114,1800.0,0.0,0.0,NaN
2,115,1800.0,0.0,0.0,NaN
2,116,1800.0,0.0,0.0,NaN
2,117,1800.0,0.0,0.0,NaN
2,118,1800.0,0.0,0.0,NaN
2,119,1800.0,0.0,0.0,NaN
2,120,1800.0,0.0,0.0,NaN
2,121,1800.0,0.0,0.0,NaN
2,122,1800.0,0.0,0.0,NaN
2,123,1800.0,0.0,0.0,NaN
2,124,1800.0,0.0,0.0,NaN
2,125,1800.0,0.0,0.0,NaN
2,126,1800.0,0.0,0.0,NaN
2,127,1800.0,0.0,0.0,NaN
2,128,1800.0,0.0,0.0,NaN
2,129,1800.0,0.0,0.0,NaN
2,130,1800.0,0.0,0.0,NaN
2,131,1800.0,0.0,0.0,NaN
2,132,1800.0,0.0,0.0,NaN
2,133,1800.0,0.0,0.0,NaN
2,134,1800.0,0.0,0.0,NaN
2,135,1800.0,0.0,0.0,NaN
2,136,1800.0,0.0,0.0,NaN
2,137,1800.0,0.0,0.0,NaN
2,138,1800.0,0.0,0.0,NaN
2,139,1800.0,0.0,0.0,NaN
2,140,1800.0,0.0,0.0,NaN
2,141,1800.0,0.0,0.0,NaN
2,142,1800.0,0.0,0.0,NaN
2,143,1800.0,0.0,0.0,NaN
2,144,1800.0,0.0,0.0,NaN
2,145,1800.0,0.0,0.0,NaN
2,146,1800.0,0.0,0.0,NaN
2,147,1800.0,0.0,0.0,NaN
2,148,1800.0,0.0,0.0,NaN
2,149,1800.0,0.0,0.0,NaN
2,150,1800.0,0.0,0.0,NaN
2,151,1800.0,0.0,0.0,NaN
2,152,1800.0,0.0,0.0,NaN
2,153,1800.0,0.0,0.0,NaN
2,154,1800.0,0.0,0.0,NaN
2,155,1800.0,0.0,0.0,NaN
2,156,1800.0,0.0,0.0,NaN
2,157,1800.0,0.0,0.0,NaN
2,158,1800.0,0.0,0.0,NaN
2,159,1800.0,0.0,0.0,NaN
2,160,1800.0,0.0,0.0,NaN
2,161,1800.0,0.0,0.0,NaN
2,162,1800.0,0.0,0.0,NaN
2,163,1800.0,0.0,0.0,NaN
2,164,1800.0,0.0,0.0,NaN
2,165,1800.0,0.0,0.0,NaN
2,166,1800.0,0.0,0.0,NaN
2,167,1800.0,0.0,0.0,NaN
2,168,1800.0,0.0,0.0,NaN
2,169,1800.0,0.0,0.0,NaN
2,170,1800.0,0.0,0.0,NaN
2,171,1800.0,0.0,0.0,NaN
2,172,1800.0,0.0,0.0,NaN
2,173,1800.0,0.0,0.0,NaN
2,174,1800.0,0.0,0.0,NaN
2,175,1800.0,0.0,0.0,NaN
2,176,1800.0,0.0,0.0,NaN
2,177,1800.0,0.0,0.0,NaN
2,178,1800.0,0.0,0.0,NaN
2,179,1800.0,0.0,0.0,NaN
2,180,1800.0,0.0,0.0,NaN
2,181,1800.0,0.0,0.0,NaN
2,182,1800.0,0.0,0.0,NaN
2,183,1800.0,0.0,0.0,NaN
2,184,1800.0,0.0,0.0,NaN
2,185,1800.0,0.0,0.0,NaN
2,186,1800.0,0.0,0.0,NaN
2,187,1800.0,0.0,0.0,NaN
2,188,1800.0,0.0,0.0,NaN
2,189,1800.0,0.0,0.0,NaN
2,190,1800.0,0.0,0.0,NaN
2,191,1800.0,0.0,0.0,NaN
2,192,1800.0,0.0,0.0,NaN
2,193,1800.0,0.0,0.0,NaN
2,194,1800.0,0.0,0.0,NaN
2,195,1800.0,0.0,0.0,NaN
2,196,1800.0,0.0,0.0,NaN
2,197,1800.0,0.0,0.0,NaN
2,198,1800.0,0.0,0.0,NaN
2,199,1800.0,0.0,0.0,NaN
2,200,1800.0,0.0,0.0,NaN
2,201,1800.0,0.0,0.0,NaN
2,202,1800.0,0.0,0.0,NaN
2,203,1800.0,0.0,0.0,NaN
2,204,1800.0,0.0,0.0,NaN
2,205,1800.0,0.0,0.0,NaN
2,206,1800.0,0.0,0.0,NaN
2,207,1800.0,0.0,0.0,NaN
2,208,1800.0,0.0,0.0,NaN
2,209,1800.0,0.0,0.0,NaN
2,210,1800.0,0.0,0.0,NaN
2,211,1800.0,0.0,0.0,NaN
2,212,1800.0,0.0,0.0,NaN
2,213,1800.0,0.0,0.0,NaN
2,214,1800.0,0.0,0.0,NaN
2,215,1800.0,0.0,0.0,NaN
2,216,1800.0,0.0,0.0,NaN
2,217,1800.0,0.0,0.0,NaN
2,218,1800.0,0.0,0.0,NaN
2,219,1800.0,0.0,0.0,NaN
2,220,1800.0,0.0,0.0,NaN
2,221,1800.0,0.0,0.0,NaN
2,222,1800.0,0.0,0.0,NaN
2,223,1800.0,0.0,0.0,NaN
2,224,1800.0,0.0,0.0,NaN
2,225,1800.0,0.0,0.0,NaN
2,226,1800.0,0.0,0.0,NaN
2,227,1800.0,0.0,0.0,NaN
2,228,1800.0,0.0,0.0,NaN
2,229,1800.0,0.0,0.0,NaN
2,230,1800.0,0.0,0.0,NaN
2,231,1800.0,0.0,0.0,NaN
2,232,1800.0,0.0,0.0,NaN
2,233,1800.0,0.0,0.0,NaN
2,234,1800.0,0.0,0.0,NaN
2,235,1800.0,0.0,0.0,NaN
2,236,1800.0,0.0,0.0,NaN
2,237,1800.0,0.0,0.0,NaN
2,238,1800.0,0.0,0.0,NaN
2,239,1800.0,0.0,0.0,NaN
2,240,1800.0,0.0,0.0,NaN
2,241,1800.0,0.0,0.0,NaN
2,242,1800.0,0.0,0.0,NaN
2,243,1800.0,0.0,0.0,NaN
2,244,1800.0,0.0,0.0,NaN
2,245,1800.0,0.0,0.0,NaN
2,246,1800.0,0.0,0.0,NaN
2,247,1800.0,0.0,0.0,NaN
2,248,1800.0,0.0,0.0,NaN
2,249,1800.0,0.0,0.0,NaN
2,250,1800.0,0.0,0.0,NaN
2,251,1800.0,0.0,0.0,NaN
2,252,1800.0,0.0,0.0,NaN
2,253,1800.0,0.0,0.0,NaN
2,254,1800.0,0.0,0.0,NaN
2,255,1800.0,0.0,0.0,NaN
2,256,1800.0,0.0,0.0,NaN
2,257,1800.0,0.0,0.0,NaN
2,258,1800.0,0.0,0.0,NaN
2,259,1800.0,0.0,0.0,NaN
2,260,1800.0,0.0,0.0,NaN
2,261,1800.0,0.0,0.0,NaN
2,262,1800.0,0.0,0.0,NaN
2,263,1800.0,0.0,0.0,NaN
2,264,1800.0,0.0,0.0,NaN
2,265,1800.0,0.0,0.0,NaN
2,266,1800.0,0.0,0.0,NaN
2,267,1800.0,0.0,0.0,NaN
2,268,1800.0,0.0,0.0,NaN
2,269,1800.0,0.0,0.0,NaN
2,270,1800.0,0.0,0.0,NaN
2,271,1800.0,0.0,0.0,NaN
2,272,1800.0,0.0,0.0,NaN
2,273,1800.0,0.0,0.0,NaN
2,274,1800.0,0.0,0.0,NaN
2,275,1800.0,0.0,0.0,NaN
2,276,1800.0,0.0,0.0,NaN
2,277,1800.0,0.0,0.0,NaN
2,278,1800.0,0.0,0.0,NaN
2,279,1800.0,0.0,0.0,NaN
2,280,1800.0,0.0,0.0,NaN
2,281,1800.0,0.0,0.0,NaN
2,282,1800.0,0.0,0.0,NaN
2,283,1800.0,0.0,0.0,NaN
2,284,1800.0,0.0,0.0,NaN
2,285,1800.0,0.0,0.0,NaN
2,286,1800.0,0.0,0.0,NaN
2,287,1800.0,0.0,0.0,NaN
2,288,1800.0,0.0,0.0,NaN
2,289,1800.0,0.0,0.0,NaN
2,290,1800.0,0.0,0.0,NaN
2,291,1800.0,0.0,0.0,NaN
2,292,1800.0,0.0,0.0,NaN
2,293,1800.0,0.0,0.0,NaN
2,294,1800.0,0.0,0.0,NaN
2,295,1800.0,0.0,0.0,NaN
2,296,1800.0,0.0,0.0,NaN
2,297,1800.0,0.0,0.0,NaN
2,298,1800.0,0.0,0.0,NaN
2,299,1800.0,0.0,0.0,NaN
2,300,1800.0,0.0,0.0,NaN
2,301,1800.0,0.0,0.0,NaN
2,302,1800.0,0.0,0.0,NaN
2,303,1800.0,0.0,0.0,NaN
2,304,1800.0,0.0,0.0,NaN
2,305,1800.0,0.0,0.0,NaN
2,306,1800.0,0.0,0.0,NaN
2,307,1800.0,0.0,0.0,NaN
2,308,1800.0,0.0,0.0,NaN
2,309,1800.0,0.0,0.0,NaN
2,310,1800.0,0.0,0.0,NaN
2,311,1800.0,0.0,0.0,NaN
2,312,1800.0,0.0,0.0,NaN
2,313,1800.0,0.0,0.0,NaN
2,314,1800.0,0.0,0.0,NaN
2,315,1800.0,0.0,0.0,NaN
2,316,1800.0,0.0,0.0,NaN
2,317,1800.0,0.0,0.0,NaN
2,318,1800.0,0.0,0.0,NaN
2,319,1800.0,0.0,0.0,NaN
2,320,1800.0,0.0,0.0,NaN
2,321,1800.0,0.0,0.0,NaN
2,322,1800.0,0.0,0.0,NaN
2,323,1800.0,0.0,0.0,NaN
2,324,1800.0,0.0,0.0,NaN
2,325,1800.0,0.0,0.0,NaN
2,326,1800.0,0.0,0.0,NaN
2,327,1800.0,0.0,0.0,NaN
2,328,1800.0,0.0,0.0,NaN
2,329,1800.0,0.0,0.0,NaN
2,330,1800.0,0.0,0.0,NaN
2,331,1800.0,0.0,0.0,NaN
2,332,1800.0,0.0,0.0,NaN
2,333,1800.0,0.0,0.0,NaN
2,334,1800.0,0.0,0.0,NaN
2,335,1800.0,0.0,0.0,NaN
2,336,1800.0,0.0,0.0,NaN
2,337,1800.0,0.0,0.0,NaN
2,338,1800.0,0.0,0.0,NaN
2,339,1800.0,0.0,0.0,NaN
2,340,1800.0,0.0,0.0,NaN
2,341,1800.0,0.0,0.0,NaN
2,342,1800.0,0.0,0.0,NaN
2,343,1800.0,0.0,0.0,NaN
2,344,1800.0,0.0,0.0,NaN
2,345,1800.0,0.0,0.0,NaN
2,346,1800.0,0.0,0.0,NaN
2,347,1800.0,0.0,0.0,NaN
2,348,1800.0,0.0,0.0,NaN
2,349,1800.0,0.0,0.0,NaN
2,350,1800.0,0.0,0.0,NaN
2,351,1800.0,0.0,0.0,NaN
2,352,1800.0,0.0,0.0,NaN
2,353,1800.0,0.0,0.0,NaN
2,354,1800.0,0.0,0.0,NaN
2,355,1800.0,0.0,0.0,NaN
2,356,1800.0,0.0,0.0,NaN
2,357,1800.0,0.0,0.0,NaN
2,358,1800.0,0.0,0.0,NaN
2,359,1800.0,0.0,0.0,NaN
2,360,1800.0,0.0,0.0,NaN
2,361,1800.0,0.0,0.0,NaN
2,362,1800.0,0.0,0.0,NaN
2,363,1800.0,0.0,0.0,NaN
2,364,1800.0,0.0,0.0,NaN
2,365,1800.0,0.0,0.0,NaN
2,366,1800.0,0.0,0.0,NaN
2,367,1800.0,0.0,0.0,NaN
2,368,1800.0,0.0,0.0,NaN
2,369,1800.0,0.0,0.0,NaN
2,370,1800.0,0.0,0.0,NaN
2,371,1800.0,0.0,0.0,NaN
2,372,1800.0,0.0,0.0,NaN
2,373,1800.0,0.0,0.0,NaN
2,374,1800.0,0.0,0.0,NaN
2,375,1800.0,0.0,0.0,NaN
2,376,1800.0,0.0,0.0,NaN
2,377,1800.0,0.0,0.0,NaN
2,378,1800.0,0.0,0.0,NaN
2,379,1800.0,0.0,0.0,NaN
2,380,1800.0,0.0,0.0,NaN
2,381,1800.0,0.0,0.0,NaN
2,382,1800.0,0.0,0.0,NaN
2,383,1800.0,0.0,0.0,NaN
2,384,1800.0,0.0,0.0,NaN
2,385,1800.0,0.0,0.0,NaN
2,386,1800.0,0.0,0.0,NaN
2,387,1800.0,0.0,0.0,NaN
2,388,1800.0,0.0,0.0,NaN
2,389,1800.0,0.0,0.0,NaN
2,390,1800.0,0.0,0.0,NaN
2,391,1800.0,0.0,0.0,NaN
2,392,1800.0,0.0,0.0,NaN
2,393,1800.0,0.0,0.0,NaN
2,394,1800.0,0.0,0.0,NaN
2,395,1800.0,0.0,0.0,NaN
2,396,1800.0,0.0,0.0,NaN
2,397,1800.0,0.0,0.0,NaN
2,398,1800.0,0.0,0.0,NaN
2,399,1800.0,0.0,0.0,NaN
2,400,1800.0,0.0,0.0,NaN
2,401,1800.0,0.0,0.0,NaN
2,402,1800.0,0.0,0.0,NaN
2,403,1800.0,0.0,0.0,NaN
2,404,1800.0,0.0,0.0,NaN
2,405,1800.0,0.0,0.0,NaN
2,406,1800.0,0.0,0.0,NaN
2,407,1800.0,0.0,0.0,NaN
2,408,1800.0,0.0,0.0,NaN
2,409,1800.0,0.0,0.0,NaN
2,410,1800.0,0.0,0.0,NaN
2,411,1800.0,0.0,0.0,NaN
2,412,1800.0,0.0,0.0,NaN
2,413,1800.0,0.0,0.0,NaN
2,414,1800.0,0.0,0.0,NaN
2,415,1800.0,0.0,0.0,NaN
2,416,1800.0,0.0,0.0,NaN
2,417,1800.0,0.0,0.0,NaN
2,418,1800.0,0.0,0.0,NaN
2,419,1800.0,0.0,0.0,NaN
2,420,1800.0,0.0,0.0,NaN
2,421,1800.0,0.0,0.0,NaN
2,422,1800.0,0.0,0.0,NaN
2,423,1800.0,0.0,0.0,NaN
2,424,1800.0,0.0,0.0,NaN
2,425,1800.0,0.0,0.0,NaN
2,426,1800.0,0.0,0.0,NaN
2,427,1800.0,0.0,0.0,NaN
2,428,1800.0,0.0,0.0,NaN
2,429,1800.0,0.0,0.0,NaN
2,430,1800.0,0.0,0.0,NaN
2,431,1800.0,0.0,0.0,NaN
2,432,1800.0,0.0,0.0,NaN
2,433,1800.0,0.0,0.0,NaN
2,434,1800.0,0.0,0.0,NaN
2,435,1800.0,0.0,0.0,NaN
2,436,1800.0,0.0,0.0,NaN
2,437,1800.0,0.0,0.0,NaN
2,438,1800.0,0.0,0.0,NaN
2,439,1800.0,0.0,0.0,NaN
2,440,1800.0,0.0,0.0,NaN
2,441,1800.0,0.0,0.0,NaN
2,442,1800.0,0.0,0.0,NaN
2,443,1800.0,0.0,0.0,NaN
2,444,1800.0,0.0,0.0,NaN
2,445,1800.0,0.0,0.0,NaN
2,446,1800.0,0.0,0.0,NaN
2,447,1800.0,0.0,0.0,NaN
2,448,1800.0,0.0,0.0,NaN
2,449,1800.0,0.0,0.0,NaN
2,450,1800.0,0.0,0.0,NaN
2,451,1800.0,0.0,0.0,NaN
2,452,1800.0,0.0,0.0,NaN
2,453,1800.0,0.0,0.0,NaN
2,454,1800.0,0.0,0.0,NaN
2,455,1800.0,0.0,0.0,NaN
2,456,1800.0,0.0,0.0,NaN
2,457,1800.0,0.0,0.0,NaN
2,458,1800.0,0.0,0.0,NaN
2,459,1800.0,0.0,0.0,NaN
2,460,1800.0,0.0,0.0,NaN
2,461,1800.0,0.0,0.0,NaN
2,462,1800.0,0.0,0.0,NaN
2,463,1800.0,0.0,0.0,NaN
2,464,1800.0,0.0,0.0,NaN
2,465,1800.0,0.0,0.0,NaN
2,466,1800.0,0.0,0.0,NaN
2,467,1800.0,0.0,0.0,NaN
2,468,1800.0,0.0,0.0,NaN
2,469,1800.0,0.0,0.0,NaN
2,470,1800.0,0.0,0.0,NaN
2,471,1800.0,0.0,0.0,NaN
2,472,1800.0,0.0,0.0,NaN
2,473,1800.0,0.0,0.0,NaN
2,474,1800.0,0.0,0.0,NaN
2,475,1800.0,0.0,0.0,NaN
2,476,1800.0,0.0,0.0,NaN
2,477,1800.0,0.0,0.0,NaN
2,478,1800.0,0.0,0.0,NaN
2,479,1800.0,0.0,0.0,NaN
2,480,1800.0,0.0,0.0,NaN
2,481,1800.0,0.0,0.0,NaN
2,482,1800.0,0.0,0.0,NaN
2,483,1800.0,0.0,0.0,NaN
2,484,1800.0,0.0,0.0,NaN
2,485,1800.0,0.0,0.0,NaN
2,486,1800.0,0.0,0.0,NaN
2,487,1800.0,0.0,0.0,NaN
2,488,1800.0,0.0,0.0,NaN
2,489,1800.0,0.0,0.0,NaN
2,490,1800.0,0.0,0.0,NaN
2,491,1800.0,0.0,0.0,NaN
2,492,1800.0,0.0,0.0,NaN
2,493,1800.0,0.0,0.0,NaN
2,494,1800.0,0.0,0.0,NaN
2,495,1800.0,0.0,0.0,NaN
2,496,1800.0,0.0,0.0,NaN
2,497,1800.0,0.0,0.0,NaN
2,498,1800.0,0.0,0.0,NaN
2,499,1800.0,0.0,0.0,NaN
2,500,1800.0,0.0,0.0,NaN
2,501,1800.0,0.0,0.0,NaN
2,502,1800.0,0.0,0.0,NaN
2,503,1800.0,0.0,0.0,NaN
2,504,1800.0,0.0,0.0,NaN
2,505,1800.0,0.0,0.0,NaN
2,506,1800.0,0.0,0.0,NaN
2,507,1800.0,0.0,0.0,NaN
2,508,1800.0,0.0,0.0,NaN
2,509,1800.0,0.0,0.0,NaN
2,510,1800.0,0.0,0.0,NaN
2,511,1800.0,0.0,0.0,NaN
2,512,1800.0,0.0,0.0,NaN
2,513,1800.0,0.0,0.0,NaN
2,514,1800.0,0.0,0.0,NaN
2,515,1800.0,0.0,0.0,NaN
2,516,1800.0,0.0,0.0,NaN
2,517,1800.0,0.0,0.0,NaN
2,518,1800.0,0.0,0.0,NaN
2,519,1800.0,0.0,0.0,NaN
2,520,1800.0,0.0,0.0,NaN
2,521,1800.0,0.0,0.0,NaN
2,522,1800.0,0.0,0.0,NaN
2,523,1800.0,0.0,0.0,NaN
2,524,1800.0,0.0,0.0,NaN
2,525,1800.0,0.0,0.0,NaN
2,526,1800.0,0.0,0.0,NaN
2,527,1800.0,0.0,0.0,NaN
2,528,1800.0,0.0,0.0,NaN
2,529,1800.0,0.0,0.0,NaN
2,530,1800.0,0.0,0.0,NaN
2,531,1800.0,0.0,0.0,NaN
2,532,1800.0,0.0,0.0,NaN
2,533,1800.0,0.0,0.0,NaN
2,534,1800.0,0.0,0.0,NaN
2,535,1800.0,0.0,0.0,NaN
2,536,1800.0,0.0,0.0,NaN
2,537,1800.0,0.0,0.0,NaN
2,538,1800.0,0.0,0.0,NaN
2,539,1800.0,0.0,0.0,NaN
2,540,1800.0,0.0,0.0,NaN
2,541,1800.0,0.0,0.0,NaN
2,542,1800.0,0.0,0.0,NaN
2,543,1800.0,0.0,0.0,NaN
2,544,1800.0,0.0,0.0,NaN
2,545,1800.0,0.0,0.0,NaN
2,546,1800.0,0.0,0.0,NaN
2,547,1800.0,0.0,0.0,NaN
2,548,1800.0,0.0,0.0,NaN
2,549,1800.0,0.0,0.0,NaN
2,550,1800.0,0.0,0.0,NaN
2,551,1800.0,0.0,0.0,NaN
2,552,1800.0,0.0,0.0,NaN
2,553,1800.0,0.0,0.0,NaN
2,554,1800.0,0.0,0.0,NaN
2,555,1800.0,0.0,0.0,NaN
2,556,1800.0,0.0,0.0,NaN
2,557,1800.0,0.0,0.0,NaN
2,558,1800.0,0.0,0.0,NaN
2,559,1800.0,0.0,0.0,NaN
2,560,1800.0,0.0,0.0,NaN
2,561,1800.0,0.0,0.0,NaN
2,562,1800.0,0.0,0.0,NaN
2,563,1800.0,0.0,0.0,NaN
2,564,1800.0,0.0,0.0,NaN
2,565,1800.0,0.0,0.0,NaN
2,566,1800.0,0.0,0.0,NaN
2,567,1800.0,0.0,0.0,NaN
2,568,1800.0,0.0,0.0,NaN
2,569,1800.0,0.0,0.0,NaN
2,570,1800.0,0.0,0.0,NaN
2,571,1800.0,0.0,0.0,NaN
2,572,1800.0,0.0,0.0,NaN
2,573,1800.0,0.0,0.0,NaN
2,574,1800.0,0.0,0.0,NaN
2,575,1800.0,0.0,0.0,NaN
2,576,1800.0,0.0,0.0,NaN
2,577,1800.0,0.0,0.0,NaN
2,578,1800.0,0.0,0.0,NaN
2,579,1800.0,0.0,0.0,NaN
2,580,1800.0,0.0,0.0,NaN
2,581,1800.0,0.0,0.0,NaN
2,582,1800.0,0.0,0.0,NaN
2,583,1800.0,0.0,0.0,NaN
2,584,1800.0,0.0,0.0,NaN
2,585,1800.0,0.0,0.0,NaN
2,586,1800.0,0.0,0.0,NaN
2,587,1800.0,0.0,0.0,NaN
2,588,1800.0,0.0,0.0,NaN
2,589,1800.0,0.0,0.0,NaN
2,590,1800.0,0.0,0.0,NaN
2,591,1800.0,0.0,0.0,NaN
2,592,1800.0,0.0,0.0,NaN
2,593,1800.0,0.0,0.0,NaN
2,594,1800.0,0.0,0.0,NaN
2,595,1800.0,0.0,0.0,NaN
2,596,1800.0,0.0,0.0,NaN
2,597,1800.0,0.0,0.0,NaN
2,598,1800.0,0.0,0.0,NaN
2,599,1800.0,0.0,0.0,NaN
2,600,1800.0,0.0,0.0,NaN
2,601,1800.0,0.0,0.0,NaN
2,602,1800.0,0.0,0.0,NaN
2,603,1800.0,0.0,0.0,NaN
2,604,1800.0,0.0,0.0,NaN
2,605,1800.0,0.0,0.0,NaN
2,606,1800.0,0.0,0.0,NaN
2,607,1800.0,0.0,0.0,NaN
2,608,1800.0,0.0,0.0,NaN
2,609,1800.0,0.0,0.0,NaN
2,610,1800.0,0.0,0.0,NaN
2,611,1800.0,0.0,0.0,NaN
2,612,1800.0,0.0,0.0,NaN
2,613,1800.0,0.0,0.0,NaN
2,614,1800.0,0.0,0.0,NaN
2,615,1800.0,0.0,0.0,NaN
2,616,1800.0,0.0,0.0,NaN
2,617,1800.0,0.0,0.0,NaN
2,618,1800.0,0.0,0.0,NaN
2,619,1800.0,0.0,0.0,NaN
2,620,1800.0,0.0,0.0,NaN
2,621,1800.0,0.0,0.0,NaN
2,622,1800.0,0.0,0.0,NaN
2,623,1800.0,0.0,0.0,NaN
2,624,1800.0,0.0,0.0,NaN
2,625,1800.0,0.0,0.0,NaN
2,626,1800.0,0.0,0.0,NaN
2,627,1800.0,0.0,0.0,NaN
2,628,1800.0,0.0,0.0,NaN
2,629,1800.0,0.0,0.0,NaN
2,630,1800.0,0.0,0.0,NaN
2,631,1800.0,0.0,0.0,NaN
2,632,1800.0,0.0,0.0,NaN
2,633,1800.0,0.0,0.0,NaN
2,634,1800.0,0.0,0.0,NaN
2,635,1800.0,0.0,0.0,NaN
2,636,1800.0,0.0,0.0,NaN
2,637,1800.0,0.0,0.0,NaN
2,638,1800.0,0.0,0.0,NaN
2,639,1800.0,0.0,0.0,NaN
2,640,1800.0,0.0,0.0,NaN
2,641,1800.0,0.0,0.0,NaN
2,642,1800.0,0.0,0.0,NaN
2,643,1800.0,0.0,0.0,NaN
2,644,1800.0,0.0,0.0,NaN
2,645,1800.0,0.0,0.0,NaN
2,646,1800.0,0.0,0.0,NaN
2,647,1800.0,0.0,0.0,NaN
2,648,1800.0,0.0,0.0,NaN
2,649,1800.0,0.0,0.0,NaN
2,650,1800.0,0.0,0.0,NaN
2,651,1800.0,0.0,0.0,NaN
2,652,1800.0,0.0,0.0,NaN
2,653,1800.0,0.0,0.0,NaN
2,654,1800.0,0.0,0.0,NaN
2,655,1800.0,0.0,0.0,NaN
2,656,1800.0,0.0,0.0,NaN
2,657,1800.0,0.0,0.0,NaN
2,658,1800.0,0.0,0.0,NaN
2,659,1800.0,0.0,0.0,NaN
2,660,1800.0,0.0,0.0,NaN
2,661,1800.0,0.0,0.0,NaN
2,662,1800.0,0.0,0.0,NaN
2,663,1800.0,0.0,0.0,NaN
2,664,1800.0,0.0,0.0,NaN
2,665,1800.0,0.0,0.0,NaN
2,666,1800.0,0.0,0.0,NaN
2,667,1800.0,0.0,0.0,NaN
2,668,1800.0,0.0,0.0,NaN
2,669,1800.0,0.0,0.0,NaN
2,670,1800.0,0.0,0.0,NaN
2,671,1800.0,0.0,0.0,NaN
2,672,1800.0,0.0,0.0,NaN
2,673,1800.0,0.0,0.0,NaN
2,674,1800.0,0.0,0.0,NaN
2,675,1800.0,0.0,0.0,NaN
2,676,1800.0,0.0,0.0,NaN
2,677,1800.0,0.0,0.0,NaN
2,678,1800.0,0.0,0.0,NaN
2,679,1800.0,0.0,0.0,NaN
2,680,1800.0,0.0,0.0,NaN
2,681,1800.0,0.0,0.0,NaN
2,682,1800.0,0.0,0.0,NaN
2,683,1800.0,0.0,0.0,NaN
2,684,1800.0,0.0,0.0,NaN
2,685,1800.0,0.0,0.0,NaN
2,686,1800.0,0.0,0.0,NaN
2,687,1800.0,0.0,0.0,NaN
2,688,1800.0,0.0,0.0,NaN
2,689,1800.0,0.0,0.0,NaN
2,690,1800.0,0.0,0.0,NaN
2,691,1800.0,0.0,0.0,NaN
2,692,1800.0,0.0,0.0,NaN
2,693,1800.0,0.0,0.0,NaN
2,694,1800.0,0.0,0.0,NaN
2,695,1800.0,0.0,0.0,NaN
2,696,1800.0,0.0,0.0,NaN
2,697,1800.0,0.0,0.0,NaN
2,698,1800.0,0.0,0.0,NaN
2,699,1800.0,0.0,0.0,NaN
2,700,1800.0,0.0,0.0,NaN
2,701,1800.0,0.0,0.0,NaN
2,702,1800.0,0.0,0.0,NaN
2,703,1800.0,0.0,0.0,NaN
2,704,1800.0,0.0,0.0,NaN
2,705,1800.0,0.0,0.0,NaN
2,706,1800.0,0.0,0.0,NaN
2,707,1800.0,0.0,0.0,NaN
2,708,1800.0,0.0,0.0,NaN
2,709,1800.0,0.0,0.0,NaN
2,710,1800.0,0.0,0.0,NaN
2,711,1800.0,0.0,0.0,NaN
2,712,1800.0,0.0,0.0,NaN
2,713,1800.0,0.0,0.0,NaN
2,714,1800.0,0.0,0.0,NaN
2,715,1800.0,0.0,0.0,NaN
2,716,1800.0,0.0,0.0,NaN
2,717,1800.0,0.0,0.0,NaN
2,718,1800.0,0.0,0.0,NaN
2,719,1800.0,0.0,0.0,NaN
2,720,1800.0,0.0,0.0,NaN
2,721,1800.0,0.0,0.0,NaN
2,722,1800.0,0.0,0.0,NaN
2,723,1800.0,0.0,0.0,NaN
2,724,1800.0,0.0,0.0,NaN
2,725,1800.0,0.0,0.0,NaN
2,726,1800.0,0.0,0.0,NaN
2,727,1800.0,0.0,0.0,NaN
2,728,1800.0,0.0,0.0,NaN
2,729,1800.0,0.0,0.0,NaN
2,730,1800.0,0.0,0.0,NaN
2,731,1800.0,0.0,0.0,NaN
2,732,1800.0,0.0,0.0,NaN
2,733,1800.0,0.0,0.0,NaN
2,734,1800.0,0.0,0.0,NaN
2,735,1800.0,0.0,0.0,NaN
2,736,1800.0,0.0,0.0,NaN
2,737,1800.0,0.0,0.0,NaN
2,738,1800.0,0.0,0.0,NaN
2,739,1800.0,0.0,0.0,NaN
2,740,1800.0,0.0,0.0,NaN
2,741,1800.0,0.0,0.0,NaN
2,742,1800.0,0.0,0.0,NaN
2,743,1800.0,0.0,0.0,NaN
2,744,1800.0,0.0,0.0,NaN
2,745,1800.0,0.0,0.0,NaN
2,746,1800.0,0.0,0.0,NaN
2,747,1800.0,0.0,0.0,NaN
2,748,1800.0,0.0,0.0,NaN
2,749,1800.0,0.0,0.0,NaN
2,750,1800.0,0.0,0.0,NaN
2,751,1800.0,0.0,0.0,NaN
2,752,1800.0,0.0,0.0,NaN
2,753,1800.0,0.0,0.0,NaN
2,754,1800.0,0.0,0.0,NaN
2,755,1800.0,0.0,0.0,NaN
2,756,1800.0,0.0,0.0,NaN
2,757,1800.0,0.0,0.0,NaN
2,758,1800.0,0.0,0.0,NaN
2,759,1800.0,0.0,0.0,NaN
2,760,1800.0,0.0,0.0,NaN
2,761,1800.0,0.0,0.0,NaN
2,762,1800.0,0.0,0.0,NaN
2,763,1800.0,0.0,0.0,NaN
2,764,1800.0,0.0,0.0,NaN
2,765,1800.0,0.0,0.0,NaN
2,766,1800.0,0.0,0.0,NaN
2,767,1800.0,0.0,0.0,NaN
2,768,1800.0,0.0,0.0,NaN
2,769,1800.0,0.0,0.0,NaN
2,770,1800.0,0.0,0.0,NaN
2,771,1800.0,0.0,0.0,NaN
2,772,1800.0,0.0,0.0,NaN
2,773,1800.0,0.0,0.0,NaN
2,774,1800.0,0.0,0.0,NaN
2,775,1800.0,0.0,0.0,NaN
2,776,1800.0,0.0,0.0,NaN
2,777,1800.0,0.0,0.0,NaN
2,778,1800.0,0.0,0.0,NaN
2,779,1800.0,0.0,0.0,NaN
2,780,1800.0,0.0,0.0,NaN
3,1,1100.0,0.0,0.0,NaN
3,2,1100.0,0.0,0.0,NaN
3,3,1100.0,0.0,0.0,NaN
3,4,1100.0,0.0,0.0,NaN
3,5,1100.0,0.0,0.0,NaN
3,6,1100.0,0.0,0.0,NaN
3,7,1100.0,0.0,0.0,NaN
3,8,1100.0,0.0,0.0,NaN
3,9,1100.0,0.0,0.0,NaN
3,10,1100.0,0.0,0.0,NaN
3,11,1100.0,0.0,0.0,NaN
3,12,1100.0,0.0,0.0,NaN
3,13,1100.0,0.0,0.0,NaN
3,14,1100.0,0.0,0.0,NaN
3,15,1100.0,0.0,0.0,NaN
3,16,1100.0,0.0,0.0,NaN
3,17,1100.0,0.0,0.0,NaN
3,18,1100.0,0.0,0.0,NaN
3,19,1100.0,0.0,0.0,NaN
3,20,1100.0,0.0,0.0,NaN
3,21,1100.0,0.0,0.0,NaN
3,22,1100.0,0.0,0.0,NaN
3,23,1100.0,0.0,0.0,NaN
3,24,1100.0,0.0,0.0,NaN
3,25,1100.0,0.0,0.0,NaN
3,26,1100.0,0.0,0.0,NaN
3,27,1100.0,0.0,0.0,NaN
3,28,1100.0,0.0,0.0,NaN
3,29,1100.0,0.0,0.0,NaN
3,30,1100.0,0.0,0.0,NaN
3,31,1100.0,0.0,0.0,NaN
3,32,1100.0,0.0,0.0,NaN
3,33,1100.0,0.0,0.0,NaN
3,34,1100.0,0.0,0.0,NaN
3,35,1100.0,0.0,0.0,NaN
3,36,1100.0,0.0,0.0,NaN
3,37,1100.0,0.0,0.0,NaN
3,38,1100.0,0.0,0.0,NaN
3,39,1100.0,0.0,0.0,NaN
3,40,1100.0,0.0,0.0,NaN
3,41,1100.0,0.0,0.0,NaN
3,42,1100.0,0.0,0.0,NaN
3,43,1100.0,0.0,0.0,NaN
3,44,1100.0,0.0,0.0,NaN
3,45,1100.0,0.0,0.0,NaN
3,46,1100.0,0.0,0.0,NaN
3,47,1100.0,0.0,0.0,NaN
3,48,1100.0,0.0,0.0,NaN
3,49,1100.0,0.0,0.0,NaN
3,50,1100.0,0.0,0.0,NaN
3,51,1100.0,0.0,0.0,NaN
3,52,1100.0,0.0,0.0,NaN
3,53,1100.0,0.0,0.0,NaN
3,54,1100.0,0.0,0.0,NaN
3,55,1100.0,0.0,0.0,NaN
3,56,1100.0,0.0,0.0,NaN
3,57,1100.0,0.0,0.0,NaN
3,58,1100.0,0.0,0.0,NaN
3,59,1100.0,0.0,0.0,NaN
3,60,1100.0,0.0,0.0,NaN
3,61,1100.0,0.0,0.0,NaN
3,62,1100.0,0.0,0.0,NaN
3,63,1100.0,0.0,0.0,NaN
3,64,1100.0,0.0,0.0,NaN
3,65,1100.0,0.0,0.0,NaN
3,66,1100.0,0.0,0.0,NaN
3,67,1100.0,0.0,0.0,NaN
3,68,1100.0,0.0,0.0,NaN
3,69,1100.0,0.0,0.0,NaN
3,70,1100.0,0.0,0.0,NaN
3,71,1100.0,0.0,0.0,NaN
3,72,1100.0,0.0,0.0,NaN
3,73,1100.0,0.0,0.0,NaN
3,74,1100.0,0.0,0.0,NaN
3,75,1100.0,0.0,0.0,NaN
3,76,1100.0,0.0,0.0,NaN
3,77,1100.0,0.0,0.0,NaN
3,78,1100.0,0.0,0.0,NaN
3,79,1100.0,0.0,0.0,NaN
3,80,1100.0,0.0,0.0,NaN
3,81,1100.0,0.0,0.0,NaN
3,82,1100.0,0.0,0.0,NaN
3,83,1100.0,0.0,0.0,NaN
3,84,1100.0,0.0,0.0,NaN
3,85,1100.0,0.0,0.0,NaN
3,86,1100.0,0.0,0.0,NaN
3,87,1100.0,0.0,0.0,NaN
3,88,1100.0,0.0,0.0,NaN
3,89,1100.0,0.0,0.0,NaN
3,90,1100.0,0.0,0.0,NaN
3,91,1100.0,0.0,0.0,NaN
3,92,1100.0,0.0,0.0,NaN
3,93,1100.0,0.0,0.0,NaN
3,94,1100.0,0.0,0.0,NaN
3,95,1100.0,0.0,0.0,NaN
3,96,1100.0,0.0,0.0,NaN
3,97,1100.0,0.0,0.0,NaN
3,98,1100.0,0.0,0.0,NaN
3,99,1100.0,0.0,0.0,NaN
3,100,1100.0,0.0,0.0,NaN
3,101,1100.0,0.0,0.0,NaN
3,102,1100.0,0.0,0.0,NaN
3,103,1100.0,0.0,0.0,NaN
3,104,1100.0,0.0,0.0,NaN
3,105,1100.0,0.0,0.0,NaN
3,106,1100.0,0.0,0.0,NaN
3,107,1100.0,0.0,0.0,NaN
3,108,1100.0,0.0,0.0,NaN
3,109,1100.0,0.0,0.0,NaN
3,110,1100.0,0.0,0.0,NaN
3,111,1100.0,0.0,0.0,NaN
3,112,1100.0,0.0,0.0,NaN
3,113,1100.0,0.0,0.0,NaN
3,114,1100.0,0.0,0.0,NaN
3,115,1100.0,0.0,0.0,NaN
3,116,1100.0,0.0,0.0,NaN
3,117,1100.0,0.0,0.0,NaN
3,118,1100.0,0.0,0.0,NaN
3,119,1100.0,0.0,0.0,NaN
3,120,1100.0,0.0,0.0,NaN
3,121,1100.0,0.0,0.0,NaN
3,122,1100.0,0.0,0.0,NaN
3,123,1100.0,0.0,0.0,NaN
3,124,1100.0,0.0,0.0,NaN
3,125,1100.0,0.0,0.0,NaN
3,126,1100.0,0.0,0.0,NaN
3,127,1100.0,0.0,0.0,NaN
3,128,1100.0,0.0,0.0,NaN
3,129,1100.0,0.0,0.0,NaN
3,130,1100.0,0.0,0.0,NaN
3,131,1100.0,0.0,0.0,NaN
3,132,1100.0,0.0,0.0,NaN
3,133,1100.0,0.0,0.0,NaN
3,134,1100.0,0.0,0.0,NaN
3,135,1100.0,0.0,0.0,NaN
3,136,1100.0,0.0,0.0,NaN
3,137,1100.0,0.0,0.0,NaN
3,138,1100.0,0.0,0.0,NaN
3,139,1100.0,0.0,0.0,NaN
3,140,1100.0,0.0,0.0,NaN
3,141,1100.0,0.0,0.0,NaN
3,142,1100.0,0.0,0.0,NaN
3,143,1100.0,0.0,0.0,NaN
3,144,1100.0,0.0,0.0,NaN
3,145,1100.0,0.0,0.0,NaN
3,146,1100.0,0.0,0.0,NaN
3,147,1100.0,0.0,0.0,NaN
3,148,1100.0,0.0,0.0,NaN
3,149,1100.0,0.0,0.0,NaN
3,150,1100.0,0.0,0.0,NaN
3,151,1100.0,0.0,0.0,NaN
3,152,1100.0,0.0,0.0,NaN
3,153,1100.0,0.0,0.0,NaN
3,154,1100.0,0.0,0.0,NaN
3,155,1100.0,0.0,0.0,NaN
3,156,1100.0,0.0,0.0,NaN
3,157,1100.0,0.0,0.0,NaN
3,158,1100.0,0.0,0.0,NaN
3,159,1100.0,0.0,0.0,NaN
3,160,1100.0,0.0,0.0,NaN
3,161,1100.0,0.0,0.0,NaN
3,162,1100.0,0.0,0.0,NaN
3,163,1100.0,0.0,0.0,NaN
3,164,1100.0,0.0,0.0,NaN
3,165,1100.0,0.0,0.0,NaN
3,166,1100.0,0.0,0.0,NaN
3,167,1100.0,0.0,0.0,NaN
3,168,1100.0,0.0,0.0,NaN
3,169,1100.0,0.0,0.0,NaN
3,170,1100.0,0.0,0.0,NaN
3,171,1100.0,0.0,0.0,NaN
3,172,1100.0,0.0,0.0,NaN
3,173,1100.0,0.0,0.0,NaN
3,174,1100.0,0.0,0.0,NaN
3,175,1100.0,0.0,0.0,NaN
3,176,1100.0,0.0,0.0,NaN
3,177,1100.0,0.0,0.0,NaN
3,178,1100.0,0.0,0.0,NaN
3,179,1100.0,0.0,0.0,NaN
3,180,1100.0,0.0,0.0,NaN
3,181,1100.0,0.0,0.0,NaN
3,182,1100.0,0.0,0.0,NaN
3,183,1100.0,0.0,0.0,NaN
3,184,1100.0,0.0,0.0,NaN
3,185,1100.0,0.0,0.0,NaN
3,186,1100.0,0.0,0.0,NaN
3,187,1100.0,0.0,0.0,NaN
3,188,1100.0,0.0,0.0,NaN
3,189,1100.0,0.0,0.0,NaN
3,190,1100.0,0.0,0.0,NaN
3,191,1100.0,0.0,0.0,NaN
3,192,1100.0,0.0,0.0,NaN
3,193,1100.0,0.0,0.0,NaN
3,194,1100.0,0.0,0.0,NaN
3,195,1100.0,0.0,0.0,NaN
3,196,1100.0,0.0,0.0,NaN
3,197,1100.0,0.0,0.0,NaN
3,198,1100.0,0.0,0.0,NaN
3,199,1100.0,0.0,0.0,NaN
3,200,1100.0,0.0,0.0,NaN
3,201,1100.0,0.0,0.0,NaN
3,202,1100.0,0.0,0.0,NaN
3,203,1100.0,0.0,0.0,NaN
3,204,1100.0,0.0,0.0,NaN
3,205,1100.0,0.0,0.0,NaN
3,206,1100.0,0.0,0.0,NaN
3,207,1100.0,0.0,0.0,NaN
3,208,1100.0,0.0,0.0,NaN
3,209,1100.0,0.0,0.0,NaN
3,210,1100.0,0.0,0.0,NaN
3,211,1100.0,0.0,0.0,NaN
3,212,1100.0,0.0,0.0,NaN
3,213,1100.0,0.0,0.0,NaN
3,214,1100.0,0.0,0.0,NaN
3,215,1100.0,0.0,0.0,NaN
3,216,1100.0,0.0,0.0,NaN
3,217,1100.0,0.0,0.0,NaN
3,218,1100.0,0.0,0.0,NaN
3,219,1100.0,0.0,0.0,NaN
3,220,1100.0,0.0,0.0,NaN
3,221,1100.0,0.0,0.0,NaN
3,222,1100.0,0.0,0.0,NaN
3,223,1100.0,0.0,0.0,NaN
3,224,1100.0,0.0,0.0,NaN
3,225,1100.0,0.0,0.0,NaN
3,226,1100.0,0.0,0.0,NaN
3,227,1100.0,0.0,0.0,NaN
3,228,1100.0,0.0,0.0,NaN
3,229,1100.0,0.0,0.0,NaN
3,230,1100.0,0.0,0.0,NaN
3,231,1100.0,0.0,0.0,NaN
3,232,1100.0,0.0,0.0,NaN
3,233,1100.0,0.0,0.0,NaN
3,234,1100.0,0.0,0.0,NaN
3,235,1100.0,0.0,0.0,NaN
3,236,1100.0,0.0,0.0,NaN
3,237,1100.0,0.0,0.0,NaN
3,238,1100.0,0.0,0.0,NaN
3,239,1100.0,0.0,0.0,NaN
3,240,1100.0,0.0,0.0,NaN
3,241,1100.0,0.0,0.0,NaN
3,242,1100.0,0.0,0.0,NaN
3,243,1100.0,0.0,0.0,NaN
3,244,1100.0,0.0,0.0,NaN
3,245,1100.0,0.0,0.0,NaN
3,246,1100.0,0.0,0.0,NaN
3,247,1100.0,0.0,0.0,NaN
3,248,1100.0,0.0,0.0,NaN
3,249,1100.0,0.0,0.0,NaN
3,250,1100.0,0.0,0.0,NaN
3,251,1100.0,0.0,0.0,NaN
3,252,1100.0,0.0,0.0,NaN
3,253,1100.0,0.0,0.0,NaN
3,254,1100.0,0.0,0.0,NaN
3,255,1100.0,0.0,0.0,NaN
3,256,1100.0,0.0,0.0,NaN
3,257,1100.0,0.0,0.0,NaN
3,258,1100.0,0.0,0.0,NaN
3,259,1100.0,0.0,0.0,NaN
3,260,1100.0,0.0,0.0,NaN
3,261,1100.0,0.0,0.0,NaN
3,262,1100.0,0.0,0.0,NaN
3,263,1100.0,0.0,0.0,NaN
3,264,1100.0,0.0,0.0,NaN
3,265,1100.0,0.0,0.0,NaN
3,266,1100.0,0.0,0.0,NaN
3,267,1100.0,0.0,0.0,NaN
3,268,1100.0,0.0,0.0,NaN
3,269,1100.0,0.0,0.0,NaN
3,270,1100.0,0.0,0.0,NaN
3,271,1100.0,0.0,0.0,NaN
3,272,1100.0,0.0,0.0,NaN
3,273,1100.0,0.0,0.0,NaN
3,274,1100.0,0.0,0.0,NaN
3,275,1100.0,0.0,0.0,NaN
3,276,1100.0,0.0,0.0,NaN
3,277,1100.0,0.0,0.0,NaN
3,278,1100.0,0.0,0.0,NaN
3,279,1100.0,0.0,0.0,NaN
3,280,1100.0,0.0,0.0,NaN
3,281,1100.0,0.0,0.0,NaN
3,282,1100.0,0.0,0.0,NaN
3,283,1100.0,0.0,0.0,NaN
3,284,1100.0,0.0,0.0,NaN
3,285,1100.0,0.0,0.0,NaN
3,286,1100.0,0.0,0.0,NaN
3,287,1100.0,0.0,0.0,NaN
3,288,1100.0,0.0,0.0,NaN
3,289,1100.0,0.0,0.0,NaN
3,290,1100.0,0.0,0.0,NaN
3,291,1100.0,0.0,0.0,NaN
3,292,1100.0,0.0,0.0,NaN
3,293,1100.0,0.0,0.0,NaN
3,294,1100.0,0.0,0.0,NaN
3,295,1100.0,0.0,0.0,NaN
3,296,1100.0,0.0,0.0,NaN
3,297,1100.0,0.0,0.0,NaN
3,298,1100.0,0.0,0.0,NaN
3,299,1100.0,0.0,0.0,NaN
3,300,1100.0,0.0,0.0,NaN
3,301,1100.0,0.0,0.0,NaN
3,302,1100.0,0.0,0.0,NaN
3,303,1100.0,0.0,0.0,NaN
3,304,1100.0,0.0,0.0,NaN
3,305,1100.0,0.0,0.0,NaN
3,306,1100.0,0.0,0.0,NaN
3,307,1100.0,0.0,0.0,NaN
3,308,1100.0,0.0,0.0,NaN
3,309,1100.0,0.0,0.0,NaN
3,310,1100.0,0.0,0.0,NaN
3,311,1100.0,0.0,0.0,NaN
3,312,1100.0,0.0,0.0,NaN
3,313,1100.0,0.0,0.0,NaN
3,314,1100.0,0.0,0.0,NaN
3,315,1100.0,0.0,0.0,NaN
3,316,1100.0,0.0,0.0,NaN
3,317,1100.0,0.0,0.0,NaN
3,318,1100.0,0.0,0.0,NaN
3,319,1100.0,0.0,0.0,NaN
3,320,1100.0,0.0,0.0,NaN
3,321,1100.0,0.0,0.0,NaN
3,322,1100.0,0.0,0.0,NaN
3,323,1100.0,0.0,0.0,NaN
3,324,1100.0,0.0,0.0,NaN
3,325,1100.0,0.0,0.0,NaN
3,326,1100.0,0.0,0.0,NaN
3,327,1100.0,0.0,0.0,NaN
3,328,1100.0,0.0,0.0,NaN
3,329,1100.0,0.0,0.0,NaN
3,330,1100.0,0.0,0.0,NaN
3,331,1100.0,0.0,0.0,NaN
3,332,1100.0,0.0,0.0,NaN
3,333,1100.0,0.0,0.0,NaN
3,334,1100.0,0.0,0.0,NaN
3,335,1100.0,0.0,0.0,NaN
3,336,1100.0,0.0,0.0,NaN
3,337,1100.0,0.0,0.0,NaN
3,338,1100.0,0.0,0.0,NaN
3,339,1100.0,0.0,0.0,NaN
3,340,1100.0,0.0,0.0,NaN
3,341,1100.0,0.0,0.0,NaN
3,342,1100.0,0.0,0.0,NaN
3,343,1100.0,0.0,0.0,NaN
3,344,1100.0,0.0,0.0,NaN
3,345,1100.0,0.0,0.0,NaN
3,346,1100.0,0.0,0.0,NaN
3,347,1100.0,0.0,0.0,NaN
3,348,1100.0,0.0,0.0,NaN
3,349,1100.0,0.0,0.0,NaN
3,350,1100.0,0.0,0.0,NaN
3,351,1100.0,0.0,0.0,NaN
3,352,1100.0,0.0,0.0,NaN
3,353,1100.0,0.0,0.0,NaN
3,354,1100.0,0.0,0.0,NaN
3,355,1100.0,0.0,0.0,NaN
3,356,1100.0,0.0,0.0,NaN
3,357,1100.0,0.0,0.0,NaN
3,358,1100.0,0.0,0.0,NaN
3,359,1100.0,0.0,0.0,NaN
3,360,1100.0,0.0,0.0,NaN
3,361,1100.0,0.0,0.0,NaN
3,362,1100.0,0.0,0.0,NaN
3,363,1100.0,0.0,0.0,NaN
3,364,1100.0,0.0,0.0,NaN
3,365,1100.0,0.0,0.0,NaN
3,366,1100.0,0.0,0.0,NaN
3,367,1100.0,0.0,0.0,NaN
3,368,1100.0,0.0,0.0,NaN
3,369,1100.0,0.0,0.0,NaN
3,370,1100.0,0.0,0.0,NaN
3,371,1100.0,0.0,0.0,NaN
3,372,1100.0,0.0,0.0,NaN
3,373,1100.0,0.0,0.0,NaN
3,374,1100.0,0.0,0.0,NaN
3,375,1100.0,0.0,0.0,NaN
3,376,1100.0,0.0,0.0,NaN
3,377,1100.0,0.0,0.0,NaN
3,378,1100.0,0.0,0.0,NaN
3,379,1100.0,0.0,0.0,NaN
3,380,1100.0,0.0,0.0,NaN
3,381,1100.0,0.0,0.0,NaN
3,382,1100.0,0.0,0.0,NaN
3,383,1100.0,0.0,0.0,NaN
3,384,1100.0,0.0,0.0,NaN
3,385,1100.0,0.0,0.0,NaN
3,386,1100.0,0.0,0.0,NaN
3,387,1100.0,0.0,0.0,NaN
3,388,1100.0,0.0,0.0,NaN
3,389,1100.0,0.0,0.0,NaN
3,390,1100.0,0.0,0.0,NaN
3,391,1100.0,0.0,0.0,NaN
3,392,1100.0,0.0,0.0,NaN
3,393,1100.0,0.0,0.0,NaN
3,394,1100.0,0.0,0.0,NaN
3,395,1100.0,0.0,0.0,NaN
3,396,1100.0,0.0,0.0,NaN
3,397,1100.0,0.0,0.0,NaN
3,398,1100.0,0.0,0.0,NaN
3,399,1100.0,0.0,0.0,NaN
3,400,1100.0,0.0,0.0,NaN
3,401,1100.0,0.0,0.0,NaN
3,402,1100.0,0.0,0.0,NaN
3,403,1100.0,0.0,0.0,NaN
3,404,1100.0,0.0,0.0,NaN
3,405,1100.0,0.0,0.0,NaN
3,406,1100.0,0.0,0.0,NaN
3,407,1100.0,0.0,0.0,NaN
3,408,1100.0,0.0,0.0,NaN
3,409,1100.0,0.0,0.0,NaN
3,410,1100.0,0.0,0.0,NaN
3,411,1100.0,0.0,0.0,NaN
3,412,1100.0,0.0,0.0,NaN
3,413,1100.0,0.0,0.0,NaN
3,414,1100.0,0.0,0.0,NaN
3,415,1100.0,0.0,0.0,NaN
3,416,1100.0,0.0,0.0,NaN
3,417,1100.0,0.0,0.0,NaN
3,418,1100.0,0.0,0.0,NaN
3,419,1100.0,0.0,0.0,NaN
3,420,1100.0,0.0,0.0,NaN
3,421,1100.0,0.0,0.0,NaN
3,422,1100.0,0.0,0.0,NaN
3,423,1100.0,0.0,0.0,NaN
3,424,1100.0,0.0,0.0,NaN
3,425,1100.0,0.0,0.0,NaN
3,426,1100.0,0.0,0.0,NaN
3,427,1100.0,0.0,0.0,NaN
3,428,1100.0,0.0,0.0,NaN
3,429,1100.0,0.0,0.0,NaN
3,430,1100.0,0.0,0.0,NaN
3,431,1100.0,0.0,0.0,NaN
3,432,1100.0,0.0,0.0,NaN
3,433,1100.0,0.0,0.0,NaN
3,434,1100.0,0.0,0.0,NaN
3,435,1100.0,0.0,0.0,NaN
3,436,1100.0,0.0,0.0,NaN
3,437,1100.0,0.0,0.0,NaN
3,438,1100.0,0.0,0.0,NaN
3,439,1100.0,0.0,0.0,NaN
3,440,1100.0,0.0,0.0,NaN
3,441,1100.0,0.0,0.0,NaN
3,442,1100.0,0.0,0.0,NaN
3,443,1100.0,0.0,0.0,NaN
3,444,1100.0,0.0,0.0,NaN
3,445,1100.0,0.0,0.0,NaN
3,446,1100.0,0.0,0.0,NaN
3,447,1100.0,0.0,0.0,NaN
3,448,1100.0,0.0,0.0,NaN
3,449,1100.0,0.0,0.0,NaN
3,450,1100.0,0.0,0.0,NaN
3,451,1100.0,0.0,0.0,NaN
3,452,1100.0,0.0,0.0,NaN
3,453,1100.0,0.0,0.0,NaN
3,454,1100.0,0.0,0.0,NaN
3,455,1100.0,0.0,0.0,NaN
3,456,1100.0,0.0,0.0,NaN
3,457,1100.0,0.0,0.0,NaN
3,458,1100.0,0.0,0.0,NaN
3,459,1100.0,0.0,0.0,NaN
3,460,1100.0,0.0,0.0,NaN
3,461,1100.0,0.0,0.0,NaN
3,462,1100.0,0.0,0.0,NaN
3,463,1100.0,0.0,0.0,NaN
3,464,1100.0,0.0,0.0,NaN
3,465,1100.0,0.0,0.0,NaN
3,466,1100.0,0.0,0.0,NaN
3,467,1100.0,0.0,0.0,NaN
3,468,1100.0,0.0,0.0,NaN
3,469,1100.0,0.0,0.0,NaN
3,470,1100.0,0.0,0.0,NaN
3,471,1100.0,0.0,0.0,NaN
3,472,1100.0,0.0,0.0,NaN
3,473,1100.0,0.0,0.0,NaN
3,474,1100.0,0.0,0.0,NaN
3,475,1100.0,0.0,0.0,NaN
3,476,1100.0,0.0,0.0,NaN
3,477,1100.0,0.0,0.0,NaN
3,478,1100.0,0.0,0.0,NaN
3,479,1100.0,0.0,0.0,NaN
3,480,1100.0,0.0,0.0,NaN
3,481,1100.0,0.0,0.0,NaN
3,482,1100.0,0.0,0.0,NaN
3,483,1100.0,0.0,0.0,NaN
3,484,1100.0,0.0,0.0,NaN
3,485,1100.0,0.0,0.0,NaN
3,486,1100.0,0.0,0.0,NaN
3,487,1100.0,0.0,0.0,NaN
3,488,1100.0,0.0,0.0,NaN
3,489,1100.0,0.0,0.0,NaN
3,490,1100.0,0.0,0.0,NaN
3,491,1100.0,0.0,0.0,NaN
3,492,1100.0,0.0,0.0,NaN
3,493,1100.0,0.0,0.0,NaN
3,494,1100.0,0.0,0.0,NaN
3,495,1100.0,0.0,0.0,NaN
3,496,1100.0,0.0,0.0,NaN
3,497,1100.0,0.0,0.0,NaN
3,498,1100.0,0.0,0.0,NaN
3,499,1100.0,0.0,0.0,NaN
3,500,1100.0,0.0,0.0,NaN
3,501,1100.0,0.0,0.0,NaN
3,502,1100.0,0.0,0.0,NaN
3,503,1100.0,0.0,0.0,NaN
3,504,1100.0,0.0,0.0,NaN
3,505,1100.0,0.0,0.0,NaN
3,506,1100.0,0.0,0.0,NaN
3,507,1100.0,0.0,0.0,NaN
3,508,1100.0,0.0,0.0,NaN
3,509,1100.0,0.0,0.0,NaN
3,510,1100.0,0.0,0.0,NaN
3,511,1100.0,0.0,0.0,NaN
3,512,1100.0,0.0,0.0,NaN
3,513,1100.0,0.0,0.0,NaN
3,514,1100.0,0.0,0.0,NaN
3,515,1100.0,0.0,0.0,NaN
3,516,1100.0,0.0,0.0,NaN
3,517,1100.0,0.0,0.0,NaN
3,518,1100.0,0.0,0.0,NaN
3,519,1100.0,0.0,0.0,NaN
3,520,1100.0,0.0,0.0,NaN
3,521,1100.0,0.0,0.0,NaN
3,522,1100.0,0.0,0.0,NaN
3,523,1100.0,0.0,0.0,NaN
3,524,1100.0,0.0,0.0,NaN
3,525,1100.0,0.0,0.0,NaN
3,526,1100.0,0.0,0.0,NaN
3,527,1100.0,0.0,0.0,NaN
3,528,1100.0,0.0,0.0,NaN
3,529,1100.0,0.0,0.0,NaN
3,530,1100.0,0.0,0.0,NaN
3,531,1100.0,0.0,0.0,NaN
3,532,1100.0,0.0,0.0,NaN
3,533,1100.0,0.0,0.0,NaN
3,534,1100.0,0.0,0.0,NaN
3,535,1100.0,0.0,0.0,NaN
3,536,1100.0,0.0,0.0,NaN
3,537,1100.0,0.0,0.0,NaN
3,538,1100.0,0.0,0.0,NaN
3,539,1100.0,0.0,0.0,NaN
3,540,1100.0,0.0,0.0,NaN
3,541,1100.0,0.0,0.0,NaN
3,542,1100.0,0.0,0.0,NaN
3,543,1100.0,0.0,0.0,NaN
3,544,1100.0,0.0,0.0,NaN
3,545,1100.0,0.0,0.0,NaN
3,546,1100.0,0.0,0.0,NaN
3,547,1100.0,0.0,0.0,NaN
3,548,1100.0,0.0,0.0,NaN
3,549,1100.0,0.0,0.0,NaN
3,550,1100.0,0.0,0.0,NaN
3,551,1100.0,0.0,0.0,NaN
3,552,1100.0,0.0,0.0,NaN
3,553,1100.0,0.0,0.0,NaN
3,554,1100.0,0.0,0.0,NaN
3,555,1100.0,0.0,0.0,NaN
3,556,1100.0,0.0,0.0,NaN
3,557,1100.0,0.0,0.0,NaN
3,558,1100.0,0.0,0.0,NaN
3,559,1100.0,0.0,0.0,NaN
3,560,1100.0,0.0,0.0,NaN
3,561,1100.0,0.0,0.0,NaN
3,562,1100.0,0.0,0.0,NaN
3,563,1100.0,0.0,0.0,NaN
3,564,1100.0,0.0,0.0,NaN
3,565,1100.0,0.0,0.0,NaN
3,566,1100.0,0.0,0.0,NaN
3,567,1100.0,0.0,0.0,NaN
3,568,1100.0,0.0,0.0,NaN
3,569,1100.0,0.0,0.0,NaN
3,570,1100.0,0.0,0.0,NaN
3,571,1100.0,0.0,0.0,NaN
3,572,1100.0,0.0,0.0,NaN
3,573,1100.0,0.0,0.0,NaN
3,574,1100.0,0.0,0.0,NaN
3,575,1100.0,0.0,0.0,NaN
3,576,1100.0,0.0,0.0,NaN
3,577,1100.0,0.0,0.0,NaN
3,578,1100.0,0.0,0.0,NaN
3,579,1100.0,0.0,0.0,NaN
3,580,1100.0,0.0,0.0,NaN
3,581,1100.0,0.0,0.0,NaN
3,582,1100.0,0.0,0.0,NaN
3,583,1100.0,0.0,0.0,NaN
3,584,1100.0,0.0,0.0,NaN
3,585,1100.0,0.0,0.0,NaN
3,586,1100.0,0.0,0.0,NaN
3,587,1100.0,0.0,0.0,NaN
3,588,1100.0,0.0,0.0,NaN
3,589,1100.0,0.0,0.0,NaN
3,590,1100.0,0.0,0.0,NaN
3,591,1100.0,0.0,0.0,NaN
3,592,1100.0,0.0,0.0,NaN
3,593,1100.0,0.0,0.0,NaN
3,594,1100.0,0.0,0.0,NaN
3,595,1100.0,0.0,0.0,NaN
3,596,1100.0,0.0,0.0,NaN
3,597,1100.0,0.0,0.0,NaN
3,598,1100.0,0.0,0.0,NaN
3,599,1100.0,0.0,0.0,NaN
3,600,1100.0,0.0,0.0,NaN
3,601,1100.0,0.0,0.0,NaN
3,602,1100.0,0.0,0.0,NaN
3,603,1100.0,0.0,0.0,NaN
3,604,1100.0,0.0,0.0,NaN
3,605,1100.0,0.0,0.0,NaN
3,606,1100.0,0.0,0.0,NaN
3,607,1100.0,0.0,0.0,NaN
3,608,1100.0,0.0,0.0,NaN
3,609,1100.0,0.0,0.0,NaN
3,610,1100.0,0.0,0.0,NaN
3,611,1100.0,0.0,0.0,NaN
3,612,1100.0,0.0,0.0,NaN
3,613,1100.0,0.0,0.0,NaN
3,614,1100.0,0.0,0.0,NaN
3,615,1100.0,0.0,0.0,NaN
3,616,1100.0,0.0,0.0,NaN
3,617,1100.0,0.0,0.0,NaN
3,618,1100.0,0.0,0.0,NaN
3,619,1100.0,0.0,0.0,NaN
3,620,1100.0,0.0,0.0,NaN
3,621,1100.0,0.0,0.0,NaN
3,622,1100.0,0.0,0.0,NaN
3,623,1100.0,0.0,0.0,NaN
3,624,1100.0,0.0,0.0,NaN
3,625,1100.0,0.0,0.0,NaN
3,626,1100.0,0.0,0.0,NaN
3,627,1100.0,0.0,0.0,NaN
3,628,1100.0,0.0,0.0,NaN
3,629,1100.0,0.0,0.0,NaN
3,630,1100.0,0.0,0.0,NaN
3,631,1100.0,0.0,0.0,NaN
3,632,1100.0,0.0,0.0,NaN
3,633,1100.0,0.0,0.0,NaN
3,634,1100.0,0.0,0.0,NaN
3,635,1100.0,0.0,0.0,NaN
3,636,1100.0,0.0,0.0,NaN
3,637,1100.0,0.0,0.0,NaN
3,638,1100.0,0.0,0.0,NaN
3,639,1100.0,0.0,0.0,NaN
3,640,1100.0,0.0,0.0,NaN
3,641,1100.0,0.0,0.0,NaN
3,642,1100.0,0.0,0.0,NaN
3,643,1100.0,0.0,0.0,NaN
3,644,1100.0,0.0,0.0,NaN
3,645,1100.0,0.0,0.0,NaN
3,646,1100.0,0.0,0.0,NaN
3,647,1100.0,0.0,0.0,NaN
3,648,1100.0,0.0,0.0,NaN
3,649,1100.0,0.0,0.0,NaN
3,650,1100.0,0.0,0.0,NaN
3,651,1100.0,0.0,0.0,NaN
3,652,1100.0,0.0,0.0,NaN
3,653,1100.0,0.0,0.0,NaN
3,654,1100.0,0.0,0.0,NaN
3,655,1100.0,0.0,0.0,NaN
3,656,1100.0,0.0,0.0,NaN
3,657,1100.0,0.0,0.0,NaN
3,658,1100.0,0.0,0.0,NaN
3,659,1100.0,0.0,0.0,NaN
3,660,1100.0,0.0,0.0,NaN
3,661,1100.0,0.0,0.0,NaN
3,662,1100.0,0.0,0.0,NaN
3,663,1100.0,0.0,0.0,NaN
3,664,1100.0,0.0,0.0,NaN
3,665,1100.0,0.0,0.0,NaN
3,666,1100.0,0.0,0.0,NaN
3,667,1100.0,0.0,0.0,NaN
3,668,1100.0,0.0,0.0,NaN
3,669,1100.0,0.0,0.0,NaN
3,670,1100.0,0.0,0.0,NaN
3,671,1100.0,0.0,0.0,NaN
3,672,1100.0,0.0,0.0,NaN
3,673,1100.0,0.0,0.0,NaN
3,674,1100.0,0.0,0.0,NaN
3,675,1100.0,0.0,0.0,NaN
3,676,1100.0,0.0,0.0,NaN
3,677,1100.0,0.0,0.0,NaN
3,678,1100.0,0.0,0.0,NaN
3,679,1100.0,0.0,0.0,NaN
3,680,1100.0,0.0,0.0,NaN
3,681,1100.0,0.0,0.0,NaN
3,682,1100.0,0.0,0.0,NaN
3,683,1100.0,0.0,0.0,NaN
3,684,1100.0,0.0,0.0,NaN
3,685,1100.0,0.0,0.0,NaN
3,686,1100.0,0.0,0.0,NaN
3,687,1100.0,0.0,0.0,NaN
3,688,1100.0,0.0,0.0,NaN
3,689,1100.0,0.0,0.0,NaN
3,690,1100.0,0.0,0.0,NaN
3,691,1100.0,0.0,0.0,NaN
3,692,1100.0,0.0,0.0,NaN
3,693,1100.0,0.0,0.0,NaN
3,694,1100.0,0.0,0.0,NaN
3,695,1100.0,0.0,0.0,NaN
3,696,1100.0,0.0,0.0,NaN
3,697,1100.0,0.0,0.0,NaN
3,698,1100.0,0.0,0.0,NaN
3,699,1100.0,0.0,0.0,NaN
3,700,1100.0,0.0,0.0,NaN
3,701,1100.0,0.0,0.0,NaN
3,702,1100.0,0.0,0.0,NaN
3,703,1100.0,0.0,0.0,NaN
3,704,1100.0,0.0,0.0,NaN
3,705,1100.0,0.0,0.0,NaN
3,706,1100.0,0.0,0.0,NaN
3,707,1100.0,0.0,0.0,NaN
3,708,1100.0,0.0,0.0,NaN
3,709,1100.0,0.0,0.0,NaN
3,710,1100.0,0.0,0.0,NaN
3,711,1100.0,0.0,0.0,NaN
3,712,1100.0,0.0,0.0,NaN
3,713,1100.0,0.0,0.0,NaN
3,714,1100.0,0.0,0.0,NaN
3,715,1100.0,0.0,0.0,NaN
3,716,1100.0,0.0,0.0,NaN
3,717,1100.0,0.0,0.0,NaN
3,718,1100.0,0.0,0.0,NaN
3,719,1100.0,0.0,0.0,NaN
3,720,1100.0,0.0,0.0,NaN
3,721,1100.0,0.0,0.0,NaN
3,722,1100.0,0.0,0.0,NaN
3,723,1100.0,0.0,0.0,NaN
3,724,1100.0,0.0,0.0,NaN
3,725,1100.0,0.0,0.0,NaN
3,726,1100.0,0.0,0.0,NaN
3,727,1100.0,0.0,0.0,NaN
3,728,1100.0,0.0,0.0,NaN
3,729,1100.0,0.0,0.0,NaN
3,730,1100.0,0.0,0.0,NaN
3,731,1100.0,0.0,0.0,NaN
3,732,1100.0,0.0,0.0,NaN
3,733,1100.0,0.0,0.0,NaN
3,734,1100.0,0.0,0.0,NaN
3,735,1100.0,0.0,0.0,NaN
3,736,1100.0,0.0,0.0,NaN
3,737,1100.0,0.0,0.0,NaN
3,738,1100.0,0.0,0.0,NaN
3,739,1100.0,0.0,0.0,NaN
3,740,1100.0,0.0,0.0,NaN
3,741,1100.0,0.0,0.0,NaN
3,742,1100.0,0.0,0.0,NaN
3,743,1100.0,0.0,0.0,NaN
3,744,1100.0,0.0,0.0,NaN
3,745,1100.0,0.0,0.0,NaN
3,746,1100.0,0.0,0.0,NaN
3,747,1100.0,0.0,0.0,NaN
3,748,1100.0,0.0,0.0,NaN
3,749,1100.0,0.0,0.0,NaN
3,750,1100.0,0.0,0.0,NaN
3,751,1100.0,0.0,0.0,NaN
3,752,1100.0,0.0,0.0,NaN
3,753,1100.0,0.0,0.0,NaN
3,754,1100.0,0.0,0.0,NaN
3,755,1100.0,0.0,0.0,NaN
3,756,1100.0,0.0,0.0,NaN
3,757,1100.0,0.0,0.0,NaN
3,758,1100.0,0.0,0.0,NaN
3,759,1100.0,0.0,0.0,NaN
3,760,1100.0,0.0,0.0,NaN
3,761,1100.0,0.0,0.0,NaN
3,762,1100.0,0.0,0.0,NaN
3,763,1100.0,0.0,0.0,NaN
3,764,1100.0,0.0,0.0,NaN
3,765,1100.0,0.0,0.0,NaN
3,766,1100.0,0.0,0.0,NaN
3,767,1100.0,0.0,0.0,NaN
3,768,1100.0,0.0,0.0,NaN
3,769,1100.0,0.0,0.0,NaN
3,770,1100.0,0.0,0.0,NaN
3,771,1100.0,0.0,0.0,NaN
3,772,1100.0,0.0,0.0,NaN
3,773,1100.0,0.0,0.0,NaN
3,774,1100.0,0.0,0.0,NaN
3,775,1100.0,0.0,0.0,NaN
3,776,1100.0,0.0,0.0,NaN
3,777,1100.0,0.0,0.0,NaN
3,778,1100.0,0.0,0.0,NaN
3,779,1100.0,0.0,0.0,NaN
3,780,1100.0,0.0,0.0,NaN
4,1,400.0,0.0,0.0,NaN
4,2,400.0,0.0,0.0,NaN
4,3,400.0,0.0,0.0,NaN
4,4,400.0,0.0,0.0,NaN
4,5,400.0,0.0,0.0,NaN
4,6,400.0,0.0,0.0,NaN
4,7,400.0,0.0,0.0,NaN
4,8,400.0,0.0,0.0,NaN
4,9,400.0,0.0,0.0,NaN
4,10,400.0,0.0,0.0,NaN
4,11,400.0,0.0,0.0,NaN
4,12,400.0,0.0,0.0,NaN
4,13,400.0,0.0,0.0,NaN
4,14,400.0,0.0,0.0,NaN
4,15,400.0,0.0,0.0,NaN
4,16,400.0,0.0,0.0,NaN
4,17,400.0,0.0,0.0,NaN
4,18,400.0,0.0,0.0,NaN
4,19,400.0,0.0,0.0,NaN
4,20,400.0,0.0,0.0,NaN
4,21,400.0,0.0,0.0,NaN
4,22,400.0,0.0,0.0,NaN
4,23,400.0,0.0,0.0,NaN
4,24,400.0,0.0,0.0,NaN
4,25,400.0,0.0,0.0,NaN
4,26,400.0,0.0,0.0,NaN
4,27,400.0,0.0,0.0,NaN
4,28,400.0,0.0,0.0,NaN
4,29,400.0,0.0,0.0,NaN
4,30,400.0,0.0,0.0,NaN
4,31,400.0,0.0,0.0,NaN
4,32,400.0,0.0,0.0,NaN
4,33,400.0,0.0,0.0,NaN
4,34,400.0,0.0,0.0,NaN
4,35,400.0,0.0,0.0,NaN
4,36,400.0,0.0,0.0,NaN
4,37,400.0,0.0,0.0,NaN
4,38,400.0,0.0,0.0,NaN
4,39,400.0,0.0,0.0,NaN
4,40,400.0,0.0,0.0,NaN
4,41,400.0,0.0,0.0,NaN
4,42,400.0,0.0,0.0,NaN
4,43,400.0,0.0,0.0,NaN
4,44,400.0,0.0,0.0,NaN
4,45,400.0,0.0,0.0,NaN
4,46,400.0,0.0,0.0,NaN
4,47,400.0,0.0,0.0,NaN
4,48,400.0,0.0,0.0,NaN
4,49,400.0,0.0,0.0,NaN
4,50,400.0,0.0,0.0,NaN
4,51,400.0,0.0,0.0,NaN
4,52,400.0,0.0,0.0,NaN
4,53,400.0,0.0,0.0,NaN
4,54,400.0,0.0,0.0,NaN
4,55,400.0,0.0,0.0,NaN
4,56,400.0,0.0,0.0,NaN
4,57,400.0,0.0,0.0,NaN
4,58,400.0,0.0,0.0,NaN
4,59,400.0,0.0,0.0,NaN
4,60,400.0,0.0,0.0,NaN
4,61,400.0,0.0,0.0,NaN
4,62,400.0,0.0,0.0,NaN
4,63,400.0,0.0,0.0,NaN
4,64,400.0,0.0,0.0,NaN
4,65,400.0,0.0,0.0,NaN
4,66,400.0,0.0,0.0,NaN
4,67,400.0,0.0,0.0,NaN
4,68,400.0,0.0,0.0,NaN
4,69,400.0,0.0,0.0,NaN
4,70,400.0,0.0,0.0,NaN
4,71,400.0,0.0,0.0,NaN
4,72,400.0,0.0,0.0,NaN
4,73,400.0,0.0,0.0,NaN
4,74,400.0,0.0,0.0,NaN
4,75,400.0,0.0,0.0,NaN
4,76,400.0,0.0,0.0,NaN
4,77,400.0,0.0,0.0,NaN
4,78,400.0,0.0,0.0,NaN
4,79,400.0,0.0,0.0,NaN
4,80,400.0,0.0,0.0,NaN
4,81,400.0,0.0,0.0,NaN
4,82,400.0,0.0,0.0,NaN
4,83,400.0,0.0,0.0,NaN
4,84,400.0,0.0,0.0,NaN
4,85,400.0,0.0,0.0,NaN
4,86,400.0,0.0,0.0,NaN
4,87,400.0,0.0,0.0,NaN
4,88,400.0,0.0,0.0,NaN
4,89,400.0,0.0,0.0,NaN
4,90,400.0,0.0,0.0,NaN
4,91,400.0,0.0,0.0,NaN
4,92,400.0,0.0,0.0,NaN
4,93,400.0,0.0,0.0,NaN
4,94,400.0,0.0,0.0,NaN
4,95,400.0,0.0,0.0,NaN
4,96,400.0,0.0,0.0,NaN
4,97,400.0,0.0,0.0,NaN
4,98,400.0,0.0,0.0,NaN
4,99,400.0,0.0,0.0,NaN
4,100,400.0,0.0,0.0,NaN
4,101,400.0,0.0,0.0,NaN
4,102,400.0,0.0,0.0,NaN
4,103,400.0,0.0,0.0,NaN
4,104,400.0,0.0,0.0,NaN
4,105,400.0,0.0,0.0,NaN
4,106,400.0,0.0,0.0,NaN
4,107,400.0,0.0,0.0,NaN
4,108,400.0,0.0,0.0,NaN
4,109,400.0,0.0,0.0,NaN
4,110,400.0,0.0,0.0,NaN
4,111,400.0,0.0,0.0,NaN
4,112,400.0,0.0,0.0,NaN
4,113,400.0,0.0,0.0,NaN
4,114,400.0,0.0,0.0,NaN
4,115,400.0,0.0,0.0,NaN
4,116,400.0,0.0,0.0,NaN
4,117,400.0,0.0,0.0,NaN
4,118,400.0,0.0,0.0,NaN
4,119,400.0,0.0,0.0,NaN
4,120,400.0,0.0,0.0,NaN
4,121,400.0,0.0,0.0,NaN
4,122,400.0,0.0,0.0,NaN
4,123,400.0,0.0,0.0,NaN
4,124,400.0,0.0,0.0,NaN
4,125,400.0,0.0,0.0,NaN
4,126,400.0,0.0,0.0,NaN
4,127,400.0,0.0,0.0,NaN
4,128,400.0,0.0,0.0,NaN
4,129,400.0,0.0,0.0,NaN
4,130,400.0,0.0,0.0,NaN
4,131,400.0,0.0,0.0,NaN
4,132,400.0,0.0,0.0,NaN
4,133,400.0,0.0,0.0,NaN
4,134,400.0,0.0,0.0,NaN
4,135,400.0,0.0,0.0,NaN
4,136,400.0,0.0,0.0,NaN
4,137,400.0,0.0,0.0,NaN
4,138,400.0,0.0,0.0,NaN
4,139,400.0,0.0,0.0,NaN
4,140,400.0,0.0,0.0,NaN
4,141,400.0,0.0,0.0,NaN
4,142,400.0,0.0,0.0,NaN
4,143,400.0,0.0,0.0,NaN
4,144,400.0,0.0,0.0,NaN
4,145,400.0,0.0,0.0,NaN
4,146,400.0,0.0,0.0,NaN
4,147,400.0,0.0,0.0,NaN
4,148,400.0,0.0,0.0,NaN
4,149,400.0,0.0,0.0,NaN
4,150,400.0,0.0,0.0,NaN
4,151,400.0,0.0,0.0,NaN
4,152,400.0,0.0,0.0,NaN
4,153,400.0,0.0,0.0,NaN
4,154,400.0,0.0,0.0,NaN
4,155,400.0,0.0,0.0,NaN
4,156,400.0,0.0,0.0,NaN
4,157,400.0,0.0,0.0,NaN
4,158,400.0,0.0,0.0,NaN
4,159,400.0,0.0,0.0,NaN
4,160,400.0,0.0,0.0,NaN
4,161,400.0,0.0,0.0,NaN
4,162,400.0,0.0,0.0,NaN
4,163,400.0,0.0,0.0,NaN
4,164,400.0,0.0,0.0,NaN
4,165,400.0,0.0,0.0,NaN
4,166,400.0,0.0,0.0,NaN
4,167,400.0,0.0,0.0,NaN
4,168,400.0,0.0,0.0,NaN
4,169,400.0,0.0,0.0,NaN
4,170,400.0,0.0,0.0,NaN
4,171,400.0,0.0,0.0,NaN
4,172,400.0,0.0,0.0,NaN
4,173,400.0,0.0,0.0,NaN
4,174,400.0,0.0,0.0,NaN
4,175,400.0,0.0,0.0,NaN
4,176,400.0,0.0,0.0,NaN
4,177,400.0,0.0,0.0,NaN
4,178,400.0,0.0,0.0,NaN
4,179,400.0,0.0,0.0,NaN
4,180,400.0,0.0,0.0,NaN
4,181,400.0,0.0,0.0,NaN
4,182,400.0,0.0,0.0,NaN
4,183,400.0,0.0,0.0,NaN
4,184,400.0,0.0,0.0,NaN
4,185,400.0,0.0,0.0,NaN
4,186,400.0,0.0,0.0,NaN
4,187,400.0,0.0,0.0,NaN
4,188,400.0,0.0,0.0,NaN
4,189,400.0,0.0,0.0,NaN
4,190,400.0,0.0,0.0,NaN
4,191,400.0,0.0,0.0,NaN
4,192,400.0,0.0,0.0,NaN
4,193,400.0,0.0,0.0,NaN
4,194,400.0,0.0,0.0,NaN
4,195,400.0,0.0,0.0,NaN
4,196,400.0,0.0,0.0,NaN
4,197,400.0,0.0,0.0,NaN
4,198,400.0,0.0,0.0,NaN
4,199,400.0,0.0,0.0,NaN
4,200,400.0,0.0,0.0,NaN
4,201,400.0,0.0,0.0,NaN
4,202,400.0,0.0,0.0,NaN
4,203,400.0,0.0,0.0,NaN
4,204,400.0,0.0,0.0,NaN
4,205,400.0,0.0,0.0,NaN
4,206,400.0,0.0,0.0,NaN
4,207,400.0,0.0,0.0,NaN
4,208,400.0,0.0,0.0,NaN
4,209,400.0,0.0,0.0,NaN
4,210,400.0,0.0,0.0,NaN
4,211,400.0,0.0,0.0,NaN
4,212,400.0,0.0,0.0,NaN
4,213,400.0,0.0,0.0,NaN
4,214,400.0,0.0,0.0,NaN
4,215,400.0,0.0,0.0,NaN
4,216,400.0,0.0,0.0,NaN
4,217,400.0,0.0,0.0,NaN
4,218,400.0,0.0,0.0,NaN
4,219,400.0,0.0,0.0,NaN
4,220,400.0,0.0,0.0,NaN
4,221,400.0,0.0,0.0,NaN
4,222,400.0,0.0,0.0,NaN
4,223,400.0,0.0,0.0,NaN
4,224,400.0,0.0,0.0,NaN
4,225,400.0,0.0,0.0,NaN
4,226,400.0,0.0,0.0,NaN
4,227,400.0,0.0,0.0,NaN
4,228,400.0,0.0,0.0,NaN
4,229,400.0,0.0,0.0,NaN
4,230,400.0,0.0,0.0,NaN
4,231,400.0,0.0,0.0,NaN
4,232,400.0,0.0,0.0,NaN
4,233,400.0,0.0,0.0,NaN
4,234,400.0,0.0,0.0,NaN
4,235,400.0,0.0,0.0,NaN
4,236,400.0,0.0,0.0,NaN
4,237,400.0,0.0,0.0,NaN
4,238,400.0,0.0,0.0,NaN
4,239,400.0,0.0,0.0,NaN
4,240,400.0,0.0,0.0,NaN
4,241,400.0,0.0,0.0,NaN
4,242,400.0,0.0,0.0,NaN
4,243,400.0,0.0,0.0,NaN
4,244,400.0,0.0,0.0,NaN
4,245,400.0,0.0,0.0,NaN
4,246,400.0,0.0,0.0,NaN
4,247,400.0,0.0,0.0,NaN
4,248,400.0,0.0,0.0,NaN
4,249,400.0,0.0,0.0,NaN
4,250,400.0,0.0,0.0,NaN
4,251,400.0,0.0,0.0,NaN
4,252,400.0,0.0,0.0,NaN
4,253,400.0,0.0,0.0,NaN
4,254,400.0,0.0,0.0,NaN
4,255,400.0,0.0,0.0,NaN
4,256,400.0,0.0,0.0,NaN
4,257,400.0,0.0,0.0,NaN
4,258,400.0,0.0,0.0,NaN
4,259,400.0,0.0,0.0,NaN
4,260,400.0,0.0,0.0,NaN
4,261,400.0,0.0,0.0,NaN
4,262,400.0,0.0,0.0,NaN
4,263,400.0,0.0,0.0,NaN
4,264,400.0,0.0,0.0,NaN
4,265,400.0,0.0,0.0,NaN
4,266,400.0,0.0,0.0,NaN
4,267,400.0,0.0,0.0,NaN
4,268,400.0,0.0,0.0,NaN
4,269,400.0,0.0,0.0,NaN
4,270,400.0,0.0,0.0,NaN
4,271,400.0,0.0,0.0,NaN
4,272,400.0,0.0,0.0,NaN
4,273,400.0,0.0,0.0,NaN
4,274,400.0,0.0,0.0,NaN
4,275,400.0,0.0,0.0,NaN
4,276,400.0,0.0,0.0,NaN
4,277,400.0,0.0,0.0,NaN
4,278,400.0,0.0,0.0,NaN
4,279,400.0,0.0,0.0,NaN
4,280,400.0,0.0,0.0,NaN
4,281,400.0,0.0,0.0,NaN
4,282,400.0,0.0,0.0,NaN
4,283,400.0,0.0,0.0,NaN
4,284,400.0,0.0,0.0,NaN
4,285,400.0,0.0,0.0,NaN
4,286,400.0,0.0,0.0,NaN
4,287,400.0,0.0,0.0,NaN
4,288,400.0,0.0,0.0,NaN
4,289,400.0,0.0,0.0,NaN
4,290,400.0,0.0,0.0,NaN
4,291,400.0,0.0,0.0,NaN
4,292,400.0,0.0,0.0,NaN
4,293,400.0,0.0,0.0,NaN
4,294,400.0,0.0,0.0,NaN
4,295,400.0,0.0,0.0,NaN
4,296,400.0,0.0,0.0,NaN
4,297,400.0,0.0,0.0,NaN
4,298,400.0,0.0,0.0,NaN
4,299,400.0,0.0,0.0,NaN
4,300,400.0,0.0,0.0,NaN
4,301,400.0,0.0,0.0,NaN
4,302,400.0,0.0,0.0,NaN
4,303,400.0,0.0,0.0,NaN
4,304,400.0,0.0,0.0,NaN
4,305,400.0,0.0,0.0,NaN
4,306,400.0,0.0,0.0,NaN
4,307,400.0,0.0,0.0,NaN
4,308,400.0,0.0,0.0,NaN
4,309,400.0,0.0,0.0,NaN
4,310,400.0,0.0,0.0,NaN
4,311,400.0,0.0,0.0,NaN
4,312,400.0,0.0,0.0,NaN
4,313,400.0,0.0,0.0,NaN
4,314,400.0,0.0,0.0,NaN
4,315,400.0,0.0,0.0,NaN
4,316,400.0,0.0,0.0,NaN
4,317,400.0,0.0,0.0,NaN
4,318,400.0,0.0,0.0,NaN
4,319,400.0,0.0,0.0,NaN
4,320,400.0,0.0,0.0,NaN
4,321,400.0,0.0,0.0,NaN
4,322,400.0,0.0,0.0,NaN
4,323,400.0,0.0,0.0,NaN
4,324,400.0,0.0,0.0,NaN
4,325,400.0,0.0,0.0,NaN
4,326,400.0,0.0,0.0,NaN
4,327,400.0,0.0,0.0,NaN
4,328,400.0,0.0,0.0,NaN
4,329,400.0,0.0,0.0,NaN
4,330,400.0,0.0,0.0,NaN
4,331,400.0,0.0,0.0,NaN
4,332,400.0,0.0,0.0,NaN
4,333,400.0,0.0,0.0,NaN
4,334,400.0,0.0,0.0,NaN
4,335,400.0,0.0,0.0,NaN
4,336,400.0,0.0,0.0,NaN
4,337,400.0,0.0,0.0,NaN
4,338,400.0,0.0,0.0,NaN
4,339,400.0,0.0,0.0,NaN
4,340,400.0,0.0,0.0,NaN
4,341,400.0,0.0,0.0,NaN
4,342,400.0,0.0,0.0,NaN
4,343,400.0,0.0,0.0,NaN
4,344,400.0,0.0,0.0,NaN
4,345,400.0,0.0,0.0,NaN
4,346,400.0,0.0,0.0,NaN
4,347,400.0,0.0,0.0,NaN
4,348,400.0,0.0,0.0,NaN
4,349,400.0,0.0,0.0,NaN
4,350,400.0,0.0,0.0,NaN
4,351,400.0,0.0,0.0,NaN
4,352,400.0,0.0,0.0,NaN
4,353,400.0,0.0,0.0,NaN
4,354,400.0,0.0,0.0,NaN
4,355,400.0,0.0,0.0,NaN
4,356,400.0,0.0,0.0,NaN
4,357,400.0,0.0,0.0,NaN
4,358,400.0,0.0,0.0,NaN
4,359,400.0,0.0,0.0,NaN
4,360,400.0,0.0,0.0,NaN
4,361,400.0,0.0,0.0,NaN
4,362,400.0,0.0,0.0,NaN
4,363,400.0,0.0,0.0,NaN
4,364,400.0,0.0,0.0,NaN
4,365,400.0,0.0,0.0,NaN
4,366,400.0,0.0,0.0,NaN
4,367,400.0,0.0,0.0,NaN
4,368,400.0,0.0,0.0,NaN
4,369,400.0,0.0,0.0,NaN
4,370,400.0,0.0,0.0,NaN
4,371,400.0,0.0,0.0,NaN
4,372,400.0,0.0,0.0,NaN
4,373,400.0,0.0,0.0,NaN
4,374,400.0,0.0,0.0,NaN
4,375,400.0,0.0,0.0,NaN
4,376,400.0,0.0,0.0,NaN
4,377,400.0,0.0,0.0,NaN
4,378,400.0,0.0,0.0,NaN
4,379,400.0,0.0,0.0,NaN
4,380,400.0,0.0,0.0,NaN
4,381,400.0,0.0,0.0,NaN
4,382,400.0,0.0,0.0,NaN
4,383,400.0,0.0,0.0,NaN
4,384,400.0,0.0,0.0,NaN
4,385,400.0,0.0,0.0,NaN
4,386,400.0,0.0,0.0,NaN
4,387,400.0,0.0,0.0,NaN
4,388,400.0,0.0,0.0,NaN
4,389,400.0,0.0,0.0,NaN
4,390,400.0,0.0,0.0,NaN
4,391,400.0,0.0,0.0,NaN
4,392,400.0,0.0,0.0,NaN
4,393,400.0,0.0,0.0,NaN
4,394,400.0,0.0,0.0,NaN
4,395,400.0,0.0,0.0,NaN
4,396,400.0,0.0,0.0,NaN
4,397,400.0,0.0,0.0,NaN
4,398,400.0,0.0,0.0,NaN
4,399,400.0,0.0,0.0,NaN
4,400,400.0,0.0,0.0,NaN
4,401,400.0,0.0,0.0,NaN
4,402,400.0,0.0,0.0,NaN
4,403,400.0,0.0,0.0,NaN
4,404,400.0,0.0,0.0,NaN
4,405,400.0,0.0,0.0,NaN
4,406,400.0,0.0,0.0,NaN
4,407,400.0,0.0,0.0,NaN
4,408,400.0,0.0,0.0,NaN
4,409,400.0,0.0,0.0,NaN
4,410,400.0,0.0,0.0,NaN
4,411,400.0,0.0,0.0,NaN
4,412,400.0,0.0,0.0,NaN
4,413,400.0,0.0,0.0,NaN
4,414,400.0,0.0,0.0,NaN
4,415,400.0,0.0,0.0,NaN
4,416,400.0,0.0,0.0,NaN
4,417,400.0,0.0,0.0,NaN
4,418,400.0,0.0,0.0,NaN
4,419,400.0,0.0,0.0,NaN
4,420,400.0,0.0,0.0,NaN
4,421,400.0,0.0,0.0,NaN
4,422,400.0,0.0,0.0,NaN
4,423,400.0,0.0,0.0,NaN
4,424,400.0,0.0,0.0,NaN
4,425,400.0,0.0,0.0,NaN
4,426,400.0,0.0,0.0,NaN
4,427,400.0,0.0,0.0,NaN
4,428,400.0,0.0,0.0,NaN
4,429,400.0,0.0,0.0,NaN
4,430,400.0,0.0,0.0,NaN
4,431,400.0,0.0,0.0,NaN
4,432,400.0,0.0,0.0,NaN
4,433,400.0,0.0,0.0,NaN
4,434,400.0,0.0,0.0,NaN
4,435,400.0,0.0,0.0,NaN
4,436,400.0,0.0,0.0,NaN
4,437,400.0,0.0,0.0,NaN
4,438,400.0,0.0,0.0,NaN
4,439,400.0,0.0,0.0,NaN
4,440,400.0,0.0,0.0,NaN
4,441,400.0,0.0,0.0,NaN
4,442,400.0,0.0,0.0,NaN
4,443,400.0,0.0,0.0,NaN
4,444,400.0,0.0,0.0,NaN
4,445,400.0,0.0,0.0,NaN
4,446,400.0,0.0,0.0,NaN
4,447,400.0,0.0,0.0,NaN
4,448,400.0,0.0,0.0,NaN
4,449,400.0,0.0,0.0,NaN
4,450,400.0,0.0,0.0,NaN
4,451,400.0,0.0,0.0,NaN
4,452,400.0,0.0,0.0,NaN
4,453,400.0,0.0,0.0,NaN
4,454,400.0,0.0,0.0,NaN
4,455,400.0,0.0,0.0,NaN
4,456,400.0,0.0,0.0,NaN
4,457,400.0,0.0,0.0,NaN
4,458,400.0,0.0,0.0,NaN
4,459,400.0,0.0,0.0,NaN
4,460,400.0,0.0,0.0,NaN
4,461,400.0,0.0,0.0,NaN
4,462,400.0,0.0,0.0,NaN
4,463,400.0,0.0,0.0,NaN
4,464,400.0,0.0,0.0,NaN
4,465,400.0,0.0,0.0,NaN
4,466,400.0,0.0,0.0,NaN
4,467,400.0,0.0,0.0,NaN
4,468,400.0,0.0,0.0,NaN
4,469,400.0,0.0,0.0,NaN
4,470,400.0,0.0,0.0,NaN
4,471,400.0,0.0,0.0,NaN
4,472,400.0,0.0,0.0,NaN
4,473,400.0,0.0,0.0,NaN
4,474,400.0,0.0,0.0,NaN
4,475,400.0,0.0,0.0,NaN
4,476,400.0,0.0,0.0,NaN
4,477,400.0,0.0,0.0,NaN
4,478,400.0,0.0,0.0,NaN
4,479,400.0,0.0,0.0,NaN
4,480,400.0,0.0,0.0,NaN
4,481,400.0,0.0,0.0,NaN
4,482,400.0,0.0,0.0,NaN
4,483,400.0,0.0,0.0,NaN
4,484,400.0,0.0,0.0,NaN
4,485,400.0,0.0,0.0,NaN
4,486,400.0,0.0,0.0,NaN
4,487,400.0,0.0,0.0,NaN
4,488,400.0,0.0,0.0,NaN
4,489,400.0,0.0,0.0,NaN
4,490,400.0,0.0,0.0,NaN
4,491,400.0,0.0,0.0,NaN
4,492,400.0,0.0,0.0,NaN
4,493,400.0,0.0,0.0,NaN
4,494,400.0,0.0,0.0,NaN
4,495,400.0,0.0,0.0,NaN
4,496,400.0,0.0,0.0,NaN
4,497,400.0,0.0,0.0,NaN
4,498,400.0,0.0,0.0,NaN
4,499,400.0,0.0,0.0,NaN
4,500,400.0,0.0,0.0,NaN
4,501,400.0,0.0,0.0,NaN
4,502,400.0,0.0,0.0,NaN
4,503,400.0,0.0,0.0,NaN
4,504,400.0,0.0,0.0,NaN
4,505,400.0,0.0,0.0,NaN
4,506,400.0,0.0,0.0,NaN
4,507,400.0,0.0,0.0,NaN
4,508,400.0,0.0,0.0,NaN
4,509,400.0,0.0,0.0,NaN
4,510,400.0,0.0,0.0,NaN
4,511,400.0,0.0,0.0,NaN
4,512,400.0,0.0,0.0,NaN
4,513,400.0,0.0,0.0,NaN
4,514,400.0,0.0,0.0,NaN
4,515,400.0,0.0,0.0,NaN
4,516,400.0,0.0,0.0,NaN
4,517,400.0,0.0,0.0,NaN
4,518,400.0,0.0,0.0,NaN
4,519,400.0,0.0,0.0,NaN
4,520,400.0,0.0,0.0,NaN
4,521,400.0,0.0,0.0,NaN
4,522,400.0,0.0,0.0,NaN
4,523,400.0,0.0,0.0,NaN
4,524,400.0,0.0,0.0,NaN
4,525,400.0,0.0,0.0,NaN
4,526,400.0,0.0,0.0,NaN
4,527,400.0,0.0,0.0,NaN
4,528,400.0,0.0,0.0,NaN
4,529,400.0,0.0,0.0,NaN
4,530,400.0,0.0,0.0,NaN
4,531,400.0,0.0,0.0,NaN
4,532,400.0,0.0,0.0,NaN
4,533,400.0,0.0,0.0,NaN
4,534,400.0,0.0,0.0,NaN
4,535,400.0,0.0,0.0,NaN
4,536,400.0,0.0,0.0,NaN
4,537,400.0,0.0,0.0,NaN
4,538,400.0,0.0,0.0,NaN
4,539,400.0,0.0,0.0,NaN
4,540,400.0,0.0,0.0,NaN
4,541,400.0,0.0,0.0,NaN
4,542,400.0,0.0,0.0,NaN
4,543,400.0,0.0,0.0,NaN
4,544,400.0,0.0,0.0,NaN
4,545,400.0,0.0,0.0,NaN
4,546,400.0,0.0,0.0,NaN
4,547,400.0,0.0,0.0,NaN
4,548,400.0,0.0,0.0,NaN
4,549,400.0,0.0,0.0,NaN
4,550,400.0,0.0,0.0,NaN
4,551,400.0,0.0,0.0,NaN
4,552,400.0,0.0,0.0,NaN
4,553,400.0,0.0,0.0,NaN
4,554,400.0,0.0,0.0,NaN
4,555,400.0,0.0,0.0,NaN
4,556,400.0,0.0,0.0,NaN
4,557,400.0,0.0,0.0,NaN
4,558,400.0,0.0,0.0,NaN
4,559,400.0,0.0,0.0,NaN
4,560,400.0,0.0,0.0,NaN
4,561,400.0,0.0,0.0,NaN
4,562,400.0,0.0,0.0,NaN
4,563,400.0,0.0,0.0,NaN
4,564,400.0,0.0,0.0,NaN
4,565,400.0,0.0,0.0,NaN
4,566,400.0,0.0,0.0,NaN
4,567,400.0,0.0,0.0,NaN
4,568,400.0,0.0,0.0,NaN
4,569,400.0,0.0,0.0,NaN
4,570,400.0,0.0,0.0,NaN
4,571,400.0,0.0,0.0,NaN
4,572,400.0,0.0,0.0,NaN
4,573,400.0,0.0,0.0,NaN
4,574,400.0,0.0,0.0,NaN
4,575,400.0,0.0,0.0,NaN
4,576,400.0,0.0,0.0,NaN
4,577,400.0,0.0,0.0,NaN
4,578,400.0,0.0,0.0,NaN
4,579,400.0,0.0,0.0,NaN
4,580,400.0,0.0,0.0,NaN
4,581,400.0,0.0,0.0,NaN
4,582,400.0,0.0,0.0,NaN
4,583,400.0,0.0,0.0,NaN
4,584,400.0,0.0,0.0,NaN
4,585,400.0,0.0,0.0,NaN
4,586,400.0,0.0,0.0,NaN
4,587,400.0,0.0,0.0,NaN
4,588,400.0,0.0,0.0,NaN
4,589,400.0,0.0,0.0,NaN
4,590,400.0,0.0,0.0,NaN
4,591,400.0,0.0,0.0,NaN
4,592,400.0,0.0,0.0,NaN
4,593,400.0,0.0,0.0,NaN
4,594,400.0,0.0,0.0,NaN
4,595,400.0,0.0,0.0,NaN
4,596,400.0,0.0,0.0,NaN
4,597,400.0,0.0,0.0,NaN
4,598,400.0,0.0,0.0,NaN
4,599,400.0,0.0,0.0,NaN
4,600,400.0,0.0,0.0,NaN
4,601,400.0,0.0,0.0,NaN
4,602,400.0,0.0,0.0,NaN
4,603,400.0,0.0,0.0,NaN
4,604,400.0,0.0,0.0,NaN
4,605,400.0,0.0,0.0,NaN
4,606,400.0,0.0,0.0,NaN
4,607,400.0,0.0,0.0,NaN
4,608,400.0,0.0,0.0,NaN
4,609,400.0,0.0,0.0,NaN
4,610,400.0,0.0,0.0,NaN
4,611,400.0,0.0,0.0,NaN
4,612,400.0,0.0,0.0,NaN
4,613,400.0,0.0,0.0,NaN
4,614,400.0,0.0,0.0,NaN
4,615,400.0,0.0,0.0,NaN
4,616,400.0,0.0,0.0,NaN
4,617,400.0,0.0,0.0,NaN
4,618,400.0,0.0,0.0,NaN
4,619,400.0,0.0,0.0,NaN
4,620,400.0,0.0,0.0,NaN
4,621,400.0,0.0,0.0,NaN
4,622,400.0,0.0,0.0,NaN
4,623,400.0,0.0,0.0,NaN
4,624,400.0,0.0,0.0,NaN
4,625,400.0,0.0,0.0,NaN
4,626,400.0,0.0,0.0,NaN
4,627,400.0,0.0,0.0,NaN
4,628,400.0,0.0,0.0,NaN
4,629,400.0,0.0,0.0,NaN
4,630,400.0,0.0,0.0,NaN
4,631,400.0,0.0,0.0,NaN
4,632,400.0,0.0,0.0,NaN
4,633,400.0,0.0,0.0,NaN
4,634,400.0,0.0,0.0,NaN
4,635,400.0,0.0,0.0,NaN
4,636,400.0,0.0,0.0,NaN
4,637,400.0,0.0,0.0,NaN
4,638,400.0,0.0,0.0,NaN
4,639,400.0,0.0,0.0,NaN
4,640,400.0,0.0,0.0,NaN
4,641,400.0,0.0,0.0,NaN
4,642,400.0,0.0,0.0,NaN
4,643,400.0,0.0,0.0,NaN
4,644,400.0,0.0,0.0,NaN
4,645,400.0,0.0,0.0,NaN
4,646,400.0,0.0,0.0,NaN
4,647,400.0,0.0,0.0,NaN
4,648,400.0,0.0,0.0,NaN
4,649,400.0,0.0,0.0,NaN
4,650,400.0,0.0,0.0,NaN
4,651,400.0,0.0,0.0,NaN
4,652,400.0,0.0,0.0,NaN
4,653,400.0,0.0,0.0,NaN
4,654,400.0,0.0,0.0,NaN
4,655,400.0,0.0,0.0,NaN
4,656,400.0,0.0,0.0,NaN
4,657,400.0,0.0,0.0,NaN
4,658,400.0,0.0,0.0,NaN
4,659,400.0,0.0,0.0,NaN
4,660,400.0,0.0,0.0,NaN
4,661,400.0,0.0,0.0,NaN
4,662,400.0,0.0,0.0,NaN
4,663,400.0,0.0,0.0,NaN
4,664,400.0,0.0,0.0,NaN
4,665,400.0,0.0,0.0,NaN
4,666,400.0,0.0,0.0,NaN
4,667,400.0,0.0,0.0,NaN
4,668,400.0,0.0,0.0,NaN
4,669,400.0,0.0,0.0,NaN
4,670,400.0,0.0,0.0,NaN
4,671,400.0,0.0,0.0,NaN
4,672,400.0,0.0,0.0,NaN
4,673,400.0,0.0,0.0,NaN
4,674,400.0,0.0,0.0,NaN
4,675,400.0,0.0,0.0,NaN
4,676,400.0,0.0,0.0,NaN
4,677,400.0,0.0,0.0,NaN
4,678,400.0,0.0,0.0,NaN
4,679,400.0,0.0,0.0,NaN
4,680,400.0,0.0,0.0,NaN
4,681,400.0,0.0,0.0,NaN
4,682,400.0,0.0,0.0,NaN
4,683,400.0,0.0,0.0,NaN
4,684,400.0,0.0,0.0,NaN
4,685,400.0,0.0,0.0,NaN
4,686,400.0,0.0,0.0,NaN
4,687,400.0,0.0,0.0,NaN
4,688,400.0,0.0,0.0,NaN
4,689,400.0,0.0,0.0,NaN
4,690,400.0,0.0,0.0,NaN
4,691,400.0,0.0,0.0,NaN
4,692,400.0,0.0,0.0,NaN
4,693,400.0,0.0,0.0,NaN
4,694,400.0,0.0,0.0,NaN
4,695,400.0,0.0,0.0,NaN
4,696,400.0,0.0,0.0,NaN
4,697,400.0,0.0,0.0,NaN
4,698,400.0,0.0,0.0,NaN
4,699,400.0,0.0,0.0,NaN
4,700,400.0,0.0,0.0,NaN
4,701,400.0,0.0,0.0,NaN
4,702,400.0,0.0,0.0,NaN
4,703,400.0,0.0,0.0,NaN
4,704,400.0,0.0,0.0,NaN
4,705,400.0,0.0,0.0,NaN
4,706,400.0,0.0,0.0,NaN
4,707,400.0,0.0,0.0,NaN
4,708,400.0,0.0,0.0,NaN
4,709,400.0,0.0,0.0,NaN
4,710,400.0,0.0,0.0,NaN
4,711,400.0,0.0,0.0,NaN
4,712,400.0,0.0,0.0,NaN
4,713,400.0,0.0,0.0,NaN
4,714,400.0,0.0,0.0,NaN
4,715,400.0,0.0,0.0,NaN
4,716,400.0,0.0,0.0,NaN
4,717,400.0,0.0,0.0,NaN
4,718,400.0,0.0,0.0,NaN
4,719,400.0,0.0,0.0,NaN
4,720,400.0,0.0,0.0,NaN
4,721,400.0,0.0,0.0,NaN
4,722,400.0,0.0,0.0,NaN
4,723,400.0,0.0,0.0,NaN
4,724,400.0,0.0,0.0,NaN
4,725,400.0,0.0,0.0,NaN
4,726,400.0,0.0,0.0,NaN
4,727,400.0,0.0,0.0,NaN
4,728,400.0,0.0,0.0,NaN
4,729,400.0,0.0,0.0,NaN
4,730,400.0,0.0,0.0,NaN
4,731,400.0,0.0,0.0,NaN
4,732,400.0,0.0,0.0,NaN
4,733,400.0,0.0,0.0,NaN
4,734,400.0,0.0,0.0,NaN
4,735,400.0,0.0,0.0,NaN
4,736,400.0,0.0,0.0,NaN
4,737,400.0,0.0,0.0,NaN
4,738,400.0,0.0,0.0,NaN
4,739,400.0,0.0,0.0,NaN
4,740,400.0,0.0,0.0,NaN
4,741,400.0,0.0,0.0,NaN
4,742,400.0,0.0,0.0,NaN
4,743,400.0,0.0,0.0,NaN
4,744,400.0,0.0,0.0,NaN
4,745,400.0,0.0,0.0,NaN
4,746,400.0,0.0,0.0,NaN
4,747,400.0,0.0,0.0,NaN
4,748,400.0,0.0,0.0,NaN
4,749,400.0,0.0,0.0,NaN
4,750,400.0,0.0,0.0,NaN
4,751,400.0,0.0,0.0,NaN
4,752,400.0,0.0,0.0,NaN
4,753,400.0,0.0,0.0,NaN
4,754,400.0,0.0,0.0,NaN
4,755,400.0,0.0,0.0,NaN
4,756,400.0,0.0,0.0,NaN
4,757,400.0,0.0,0.0,NaN
4,758,400.0,0.0,0.0,NaN
4,759,400.0,0.0,0.0,NaN
4,760,400.0,0.0,0.0,NaN
4,761,400.0,0.0,0.0,NaN
4,762,400.0,0.0,0.0,NaN
4,763,400.0,0.0,0.0,NaN
4,764,400.0,0.0,0.0,NaN
4,765,400.0,0.0,0.0,NaN
4,766,400.0,0.0,0.0,NaN
4,767,400.0,0.0,0.0,NaN
4,768,400.0,0.0,0.0,NaN
4,769,400.0,0.0,0.0,NaN
4,770,400.0,0.0,0.0,NaN
4,771,400.0,0.0,0.0,NaN
4,772,400.0,0.0,0.0,NaN
4,773,400.0,0.0,0.0,NaN
4,774,400.0,0.0,0.0,NaN
4,775,400.0,0.0,0.0,NaN
4,776,400.0,0.0,0.0,NaN
4,777,400.0,0.0,0.0,NaN
4,778,400.0,0.0,0.0,NaN
4,779,400.0,0.0,0.0,NaN
4,780,400.0,0.0,0.0,NaN
