ID,Zone,Total_Import_MWh,Peak_Import_MW
1,1,1558.1968388550092,0.3781
2,1,6823.262067627923,1.1536
3,1,6732.896148906315,1.1481
4,1,3125.5479965083923,0.5306
5,1,3519.3020898280392,0.5974
6,1,2188.420264947404,0.5251
7,1,2892.4068109940426,0.489
8,1,5728.577205476598,0.9666
9,1,5539.937011821013,0.9318
10,1,3141.9807938785293,0.5411
11,1,5198.8986047004755,0.9003
12,1,2288.2665586808334,0.3873
13,1,527.8518881827302,0.3644
14,1,1156.5293092396557,0.2802
15,1,364.7895210238647,0.2386
16,1,3909.2363445123965,0.6692
17,1,466.49095534050554,0.3047
18,1,1038.3259821712197,0.1769
19,1,1617.5245473597233,0.2768
20,1,0.0,0.0
21,1,0.0,0.0
22,1,0.0,0.0
23,1,606.4011357222727,0.1559
24,1,0.0,0.0
25,1,0.0,0.0
26,1,0.0,0.0
27,1,1004.2929979976915,0.171
28,1,0.0,0.0
29,1,0.0,0.0
30,1,0.0,0.0
31,1,0.0,0.0
32,1,0.0,0.0
33,1,0.0,0.0
34,1,0.0,0.0
35,1,0.0,0.0
36,1,0.0,0.0
37,1,0.0,0.0
38,1,1278.9807393325882,0.2163
39,1,377.740565086314,0.097
40,1,0.0,0.0
41,1,0.0,0.0
42,1,403.90778412349874,0.1059
43,1,0.0,0.0
44,1,0.0,0.0
45,1,0.0,0.0
46,1,0.0,0.0
47,1,620.803888727164,0.1542
48,1,0.0,0.0
49,1,1563.4868136921953,0.2726
50,1,1885.0610089423851,0.3201
51,1,0.0,0.0
52,1,1247.6014002177728,0.2184
53,1,0.0,0.0
54,1,0.0,0.0
55,1,1665.9546644884963,0.2815
56,1,0.0,0.0
57,1,1419.4983737409436,0.2361
58,1,1956.2533190562617,0.3378
59,1,0.0,0.0
60,1,3395.0290339972457,0.5764
61,1,0.0,0.0
62,1,2272.2787413191677,0.3907
63,1,623.282607574075,0.1542
64,1,0.0,0.0
65,1,0.0,0.0
66,1,3597.31725630873,0.61
67,1,2914.9730851332724,0.4924
68,1,1453.3589629186781,0.2483
69,1,2826.8984289225086,0.4697
70,1,0.0,0.0
71,1,1188.5552128437378,0.2025
72,1,678.7974566986617,0.1756
73,1,811.9342440254662,0.1344
74,1,5628.674023356356,0.97
75,1,895.1247311139286,0.2084
76,1,0.0,0.0
77,1,2496.2327532617855,0.4293
78,1,0.0,0.0
79,1,525.6396069172134,0.0903
80,1,864.4883105145608,0.147
81,1,1369.68172751223,0.2281
82,1,3964.38102788568,0.9103
83,1,2046.2439903088414,0.4999
84,1,2801.1656045692625,0.6587
85,1,414.86205043340607,0.1008
86,1,2689.6325876407104,0.6381
87,1,2347.628092797346,0.5835
88,1,1111.4076067633896,0.2697
89,1,5565.417265024929,1.2855
90,1,1722.3556383130767,0.4121
91,1,1628.9743862154864,0.3903
92,1,1381.2307323076814,0.3289
93,1,6456.876942836768,1.4703
94,1,872.2648139662406,0.2159
95,1,434.3601892210766,0.0723
96,1,0.0,0.0
97,1,834.2746457363263,0.1378
98,1,0.0,0.0
99,1,250.62324558641762,0.076
100,1,1830.8785883192284,0.3067
101,1,0.0,0.0
102,1,1169.6957523216377,0.2
103,1,1439.4193065023396,0.2432
104,1,1678.6479212804918,0.2857
105,1,0.0,0.0
106,1,0.0,0.0
107,1,0.0,0.0
108,1,635.7096942030979,0.1554
109,1,574.1104648349307,0.1806
110,1,0.0,0.0
111,1,650.223139116426,0.2172
112,1,1418.205265821752,0.2407
113,1,2037.5133628606925,0.3457
114,1,554.6092153250697,0.1731
115,1,536.3336964025859,0.1743
116,1,1048.7218838213726,0.1785
117,1,1568.4245830059913,0.2621
118,1,608.138251782779,0.1865
119,1,500.55607937336583,0.1571
120,1,1090.591293987779,0.189
121,1,1569.9634968972657,0.2609
122,1,1170.2343277432874,0.1953
123,1,1061.1879512079975,0.1827
124,1,1138.6604912438227,0.1911
125,1,1549.5083644868312,0.2663
126,1,1214.1516523566006,0.2042
127,1,2034.3194681382147,0.3525
128,1,906.2663052347903,0.3046
129,1,830.7334456907815,0.2651
130,1,1243.4304936307399,0.2126
131,1,1466.522588025382,0.2462
132,1,1200.8711314600678,0.2008
133,1,0.0,0.0
134,1,817.0058709141053,0.2613
135,1,1206.0651378154207,0.3878
136,1,595.193177685988,0.189
137,1,340.62926897413007,0.0836
138,1,0.0,0.0
139,1,0.0,0.0
140,1,0.0,0.0
141,1,0.0,0.0
142,1,0.0,0.0
143,1,0.0,0.0
144,1,0.0,0.0
145,1,0.0,0.0
146,1,0.0,0.0
147,1,0.0,0.0
148,1,0.0,0.0
149,1,0.0,0.0
150,1,0.0,0.0
151,1,0.0,0.0
152,1,840.0307362537515,0.2042
153,1,330.7390174106627,0.0853
154,1,0.0,0.0
155,1,0.0,0.0
156,1,0.0,0.0
157,1,0.0,0.0
158,1,0.0,0.0
159,1,0.0,0.0
160,1,0.0,0.0
161,1,0.0,0.0
162,1,0.0,0.0
163,1,0.0,0.0
164,1,0.0,0.0
165,1,0.0,0.0
166,1,0.0,0.0
167,1,0.0,0.0
168,1,0.0,0.0
169,1,2801.006542924721,0.4726
170,1,2042.455189813162,0.3487
171,1,1792.3622950071017,0.3075
172,1,0.0,0.0
173,1,1468.0744428250364,0.2491
174,1,979.6633618159796,0.247
175,1,1243.832646717641,0.2054
176,1,764.5173976841842,0.1323
177,1,2496.9472895390977,0.4348
178,1,980.5889210165874,0.1655
179,1,0.0,0.0
180,1,0.0,0.0
181,1,0.0,0.0
182,1,1756.3112989192657,0.3016
183,1,0.0,0.0
184,1,0.0,0.0
185,1,1574.2886240877137,0.2655
186,1,0.0,0.0
187,1,0.0,0.0
188,1,6197.43583605733,1.4619
189,1,5858.875850192886,1.3477
190,1,20028.436780780215,4.2934
191,1,3405.5743917208583,0.8028
192,1,981.2953461975186,0.2474
193,1,793.0135009259951,0.1911
194,1,579.4922149210151,0.1428
195,1,1779.8542049683483,0.4289
196,1,319.86877998254243,0.084
197,1,665.2962053973265,0.113
198,1,1148.655059041772,0.2781
199,1,1973.9283624370364,0.4709
200,1,2365.2444984859894,0.5739
201,1,1116.245187794589,0.2634
202,1,381.8375565116767,0.0962
203,1,2572.596686488523,0.6054
204,1,2037.2291134435714,0.4848
205,1,2485.9540102296614,0.576
206,1,1663.398770721278,0.4096
207,1,2053.7143444758176,0.5012
208,1,3004.759555735215,0.6965
209,1,808.1741557925253,0.1983
210,1,1776.9297867288187,0.4289
211,1,450.18893526545145,0.1495
212,1,858.7507530971735,0.3025
213,1,1042.0460782624746,0.1727
214,1,378.5708233442967,0.1315
215,1,471.17406304993915,0.1613
216,1,412.5231178615256,0.1445
217,1,884.2796179560958,0.213
218,1,268.5424312974544,0.0878
219,1,355.47918233162915,0.1143
220,1,658.0253475638133,0.2159
221,1,259.08063209708723,0.1425
222,1,230.03887394317906,0.132
223,1,3204.234683637037,0.5512
224,1,5672.07981400375,0.978
225,1,3033.4364924974875,0.505
226,1,1623.9240771695363,0.2781
227,1,1011.2526184368145,0.1722
228,1,3018.315965180453,0.5083
229,1,2839.7517321682017,0.4856
230,1,3485.066724403345,0.6121
231,1,2525.4525739749765,0.423
232,1,2538.703288900547,0.4361
233,1,1729.0605534290748,0.2983
234,1,5444.054139491088,0.9171
235,1,1929.1408823157049,0.3285
236,1,1644.598505977256,0.276
237,1,795.7039331566547,0.1336
238,1,3324.5278707290145,0.5634
239,1,509.11926329289196,0.129
240,1,1613.070337075222,0.2722
241,1,823.1632265389253,0.1416
242,1,1797.783037560285,0.3046
243,1,1371.1571063582935,0.2298
244,1,4026.548771424623,0.9398
245,1,2700.63446897192,0.6327
246,1,4034.8898932164793,0.9906
247,1,5171.732622958173,1.204
248,1,2649.781163598397,0.6087
249,1,3636.827923075737,0.862
250,1,3814.261716262287,0.9217
251,1,3843.8619564096157,0.8831
252,1,7648.7214173260045,1.7543
253,1,431.356378490509,0.1105
254,1,414.1172718020204,0.1353
255,1,931.4749230355836,0.1575
256,1,1079.4533768369495,0.1832
257,1,631.376652720638,0.1084
258,1,0.0,0.0
259,1,0.0,0.0
260,1,267.9924412398208,0.0895
261,1,0.0,0.0
262,1,1152.025167378747,0.1937
263,1,368.5191305632573,0.0933
264,1,5484.195380403032,1.2569
265,1,1956.1009847819855,0.476
266,1,6252.795353017301,1.4821
267,1,5105.477968943337,1.2044
268,1,7522.989720686254,1.7497
269,1,1897.0467460236862,0.4646
270,1,3139.7584646133546,0.7335
271,1,0.0,0.0
272,1,391.6438271043256,0.1386
273,1,516.2132671345333,0.176
274,1,284.0652097580385,0.0987
275,1,0.0,0.0
276,1,331.1261288393147,0.1109
277,1,356.7882874662707,0.1189
278,1,317.88989863062756,0.1076
279,1,240.44668287819755,0.1416
280,1,0.0,0.0
281,1,0.0,0.0
282,1,0.0,0.0
283,1,610.1274399808054,0.2
284,1,360.49089728306,0.0882
285,1,1395.430995687469,0.2315
286,1,1885.4034604227186,0.313
287,1,0.0,0.0
288,1,0.0,0.0
289,1,2396.8542344276043,0.4176
290,1,0.0,0.0
291,1,644.2520027400088,0.4003
292,1,1408.2135931943462,0.2344
293,1,2140.883474976194,0.3718
294,1,1506.6783177217783,0.2533
295,1,1038.941607483093,0.1764
296,1,1702.5718783656857,0.2848
297,1,0.0,0.0
298,1,941.9599231112454,0.1559
299,1,1686.8547483805005,0.3999
300,1,1410.2285518529548,0.2466
301,1,0.0,0.0
302,1,1469.2525264843155,0.25
303,1,1567.2456824779808,0.2655
304,1,1449.4392411608599,0.2428
305,1,1637.5779405108785,0.2777
306,1,1220.0297166052455,0.2079
307,1,2192.6651753063134,0.3693
308,1,0.0,0.0
309,1,1382.6051766239011,0.2369
310,1,0.0,0.0
311,1,0.0,0.0
312,1,0.0,0.0
313,1,0.0,0.0
314,1,0.0,0.0
315,1,941.3183226246913,0.2269
316,1,0.0,0.0
317,1,0.0,0.0
318,1,0.0,0.0
319,1,1213.6056049947276,0.2844
320,1,0.0,0.0
321,1,0.0,0.0
322,1,562.8532126877251,0.1378
323,1,1125.2170535797636,0.2613
324,1,1062.1804885753338,0.2609
325,1,0.0,0.0
326,1,0.0,0.0
327,1,0.0,0.0
328,1,752.2107757881643,0.2739
329,1,888.7587650894162,0.3365
330,1,0.0,0.0
331,1,757.9883034229024,0.2844
332,1,671.7668882805928,0.1609
333,1,2278.654631327612,0.8175
334,1,621.184197374296,0.2403
335,1,2164.276102452711,0.5129
336,1,919.8330291637863,0.2684
337,1,666.0050936899261,0.2483
338,1,1110.2881281619086,0.2638
339,1,913.803791793792,0.3424
340,1,765.9797125270749,0.2831
341,1,1058.3366596023,0.3966
342,1,660.954455221831,0.1575
343,1,535.1309220090309,0.2184
344,1,796.0977558873308,0.2958
345,1,593.0670185897714,0.2197
346,1,792.8017914841889,0.2962
347,1,927.607266138743,0.4058
348,1,0.0,0.0
349,1,1210.7558557474083,0.4856
350,1,0.0,0.0
351,1,0.0,0.0
352,1,892.3965091664945,0.2214
353,1,0.0,0.0
354,1,1333.1001037132305,0.3226
355,1,1725.2955882167812,0.4125
356,1,0.0,0.0
357,1,410.78876352359975,0.1042
358,1,597.8552789189877,0.1781
359,1,0.0,0.0
360,1,0.0,0.0
361,1,908.1504296591676,0.2659
362,1,814.3594139853625,0.255
363,1,1219.8433240969732,0.3781
364,1,0.0,0.0
365,1,1312.6357847847826,0.3105
366,1,699.5689899423529,0.2109
367,1,746.974005562295,0.2239
368,1,0.0,0.0
369,1,0.0,0.0
370,1,0.0,0.0
371,1,634.1775430309009,0.2508
372,1,643.2752746121613,0.2416
373,1,829.8123231683159,0.3256
374,1,955.1223137107281,0.3722
375,1,479.2685887064089,0.1239
376,1,0.0,0.0
377,1,664.2080926647567,0.1643
378,1,0.0,0.0
379,1,0.0,0.0
380,1,0.0,0.0
381,1,0.0,0.0
382,1,0.0,0.0
383,1,0.0,0.0
384,1,0.0,0.0
385,1,0.0,0.0
386,1,0.0,0.0
387,1,914.349046508941,0.2789
388,1,0.0,0.0
389,1,0.0,0.0
390,1,0.0,0.0
391,1,0.0,0.0
392,1,1379.1781558838604,0.2302
393,1,708.7615587695075,0.1739
394,1,0.0,0.0
395,1,0.0,0.0
396,1,0.0,0.0
397,1,336.8238437715014,0.0891
398,1,0.0,0.0
399,1,0.0,0.0
400,1,533.6661446431842,0.1344
401,1,0.0,0.0
402,1,0.0,0.0
403,1,0.0,0.0
404,1,702.1926678112687,0.2966
405,1,611.9452257911086,0.2735
406,1,691.9457613479559,0.1689
407,1,1124.7257064709759,0.2781
408,1,938.0776615149426,0.2231
409,1,0.0,0.0
410,1,409.59821927089644,0.1038
411,1,0.0,0.0
412,1,0.0,0.0
413,1,853.1639558110118,0.2613
414,1,980.9851039507304,0.2344
415,1,817.5762200308401,0.197
416,1,1073.598071805394,0.2655
417,1,0.0,0.0
418,1,0.0,0.0
419,1,0.0,0.0
420,1,0.0,0.0
421,1,0.0,0.0
422,1,0.0,0.0
423,1,614.2690277026115,0.2663
424,1,0.0,0.0
425,1,0.0,0.0
426,1,0.0,0.0
427,1,657.392360815782,0.2844
428,1,684.1172910098551,0.2958
429,1,0.0,0.0
430,1,0.0,0.0
431,1,0.0,0.0
432,1,0.0,0.0
433,1,973.2646473159849,0.2348
434,1,0.0,0.0
435,1,0.0,0.0
436,1,0.0,0.0
437,1,0.0,0.0
438,1,1180.7240225019646,0.2802
439,1,0.0,0.0
440,1,0.0,0.0
441,1,618.0036565514521,0.1512
442,1,398.2315086388538,0.0954
443,1,802.8622470754852,0.3071
444,1,536.7482880333913,0.1332
445,1,1712.8307153014214,0.4079
446,1,726.8580247273018,0.184
447,1,746.4126723266922,0.1853
448,1,393.1840141681981,0.1495
449,1,499.250323265463,0.1916
450,1,1551.6790644984444,0.3625
451,1,4322.845322212064,1.0406
452,1,1373.4669129123665,0.3285
453,1,1401.8754210041116,0.3285
454,1,1598.2608804723143,0.3856
455,1,1063.9708732743652,0.2462
456,1,755.4935235927952,0.3281
457,1,0.0,0.0
458,1,983.2341715807704,0.4235
459,1,0.0,0.0
460,1,0.0,0.0
461,1,824.6029281934385,0.3625
462,1,430.96649344454426,0.3638
463,1,0.0,0.0
464,1,873.0254209556742,0.3995
465,1,0.0,0.0
466,1,1528.7802707563933,0.6545
467,1,0.0,0.0
468,1,802.2004660811328,0.331
469,1,0.0,0.0
470,1,0.0,0.0
471,1,552.2248297091174,0.2374
472,1,0.0,0.0
473,1,0.0,0.0
474,1,0.0,0.0
475,1,0.0,0.0
476,1,0.0,0.0
477,1,696.9407046229459,0.1676
478,1,587.229611833906,0.2483
479,1,822.2979548830992,0.2424
480,1,451.88660261210015,0.1109
481,1,980.0919311627051,0.2344
482,1,769.8077652499624,0.2248
483,1,1600.1467838582248,0.484
484,1,371.27499399694494,0.1613
485,1,755.7152438074696,0.1899
486,1,636.3510286603022,0.1554
487,1,1439.7050923860293,0.2403
488,1,805.9661071214455,0.2037
489,1,907.5809629738302,0.1533
490,1,436.77663396851625,0.1096
491,1,896.0094499070949,0.2142
492,1,0.0,0.0
493,1,2768.424741778857,0.6507
494,1,953.9114278186784,0.2302
495,1,1727.698929389442,0.4138
496,1,520.6575309896338,0.2016
497,1,472.88910637116965,0.1155
498,1,720.2481506376196,0.1697
499,1,335.23319144078954,0.0865
500,1,822.8748895020119,0.197
501,1,589.9622749997291,0.1495
502,1,618.9847377173221,0.1571
503,1,887.3786629628761,0.2109
504,1,746.5467931405644,0.184
505,1,756.6454967426827,0.1924
506,1,842.9010924406227,0.1991
507,1,970.0016695727702,0.2445
508,1,0.0,0.0
509,1,324.0019686379002,0.0828
510,1,0.0,0.0
511,1,723.7770794887763,0.1722
512,1,0.0,0.0
513,1,0.0,0.0
514,1,758.7187810394156,0.1823
515,1,648.360977283582,0.1546
516,1,731.946611775775,0.1836
517,1,579.6369745926995,0.1441
518,1,344.5355552462116,0.092
519,1,0.0,0.0
520,1,879.3376356543765,0.2176
521,1,0.0,0.0
522,1,0.0,0.0
523,1,0.0,0.0
524,1,0.0,0.0
525,1,0.0,0.0
526,1,0.0,0.0
527,1,0.0,0.0
528,1,0.0,0.0
529,1,1345.7944554483431,0.3239
530,1,476.6036938440075,0.2012
531,1,632.5137395943763,0.2491
532,1,820.0409802330166,0.3029
533,1,0.0,0.0
534,1,423.00262988041464,0.1096
535,1,0.0,0.0
536,1,0.0,0.0
537,1,521.014226490307,0.1361
538,1,0.0,0.0
539,1,0.0,0.0
540,1,0.0,0.0
541,1,962.9981076934112,0.2382
542,1,0.0,0.0
543,1,0.0,0.0
544,1,0.0,0.0
545,1,0.0,0.0
546,1,0.0,0.0
547,1,0.0,0.0
548,1,485.65476625116105,0.142
549,1,1279.271622048427,0.3739
550,1,594.506492315636,0.1806
551,1,0.0,0.0
552,1,801.1651650929491,0.1886
553,1,0.0,0.0
554,1,874.9801790846695,0.2726
555,1,0.0,0.0
556,1,904.8128224774268,0.2142
557,1,1178.4710296486512,0.2021
558,1,824.909940101951,0.2395
559,1,547.4338453086875,0.1357
560,1,710.4126562615783,0.2168
561,1,645.2766172038301,0.1647
562,1,0.0,0.0
563,1,629.6274406465521,0.192
564,1,0.0,0.0
565,1,0.0,0.0
566,1,0.0,0.0
567,1,0.0,0.0
568,1,0.0,0.0
569,1,940.9081693195915,0.3487
570,1,0.0,0.0
571,1,0.0,0.0
572,1,1761.531090287011,0.2924
573,1,0.0,0.0
574,1,0.0,0.0
575,1,0.0,0.0
576,1,1127.7208500496338,0.2735
577,1,0.0,0.0
578,1,687.67839265318,0.176
579,1,0.0,0.0
580,1,0.0,0.0
581,1,641.6756085853076,0.1588
582,1,0.0,0.0
583,1,0.0,0.0
584,1,1036.5178917497599,0.2525
585,1,867.381722669057,0.3268
586,1,0.0,0.0
587,1,0.0,0.0
588,1,1059.452676934156,0.1811
589,1,851.1097885374847,0.1454
590,1,1415.9140074354852,0.2357
591,1,0.0,0.0
592,1,685.4970189727512,0.1655
593,1,0.0,0.0
594,1,3282.625705491541,0.5579
595,1,684.3679084563518,0.1164
596,1,887.7179984209085,0.1508
597,1,0.0,0.0
598,1,0.0,0.0
599,1,0.0,0.0
600,1,0.0,0.0
601,1,818.2110280565377,0.1386
602,1,0.0,0.0
603,1,0.0,0.0
604,1,0.0,0.0
605,1,1281.6963429452483,0.2189
606,1,0.0,0.0
607,1,0.0,0.0
608,1,0.0,0.0
609,1,0.0,0.0
610,1,0.0,0.0
611,1,0.0,0.0
612,1,0.0,0.0
613,1,0.0,0.0
614,1,0.0,0.0
615,1,0.0,0.0
616,1,874.4411875882178,0.2117
617,1,0.0,0.0
618,1,0.0,0.0
619,1,884.1320367394804,0.2189
620,1,890.8807331033989,0.234
621,1,0.0,0.0
622,1,0.0,0.0
623,1,542.3840372648718,0.1306
624,1,553.9430435473805,0.1348
625,1,0.0,0.0
626,1,0.0,0.0
627,1,0.0,0.0
628,1,0.0,0.0
629,1,0.0,0.0
630,1,938.9317357306554,0.229
631,1,794.9001305734656,0.1344
632,1,0.0,0.0
633,1,0.0,0.0
634,1,0.0,0.0
635,1,0.0,0.0
636,1,0.0,0.0
637,1,674.4058893371566,0.1126
638,1,0.0,0.0
639,1,0.0,0.0
640,1,0.0,0.0
641,1,0.0,0.0
642,1,1229.6831965146316,0.2067
643,1,571.9759894787746,0.0987
644,1,1286.949787354375,0.2163
645,1,479.68480866472186,0.0819
646,1,1007.304526521009,0.1701
647,1,0.0,0.0
648,1,0.0,0.0
649,1,0.0,0.0
650,1,0.0,0.0
651,1,675.9071338585306,0.1159
652,1,673.7833906802708,0.1155
653,1,824.7275989750517,0.1357
654,1,764.420306760124,0.1323
655,1,0.0,0.0
656,1,0.0,0.0
657,1,329.23117361771006,0.0836
658,1,0.0,0.0
659,1,0.0,0.0
660,1,439.34375975950695,0.1092
661,1,0.0,0.0
662,1,0.0,0.0
663,1,0.0,0.0
664,1,0.0,0.0
665,1,0.0,0.0
666,1,0.0,0.0
667,1,0.0,0.0
668,1,0.0,0.0
669,1,361.4622345622595,0.0916
670,1,0.0,0.0
671,1,0.0,0.0
672,1,0.0,0.0
673,1,0.0,0.0
674,1,0.0,0.0
675,1,0.0,0.0
676,1,1384.0589580592998,0.2319
677,1,1138.4399068943912,0.2684
678,1,0.0,0.0
679,1,0.0,0.0
680,1,0.0,0.0
681,1,0.0,0.0
682,1,826.871014494247,0.1987
683,1,488.356601675909,0.1206
684,1,589.7339329835045,0.0992
685,1,757.9234804621558,0.1285
686,1,0.0,0.0
687,1,467.0286103220386,0.0781
688,1,0.0,0.0
689,1,0.0,0.0
690,1,0.0,0.0
691,1,460.86546158398056,0.0756
692,1,622.2081262206243,0.1592
693,1,519.8810672629094,0.0865
694,1,0.0,0.0
695,1,0.0,0.0
696,1,1096.0885314037066,0.1861
697,1,0.0,0.0
698,1,0.0,0.0
699,1,0.0,0.0
700,1,1240.4391299338015,0.2092
701,1,1384.4781526320905,0.2302
702,1,0.0,0.0
703,1,2121.4578520881555,0.3621
704,1,0.0,0.0
705,1,0.0,0.0
706,1,0.0,0.0
707,1,0.0,0.0
708,1,546.7663865189115,0.1344
709,1,937.0283533696858,0.2294
710,1,1928.6109741229889,0.4625
711,1,0.0,0.0
712,1,1619.900652646181,0.2781
713,1,1939.9236630375588,0.3285
714,1,2966.9716616022506,0.5087
715,1,4257.8861748635,0.739
716,1,3398.4259407369277,0.5844
717,1,1843.5709107924447,0.313
718,1,3412.545476178129,0.6003
719,1,4586.492022501427,0.7852
720,1,3443.0019357044835,0.5919
721,1,1577.7682239334508,0.2651
722,1,0.0,0.0
723,1,1183.2948925975882,0.2037
724,1,751.2258084081047,0.1302
725,1,704.3743132548884,0.1197
726,1,0.0,0.0
727,1,0.0,0.0
728,1,0.0,0.0
729,1,0.0,0.0
730,1,0.0,0.0
731,1,1456.2617121630124,0.2449
732,1,0.0,0.0
733,1,0.0,0.0
734,1,588.1658824524285,0.0966
735,1,1037.8064223132455,0.1764
736,1,836.4658598213982,0.2067
737,1,0.0,0.0
738,1,0.0,0.0
739,1,0.0,0.0
740,1,852.8429344935181,0.1445
741,1,936.8945983962127,0.1605
742,1,0.0,0.0
743,1,0.0,0.0
744,1,0.0,0.0
745,1,0.0,0.0
746,1,0.0,0.0
747,1,2026.705957804469,0.3453
748,1,965.52622136024,0.1605
749,1,0.0,0.0
750,1,0.0,0.0
751,1,0.0,0.0
752,1,0.0,0.0
753,1,0.0,0.0
754,1,569.7660734796649,0.0958
755,1,822.3594367034299,0.1403
756,1,823.599710623277,0.1411
757,1,0.0,0.0
758,1,0.0,0.0
759,1,0.0,0.0
760,1,2521.14323609567,0.4365
761,1,0.0,0.0
762,1,0.0,0.0
763,1,0.0,0.0
764,1,0.0,0.0
765,1,943.1693200697093,0.1617
766,1,534.2321123680908,0.0895
767,1,806.9315061601009,0.1365
768,1,722.1979491077755,0.1227
769,1,549.0691074421794,0.0928
770,1,839.6990354234885,0.1416
771,1,1019.1067516799882,0.1706
772,1,503.39893883892205,0.0849
773,1,718.2851915365153,0.121
774,1,0.0,0.0
775,1,659.9399528151985,0.1962
776,1,0.0,0.0
777,1,825.7503638992545,0.1395
778,1,467.5998990956167,0.079
779,1,669.4966510668415,0.1117
780,1,973.5462798762178,0.158
