Voll,Demand_Segment,Cost_of_Demand_Curtailment_per_MW,Max_Demand_Curtailment,$/MWh,Rep_Periods,Timesteps_per_Rep_Period,Sub_Weights,corresponding_week,r_id,month,day,hour,date,demand_z1,demand_z2,demand_z3,demand_z4,demand_z5
2000,1,1,1,2000,8,168,2022,24,1,6,11,1,2023-06-10T23:40:00+08:00,788,866,418,1380,281
,2,0.9,0.04,1800,,,505,3,2,6,11,2,2023-06-11T00:40:00+08:00,755,830,401,1323,270
,3,0.55,0.024,1100,,,168,4,3,6,11,3,2023-06-11T01:40:00+08:00,730,802,386,1277,261
,4,0.2,0.003,400,,,2527,45,4,6,11,4,2023-06-11T02:40:00+08:00,701,770,371,1228,250
,,,,,,,1516,8,5,6,11,5,2023-06-11T03:40:00+08:00,680,747,360,1190,243
,,,,,,,842,46,6,6,11,6,2023-06-11T04:40:00+08:00,661,725,350,1156,236
,,,,,,,337,39,7,6,11,7,2023-06-11T05:40:00+08:00,653,717,346,1143,233
,,,,,,,843,5,8,6,11,8,2023-06-11T06:40:00+08:00,647,712,342,1134,231
,,,,,,,,,9,6,11,9,2023-06-11T07:40:00+08:00,597,656,316,1046,213
,,,,,,,,,10,6,11,10,2023-06-11T08:40:00+08:00,612,673,324,1073,219
,,,,,,,,,11,6,11,11,2023-06-11T09:40:00+08:00,638,700,337,1116,227
,,,,,,,,,12,6,11,12,2023-06-11T10:40:00+08:00,664,729,351,1162,237
,,,,,,,,,13,6,11,13,2023-06-11T11:40:00+08:00,675,741,357,1182,240
,,,,,,,,,14,6,11,14,2023-06-11T12:40:00+08:00,675,740,357,1180,240
,,,,,,,,,15,6,11,15,2023-06-11T13:40:00+08:00,695,764,368,1216,248
,,,,,,,,,16,6,11,16,2023-06-11T14:40:00+08:00,709,778,375,1240,253
,,,,,,,,,17,6,11,17,2023-06-11T15:40:00+08:00,732,804,387,1281,262
,,,,,,,,,18,6,11,18,2023-06-11T16:40:00+08:00,741,812,392,1296,264
,,,,,,,,,19,6,11,19,2023-06-11T17:40:00+08:00,718,789,381,1258,257
,,,,,,,,,20,6,11,20,2023-06-11T18:40:00+08:00,720,791,382,1262,257
,,,,,,,,,21,6,11,21,2023-06-11T19:40:00+08:00,795,873,421,1392,283
,,,,,,,,,22,6,11,22,2023-06-11T20:40:00+08:00,817,897,432,1430,292
,,,,,,,,,23,6,11,23,2023-06-11T21:40:00+08:00,817,897,432,1431,292
,,,,,,,,,24,6,11,24,2023-06-11T22:40:00+08:00,804,884,426,1408,287
,,,,,,,,,25,6,12,1,2023-06-11T23:40:00+08:00,777,854,411,1360,277
,,,,,,,,,26,6,12,2,2023-06-12T00:40:00+08:00,738,810,391,1293,264
,,,,,,,,,27,6,12,3,2023-06-12T01:40:00+08:00,703,772,372,1232,251
,,,,,,,,,28,6,12,4,2023-06-12T02:40:00+08:00,679,746,359,1188,243
,,,,,,,,,29,6,12,5,2023-06-12T03:40:00+08:00,656,721,348,1149,234
,,,,,,,,,30,6,12,6,2023-06-12T04:40:00+08:00,639,701,338,1118,228
,,,,,,,,,31,6,12,7,2023-06-12T05:40:00+08:00,642,705,340,1125,230
,,,,,,,,,32,6,12,8,2023-06-12T06:40:00+08:00,656,721,348,1149,234
,,,,,,,,,33,6,12,9,2023-06-12T07:40:00+08:00,656,721,348,1149,234
,,,,,,,,,34,6,12,10,2023-06-12T08:40:00+08:00,748,821,396,1310,267
,,,,,,,,,35,6,12,11,2023-06-12T09:40:00+08:00,798,876,423,1397,284
,,,,,,,,,36,6,12,12,2023-06-12T10:40:00+08:00,825,906,437,1445,295
,,,,,,,,,37,6,12,13,2023-06-12T11:40:00+08:00,834,917,442,1461,298
,,,,,,,,,38,6,12,14,2023-06-12T12:40:00+08:00,818,898,433,1432,292
,,,,,,,,,39,6,12,15,2023-06-12T13:40:00+08:00,848,931,449,1485,302
,,,,,,,,,40,6,12,16,2023-06-12T14:40:00+08:00,873,959,462,1529,312
,,,,,,,,,41,6,12,17,2023-06-12T15:40:00+08:00,888,976,470,1555,317
,,,,,,,,,42,6,12,18,2023-06-12T16:40:00+08:00,891,979,471,1561,318
,,,,,,,,,43,6,12,19,2023-06-12T17:40:00+08:00,843,926,446,1477,301
,,,,,,,,,44,6,12,20,2023-06-12T18:40:00+08:00,814,894,431,1426,290
,,,,,,,,,45,6,12,21,2023-06-12T19:40:00+08:00,870,956,461,1525,311
,,,,,,,,,46,6,12,22,2023-06-12T20:40:00+08:00,883,970,467,1547,315
,,,,,,,,,47,6,12,23,2023-06-12T21:40:00+08:00,872,958,462,1527,312
,,,,,,,,,48,6,12,24,2023-06-12T22:40:00+08:00,850,933,450,1489,303
,,,,,,,,,49,6,13,1,2023-06-12T23:40:00+08:00,815,894,431,1426,290
,,,,,,,,,50,6,13,2,2023-06-13T00:40:00+08:00,769,845,407,1347,275
,,,,,,,,,51,6,13,3,2023-06-13T01:40:00+08:00,741,813,392,1297,264
,,,,,,,,,52,6,13,4,2023-06-13T02:40:00+08:00,714,785,378,1250,255
,,,,,,,,,53,6,13,5,2023-06-13T03:40:00+08:00,691,759,366,1210,246
,,,,,,,,,54,6,13,6,2023-06-13T04:40:00+08:00,676,741,357,1183,242
,,,,,,,,,55,6,13,7,2023-06-13T05:40:00+08:00,674,740,357,1180,240
,,,,,,,,,56,6,13,8,2023-06-13T06:40:00+08:00,689,756,365,1206,245
,,,,,,,,,57,6,13,9,2023-06-13T07:40:00+08:00,679,746,359,1189,243
,,,,,,,,,58,6,13,10,2023-06-13T08:40:00+08:00,764,839,404,1337,273
,,,,,,,,,59,6,13,11,2023-06-13T09:40:00+08:00,812,891,429,1421,289
,,,,,,,,,60,6,13,12,2023-06-13T10:40:00+08:00,845,927,447,1479,301
,,,,,,,,,61,6,13,13,2023-06-13T11:40:00+08:00,858,942,455,1503,306
,,,,,,,,,62,6,13,14,2023-06-13T12:40:00+08:00,840,923,445,1470,300
,,,,,,,,,63,6,13,15,2023-06-13T13:40:00+08:00,865,950,458,1515,309
,,,,,,,,,64,6,13,16,2023-06-13T14:40:00+08:00,893,981,472,1564,319
,,,,,,,,,65,6,13,17,2023-06-13T15:40:00+08:00,908,997,481,1590,324
,,,,,,,,,66,6,13,18,2023-06-13T16:40:00+08:00,910,1000,482,1595,325
,,,,,,,,,67,6,13,19,2023-06-13T17:40:00+08:00,859,943,455,1504,307
,,,,,,,,,68,6,13,20,2023-06-13T18:40:00+08:00,825,906,437,1444,295
,,,,,,,,,69,6,13,21,2023-06-13T19:40:00+08:00,886,974,469,1552,317
,,,,,,,,,70,6,13,22,2023-06-13T20:40:00+08:00,902,990,478,1578,322
,,,,,,,,,71,6,13,23,2023-06-13T21:40:00+08:00,887,975,469,1554,317
,,,,,,,,,72,6,13,24,2023-06-13T22:40:00+08:00,868,954,460,1519,309
,,,,,,,,,73,6,14,1,2023-06-13T23:40:00+08:00,833,914,441,1458,298
,,,,,,,,,74,6,14,2,2023-06-14T00:40:00+08:00,786,863,416,1377,281
,,,,,,,,,75,6,14,3,2023-06-14T01:40:00+08:00,752,826,398,1318,269
,,,,,,,,,76,6,14,4,2023-06-14T02:40:00+08:00,732,804,388,1282,262
,,,,,,,,,77,6,14,5,2023-06-14T03:40:00+08:00,700,769,371,1226,250
,,,,,,,,,78,6,14,6,2023-06-14T04:40:00+08:00,678,746,359,1188,243
,,,,,,,,,79,6,14,7,2023-06-14T05:40:00+08:00,676,742,358,1184,242
,,,,,,,,,80,6,14,8,2023-06-14T06:40:00+08:00,684,751,363,1198,244
,,,,,,,,,81,6,14,9,2023-06-14T07:40:00+08:00,676,742,357,1183,242
,,,,,,,,,82,6,14,10,2023-06-14T08:40:00+08:00,746,820,395,1307,267
,,,,,,,,,83,6,14,11,2023-06-14T09:40:00+08:00,799,877,423,1398,286
,,,,,,,,,84,6,14,12,2023-06-14T10:40:00+08:00,821,902,434,1438,293
,,,,,,,,,85,6,14,13,2023-06-14T11:40:00+08:00,831,913,440,1455,296
,,,,,,,,,86,6,14,14,2023-06-14T12:40:00+08:00,814,894,431,1426,290
,,,,,,,,,87,6,14,15,2023-06-14T13:40:00+08:00,848,930,448,1483,302
,,,,,,,,,88,6,14,16,2023-06-14T14:40:00+08:00,867,953,459,1518,309
,,,,,,,,,89,6,14,17,2023-06-14T15:40:00+08:00,885,972,468,1550,317
,,,,,,,,,90,6,14,18,2023-06-14T16:40:00+08:00,891,979,471,1561,318
,,,,,,,,,91,6,14,19,2023-06-14T17:40:00+08:00,845,928,447,1480,302
,,,,,,,,,92,6,14,20,2023-06-14T18:40:00+08:00,823,905,437,1442,294
,,,,,,,,,93,6,14,21,2023-06-14T19:40:00+08:00,877,963,464,1536,313
,,,,,,,,,94,6,14,22,2023-06-14T20:40:00+08:00,889,977,470,1558,318
,,,,,,,,,95,6,14,23,2023-06-14T21:40:00+08:00,872,957,462,1526,312
,,,,,,,,,96,6,14,24,2023-06-14T22:40:00+08:00,850,933,450,1488,303
,,,,,,,,,97,6,15,1,2023-06-14T23:40:00+08:00,810,889,428,1418,289
,,,,,,,,,98,6,15,2,2023-06-15T00:40:00+08:00,768,843,407,1345,274
,,,,,,,,,99,6,15,3,2023-06-15T01:40:00+08:00,735,808,390,1288,263
,,,,,,,,,100,6,15,4,2023-06-15T02:40:00+08:00,709,777,375,1240,252
,,,,,,,,,101,6,15,5,2023-06-15T03:40:00+08:00,689,756,365,1207,246
,,,,,,,,,102,6,15,6,2023-06-15T04:40:00+08:00,672,738,355,1176,240
,,,,,,,,,103,6,15,7,2023-06-15T05:40:00+08:00,672,738,355,1176,240
,,,,,,,,,104,6,15,8,2023-06-15T06:40:00+08:00,684,752,363,1198,244
,,,,,,,,,105,6,15,9,2023-06-15T07:40:00+08:00,676,742,358,1185,242
,,,,,,,,,106,6,15,10,2023-06-15T08:40:00+08:00,755,829,400,1322,270
,,,,,,,,,107,6,15,11,2023-06-15T09:40:00+08:00,798,876,423,1397,284
,,,,,,,,,108,6,15,12,2023-06-15T10:40:00+08:00,833,914,441,1458,298
,,,,,,,,,109,6,15,13,2023-06-15T11:40:00+08:00,846,929,448,1481,302
,,,,,,,,,110,6,15,14,2023-06-15T12:40:00+08:00,829,910,439,1451,296
,,,,,,,,,111,6,15,15,2023-06-15T13:40:00+08:00,862,946,457,1509,308
,,,,,,,,,112,6,15,16,2023-06-15T14:40:00+08:00,893,981,472,1564,319
,,,,,,,,,113,6,15,17,2023-06-15T15:40:00+08:00,910,999,482,1594,325
,,,,,,,,,114,6,15,18,2023-06-15T16:40:00+08:00,911,1000,482,1595,325
,,,,,,,,,115,6,15,19,2023-06-15T17:40:00+08:00,857,942,455,1502,306
,,,,,,,,,116,6,15,20,2023-06-15T18:40:00+08:00,831,912,440,1455,296
,,,,,,,,,117,6,15,21,2023-06-15T19:40:00+08:00,888,975,470,1554,317
,,,,,,,,,118,6,15,22,2023-06-15T20:40:00+08:00,899,987,476,1573,320
,,,,,,,,,119,6,15,23,2023-06-15T21:40:00+08:00,877,964,465,1537,313
,,,,,,,,,120,6,15,24,2023-06-15T22:40:00+08:00,865,949,458,1514,308
,,,,,,,,,121,6,16,1,2023-06-15T23:40:00+08:00,830,911,440,1453,296
,,,,,,,,,122,6,16,2,2023-06-16T00:40:00+08:00,784,861,415,1374,280
,,,,,,,,,123,6,16,3,2023-06-16T01:40:00+08:00,750,824,397,1313,268
,,,,,,,,,124,6,16,4,2023-06-16T02:50:00+08:00,720,791,382,1262,257
,,,,,,,,,125,6,16,5,2023-06-16T03:50:00+08:00,699,769,370,1225,250
,,,,,,,,,126,6,16,6,2023-06-16T04:50:00+08:00,684,751,363,1198,244
,,,,,,,,,127,6,16,7,2023-06-16T05:50:00+08:00,683,750,361,1196,244
,,,,,,,,,128,6,16,8,2023-06-16T06:50:00+08:00,683,750,361,1196,244
,,,,,,,,,129,6,16,9,2023-06-16T07:50:00+08:00,683,750,361,1196,244
,,,,,,,,,130,6,16,10,2023-06-16T08:50:00+08:00,756,830,401,1324,270
,,,,,,,,,131,6,16,11,2023-06-16T09:50:00+08:00,802,881,425,1405,287
,,,,,,,,,132,6,16,12,2023-06-16T10:50:00+08:00,831,912,440,1454,296
,,,,,,,,,133,6,16,13,2023-06-16T11:50:00+08:00,842,925,446,1475,301
,,,,,,,,,134,6,16,14,2023-06-16T12:50:00+08:00,829,910,439,1451,296
,,,,,,,,,135,6,16,15,2023-06-16T13:50:00+08:00,847,929,448,1482,302
,,,,,,,,,136,6,16,16,2023-06-16T14:50:00+08:00,889,977,470,1558,318
,,,,,,,,,137,6,16,17,2023-06-16T15:50:00+08:00,902,991,478,1579,322
,,,,,,,,,138,6,16,18,2023-06-16T16:50:00+08:00,901,990,477,1577,321
,,,,,,,,,139,6,16,19,2023-06-16T17:50:00+08:00,850,933,450,1489,303
,,,,,,,,,140,6,16,20,2023-06-16T18:50:00+08:00,823,904,435,1442,294
,,,,,,,,,141,6,16,21,2023-06-16T19:50:00+08:00,885,972,468,1549,315
,,,,,,,,,142,6,16,22,2023-06-16T20:50:00+08:00,889,977,470,1558,318
,,,,,,,,,143,6,16,23,2023-06-16T21:50:00+08:00,873,959,462,1529,312
,,,,,,,,,144,6,16,24,2023-06-16T22:50:00+08:00,857,942,453,1502,306
,,,,,,,,,145,6,17,1,2023-06-16T23:50:00+08:00,834,915,441,1460,298
,,,,,,,,,146,6,17,2,2023-06-17T00:50:00+08:00,790,869,419,1385,282
,,,,,,,,,147,6,17,3,2023-06-17T01:50:00+08:00,764,839,405,1339,273
,,,,,,,,,148,6,17,4,2023-06-17T02:50:00+08:00,735,807,389,1287,263
,,,,,,,,,149,6,17,5,2023-06-17T03:50:00+08:00,712,782,377,1247,255
,,,,,,,,,150,6,17,6,2023-06-17T04:50:00+08:00,689,756,365,1206,246
,,,,,,,,,151,6,17,7,2023-06-17T05:50:00+08:00,681,748,360,1192,243
,,,,,,,,,152,6,17,8,2023-06-17T06:50:00+08:00,672,738,355,1176,240
,,,,,,,,,153,6,17,9,2023-06-17T07:50:00+08:00,644,707,341,1127,230
,,,,,,,,,154,6,17,10,2023-06-17T08:50:00+08:00,695,764,368,1218,249
,,,,,,,,,155,6,17,11,2023-06-17T09:50:00+08:00,736,809,390,1291,263
,,,,,,,,,156,6,17,12,2023-06-17T10:50:00+08:00,769,844,407,1346,275
,,,,,,,,,157,6,17,13,2023-06-17T11:50:00+08:00,773,850,409,1354,276
,,,,,,,,,158,6,17,14,2023-06-17T12:50:00+08:00,762,837,404,1334,273
,,,,,,,,,159,6,17,15,2023-06-17T13:50:00+08:00,783,860,414,1372,280
,,,,,,,,,160,6,17,16,2023-06-17T14:50:00+08:00,796,874,422,1394,284
,,,,,,,,,161,6,17,17,2023-06-17T15:50:00+08:00,808,888,428,1416,289
,,,,,,,,,162,6,17,18,2023-06-17T16:50:00+08:00,805,885,426,1409,288
,,,,,,,,,163,6,17,19,2023-06-17T17:50:00+08:00,783,859,414,1370,280
,,,,,,,,,164,6,17,20,2023-06-17T18:50:00+08:00,783,859,414,1370,280
,,,,,,,,,165,6,17,21,2023-06-17T19:50:00+08:00,840,923,445,1472,300
,,,,,,,,,166,6,17,22,2023-06-17T20:50:00+08:00,842,925,446,1475,301
,,,,,,,,,167,6,17,23,2023-06-17T21:50:00+08:00,831,912,440,1455,296
,,,,,,,,,168,6,17,24,2023-06-17T22:50:00+08:00,817,897,432,1431,292
,,,,,,,,,169,1,15,1,2023-01-14T23:30:00+08:00,734,806,389,1285,262
,,,,,,,,,170,1,15,2,2023-01-15T00:30:00+08:00,698,767,370,1223,250
,,,,,,,,,171,1,15,3,2023-01-15T01:30:00+08:00,672,737,355,1176,239
,,,,,,,,,172,1,15,4,2023-01-15T02:30:00+08:00,645,709,341,1130,231
,,,,,,,,,173,1,15,5,2023-01-15T03:30:00+08:00,625,687,331,1095,224
,,,,,,,,,174,1,15,6,2023-01-15T04:30:00+08:00,606,665,320,1059,217
,,,,,,,,,175,1,15,7,2023-01-15T05:30:00+08:00,602,661,318,1054,215
,,,,,,,,,176,1,15,8,2023-01-15T06:30:00+08:00,609,669,322,1066,218
,,,,,,,,,177,1,15,9,2023-01-15T07:30:00+08:00,584,640,309,1021,208
,,,,,,,,,178,1,15,10,2023-01-15T08:30:00+08:00,586,644,311,1027,209
,,,,,,,,,179,1,15,11,2023-01-15T09:30:00+08:00,609,669,322,1066,218
,,,,,,,,,180,1,15,12,2023-01-15T10:30:00+08:00,638,700,337,1116,227
,,,,,,,,,181,1,15,13,2023-01-15T11:30:00+08:00,648,712,344,1135,231
,,,,,,,,,182,1,15,14,2023-01-15T12:30:00+08:00,647,712,342,1134,231
,,,,,,,,,183,1,15,15,2023-01-15T13:30:00+08:00,654,718,347,1146,233
,,,,,,,,,184,1,15,16,2023-01-15T14:30:00+08:00,667,733,353,1170,238
,,,,,,,,,185,1,15,17,2023-01-15T15:30:00+08:00,672,737,355,1176,239
,,,,,,,,,186,1,15,18,2023-01-15T16:30:00+08:00,680,747,359,1190,243
,,,,,,,,,187,1,15,19,2023-01-15T17:30:00+08:00,666,732,352,1166,238
,,,,,,,,,188,1,15,20,2023-01-15T18:30:00+08:00,667,733,353,1168,238
,,,,,,,,,189,1,15,21,2023-01-15T19:30:00+08:00,733,806,388,1285,262
,,,,,,,,,190,1,15,22,2023-01-15T20:30:00+08:00,750,823,396,1312,268
,,,,,,,,,191,1,15,23,2023-01-15T21:30:00+08:00,746,819,395,1306,267
,,,,,,,,,192,1,15,24,2023-01-15T22:30:00+08:00,730,802,387,1279,261
,,,,,,,,,193,1,16,1,2023-01-15T23:30:00+08:00,706,775,373,1236,252
,,,,,,,,,194,1,16,2,2023-01-16T00:30:00+08:00,663,729,351,1161,237
,,,,,,,,,195,1,16,3,2023-01-16T01:40:00+08:00,637,700,337,1115,227
,,,,,,,,,196,1,16,4,2023-01-16T02:40:00+08:00,612,672,324,1073,219
,,,,,,,,,197,1,16,5,2023-01-16T03:40:00+08:00,603,662,319,1055,215
,,,,,,,,,198,1,16,6,2023-01-16T04:40:00+08:00,587,645,311,1028,209
,,,,,,,,,199,1,16,7,2023-01-16T05:40:00+08:00,598,657,317,1049,214
,,,,,,,,,200,1,16,8,2023-01-16T06:40:00+08:00,627,689,332,1099,224
,,,,,,,,,201,1,16,9,2023-01-16T07:40:00+08:00,632,695,335,1107,226
,,,,,,,,,202,1,16,10,2023-01-16T08:40:00+08:00,718,788,381,1257,256
,,,,,,,,,203,1,16,11,2023-01-16T09:40:00+08:00,767,843,406,1344,274
,,,,,,,,,204,1,16,12,2023-01-16T10:40:00+08:00,794,872,421,1390,283
,,,,,,,,,205,1,16,13,2023-01-16T11:40:00+08:00,805,885,426,1410,288
,,,,,,,,,206,1,16,14,2023-01-16T12:40:00+08:00,781,858,413,1367,278
,,,,,,,,,207,1,16,15,2023-01-16T13:40:00+08:00,812,891,430,1421,290
,,,,,,,,,208,1,16,16,2023-01-16T14:40:00+08:00,843,926,446,1477,301
,,,,,,,,,209,1,16,17,2023-01-16T15:40:00+08:00,848,931,449,1485,302
,,,,,,,,,210,1,16,18,2023-01-16T16:40:00+08:00,850,933,450,1488,303
,,,,,,,,,211,1,16,19,2023-01-16T17:40:00+08:00,802,880,424,1404,287
,,,,,,,,,212,1,16,20,2023-01-16T18:40:00+08:00,773,849,409,1354,276
,,,,,,,,,213,1,16,21,2023-01-16T19:40:00+08:00,829,910,439,1452,296
,,,,,,,,,214,1,16,22,2023-01-16T20:40:00+08:00,829,910,439,1451,296
,,,,,,,,,215,1,16,23,2023-01-16T21:40:00+08:00,808,888,428,1415,288
,,,,,,,,,216,1,16,24,2023-01-16T22:40:00+08:00,783,859,414,1370,280
,,,,,,,,,217,1,17,1,2023-01-16T23:40:00+08:00,745,818,394,1305,265
,,,,,,,,,218,1,17,2,2023-01-17T00:40:00+08:00,703,772,372,1232,251
,,,,,,,,,219,1,17,3,2023-01-17T01:40:00+08:00,667,733,353,1168,238
,,,,,,,,,220,1,17,4,2023-01-17T02:40:00+08:00,647,710,342,1133,231
,,,,,,,,,221,1,17,5,2023-01-17T03:40:00+08:00,627,688,332,1098,224
,,,,,,,,,222,1,17,6,2023-01-17T04:40:00+08:00,616,676,327,1079,220
,,,,,,,,,223,1,17,7,2023-01-17T05:40:00+08:00,621,682,329,1087,221
,,,,,,,,,224,1,17,8,2023-01-17T06:40:00+08:00,644,707,340,1127,230
,,,,,,,,,225,1,17,9,2023-01-17T07:40:00+08:00,638,700,337,1116,227
,,,,,,,,,226,1,17,10,2023-01-17T08:40:00+08:00,712,782,376,1246,253
,,,,,,,,,227,1,17,11,2023-01-17T09:40:00+08:00,753,827,398,1319,269
,,,,,,,,,228,1,17,12,2023-01-17T10:40:00+08:00,777,853,411,1360,277
,,,,,,,,,229,1,17,13,2023-01-17T11:40:00+08:00,785,862,415,1374,281
,,,,,,,,,230,1,17,14,2023-01-17T12:40:00+08:00,760,834,402,1330,271
,,,,,,,,,231,1,17,15,2023-01-17T13:40:00+08:00,787,864,416,1379,281
,,,,,,,,,232,1,17,16,2023-01-17T14:40:00+08:00,819,900,433,1433,293
,,,,,,,,,233,1,17,17,2023-01-17T15:40:00+08:00,830,911,440,1453,296
,,,,,,,,,234,1,17,18,2023-01-17T16:40:00+08:00,835,918,442,1463,299
,,,,,,,,,235,1,17,19,2023-01-17T17:40:00+08:00,793,870,420,1388,283
,,,,,,,,,236,1,17,20,2023-01-17T18:40:00+08:00,770,846,408,1349,275
,,,,,,,,,237,1,17,21,2023-01-17T19:40:00+08:00,827,908,438,1448,295
,,,,,,,,,238,1,17,22,2023-01-17T20:40:00+08:00,824,906,437,1444,294
,,,,,,,,,239,1,17,23,2023-01-17T21:40:00+08:00,807,887,427,1414,288
,,,,,,,,,240,1,17,24,2023-01-17T22:40:00+08:00,792,869,419,1385,282
,,,,,,,,,241,1,18,1,2023-01-17T23:40:00+08:00,756,832,401,1325,270
,,,,,,,,,242,1,18,2,2023-01-18T00:40:00+08:00,711,782,376,1246,253
,,,,,,,,,243,1,18,3,2023-01-18T01:40:00+08:00,680,748,360,1191,243
,,,,,,,,,244,1,18,4,2023-01-18T02:40:00+08:00,655,719,347,1147,234
,,,,,,,,,245,1,18,5,2023-01-18T03:40:00+08:00,643,706,340,1126,230
,,,,,,,,,246,1,18,6,2023-01-18T04:40:00+08:00,625,687,331,1095,224
,,,,,,,,,247,1,18,7,2023-01-18T05:40:00+08:00,633,696,335,1110,226
,,,,,,,,,248,1,18,8,2023-01-18T06:40:00+08:00,659,724,349,1154,236
,,,,,,,,,249,1,18,9,2023-01-18T07:40:00+08:00,649,714,344,1138,232
,,,,,,,,,250,1,18,10,2023-01-18T08:40:00+08:00,713,784,377,1249,255
,,,,,,,,,251,1,18,11,2023-01-18T09:40:00+08:00,761,836,403,1333,271
,,,,,,,,,252,1,18,12,2023-01-18T10:40:00+08:00,787,866,416,1379,281
,,,,,,,,,253,1,18,13,2023-01-18T11:40:00+08:00,799,877,423,1400,286
,,,,,,,,,254,1,18,14,2023-01-18T12:40:00+08:00,775,850,410,1356,276
,,,,,,,,,255,1,18,15,2023-01-18T13:40:00+08:00,805,885,427,1410,288
,,,,,,,,,256,1,18,16,2023-01-18T14:40:00+08:00,832,913,440,1456,296
,,,,,,,,,257,1,18,17,2023-01-18T15:40:00+08:00,834,917,442,1461,298
,,,,,,,,,258,1,18,18,2023-01-18T16:40:00+08:00,832,913,441,1456,298
,,,,,,,,,259,1,18,19,2023-01-18T17:40:00+08:00,792,870,420,1386,283
,,,,,,,,,260,1,18,20,2023-01-18T18:40:00+08:00,765,840,405,1340,274
,,,,,,,,,261,1,18,21,2023-01-18T19:40:00+08:00,820,902,434,1437,293
,,,,,,,,,262,1,18,22,2023-01-18T20:40:00+08:00,817,897,432,1431,292
,,,,,,,,,263,1,18,23,2023-01-18T21:40:00+08:00,801,880,424,1403,286
,,,,,,,,,264,1,18,24,2023-01-18T22:40:00+08:00,777,853,411,1360,277
,,,,,,,,,265,1,19,1,2023-01-18T23:40:00+08:00,747,820,395,1308,267
,,,,,,,,,266,1,19,2,2023-01-19T00:40:00+08:00,697,766,369,1221,249
,,,,,,,,,267,1,19,3,2023-01-19T01:40:00+08:00,673,738,356,1177,240
,,,,,,,,,268,1,19,4,2023-01-19T02:40:00+08:00,646,709,342,1131,231
,,,,,,,,,269,1,19,5,2023-01-19T03:40:00+08:00,629,691,333,1102,225
,,,,,,,,,270,1,19,6,2023-01-19T04:40:00+08:00,621,682,329,1088,221
,,,,,,,,,271,1,19,7,2023-01-19T05:40:00+08:00,627,689,332,1099,224
,,,,,,,,,272,1,19,8,2023-01-19T06:40:00+08:00,648,713,344,1136,232
,,,,,,,,,273,1,19,9,2023-01-19T07:40:00+08:00,640,702,338,1121,228
,,,,,,,,,274,1,19,10,2023-01-19T08:40:00+08:00,701,770,371,1227,250
,,,,,,,,,275,1,19,11,2023-01-19T09:40:00+08:00,744,817,394,1303,265
,,,,,,,,,276,1,19,12,2023-01-19T10:40:00+08:00,780,856,412,1365,278
,,,,,,,,,277,1,19,13,2023-01-19T11:40:00+08:00,788,867,418,1381,282
,,,,,,,,,278,1,19,14,2023-01-19T12:40:00+08:00,768,844,407,1345,275
,,,,,,,,,279,1,19,15,2023-01-19T13:40:00+08:00,781,857,413,1367,278
,,,,,,,,,280,1,19,16,2023-01-19T14:40:00+08:00,816,896,432,1429,292
,,,,,,,,,281,1,19,17,2023-01-19T15:40:00+08:00,820,902,434,1437,293
,,,,,,,,,282,1,19,18,2023-01-19T16:40:00+08:00,820,901,434,1437,293
,,,,,,,,,283,1,19,19,2023-01-19T17:40:00+08:00,776,852,410,1358,277
,,,,,,,,,284,1,19,20,2023-01-19T18:40:00+08:00,752,826,398,1318,269
,,,,,,,,,285,1,19,21,2023-01-19T19:40:00+08:00,812,892,430,1422,290
,,,,,,,,,286,1,19,22,2023-01-19T20:40:00+08:00,803,883,425,1407,287
,,,,,,,,,287,1,19,23,2023-01-19T21:40:00+08:00,785,862,415,1376,281
,,,,,,,,,288,1,19,24,2023-01-19T22:40:00+08:00,769,845,407,1347,275
,,,,,,,,,289,1,20,1,2023-01-19T23:40:00+08:00,741,813,392,1297,264
,,,,,,,,,290,1,20,2,2023-01-20T00:40:00+08:00,701,770,371,1227,250
,,,,,,,,,291,1,20,3,2023-01-20T01:40:00+08:00,667,733,353,1170,238
,,,,,,,,,292,1,20,4,2023-01-20T02:40:00+08:00,648,713,344,1136,232
,,,,,,,,,293,1,20,5,2023-01-20T03:40:00+08:00,632,695,335,1107,226
,,,,,,,,,294,1,20,6,2023-01-20T04:40:00+08:00,620,681,329,1086,221
,,,,,,,,,295,1,20,7,2023-01-20T05:40:00+08:00,619,680,328,1083,221
,,,,,,,,,296,1,20,8,2023-01-20T06:40:00+08:00,630,692,334,1103,225
,,,,,,,,,297,1,20,9,2023-01-20T07:40:00+08:00,634,697,336,1111,226
,,,,,,,,,298,1,20,10,2023-01-20T08:40:00+08:00,689,756,365,1207,246
,,,,,,,,,299,1,20,11,2023-01-20T09:40:00+08:00,726,798,385,1271,259
,,,,,,,,,300,1,20,12,2023-01-20T10:40:00+08:00,752,826,398,1318,269
,,,,,,,,,301,1,20,13,2023-01-20T11:40:00+08:00,764,839,404,1337,273
,,,,,,,,,302,1,20,14,2023-01-20T12:40:00+08:00,751,824,397,1315,268
,,,,,,,,,303,1,20,15,2023-01-20T13:40:00+08:00,743,816,393,1300,265
,,,,,,,,,304,1,20,16,2023-01-20T14:40:00+08:00,765,841,405,1341,274
,,,,,,,,,305,1,20,17,2023-01-20T15:40:00+08:00,775,851,410,1356,276
,,,,,,,,,306,1,20,18,2023-01-20T16:40:00+08:00,770,846,408,1349,275
,,,,,,,,,307,1,20,19,2023-01-20T17:40:00+08:00,738,811,391,1293,264
,,,,,,,,,308,1,20,20,2023-01-20T18:40:00+08:00,719,790,381,1260,257
,,,,,,,,,309,1,20,21,2023-01-20T19:40:00+08:00,770,846,408,1349,275
,,,,,,,,,310,1,20,22,2023-01-20T20:40:00+08:00,767,842,406,1343,274
,,,,,,,,,311,1,20,23,2023-01-20T21:40:00+08:00,750,823,396,1312,268
,,,,,,,,,312,1,20,24,2023-01-20T22:40:00+08:00,735,807,389,1287,263
,,,,,,,,,313,1,21,1,2023-01-20T23:40:00+08:00,715,785,378,1251,255
,,,,,,,,,314,1,21,2,2023-01-21T00:40:00+08:00,684,752,363,1199,244
,,,,,,,,,315,1,21,3,2023-01-21T01:40:00+08:00,657,721,348,1150,234
,,,,,,,,,316,1,21,4,2023-01-21T02:40:00+08:00,636,698,336,1113,227
,,,,,,,,,317,1,21,5,2023-01-21T03:40:00+08:00,610,670,323,1069,218
,,,,,,,,,318,1,21,6,2023-01-21T04:40:00+08:00,601,660,318,1051,214
,,,,,,,,,319,1,21,7,2023-01-21T05:40:00+08:00,590,648,313,1033,211
,,,,,,,,,320,1,21,8,2023-01-21T06:40:00+08:00,594,653,315,1041,212
,,,,,,,,,321,1,21,9,2023-01-21T07:40:00+08:00,574,631,304,1006,205
,,,,,,,,,322,1,21,10,2023-01-21T08:40:00+08:00,585,643,310,1025,209
,,,,,,,,,323,1,21,11,2023-01-21T09:40:00+08:00,610,670,322,1068,218
,,,,,,,,,324,1,21,12,2023-01-21T10:40:00+08:00,634,697,336,1111,226
,,,,,,,,,325,1,21,13,2023-01-21T11:50:00+08:00,630,691,333,1103,225
,,,,,,,,,326,1,21,14,2023-01-21T12:50:00+08:00,610,670,323,1068,218
,,,,,,,,,327,1,21,15,2023-01-21T13:50:00+08:00,613,673,324,1074,219
,,,,,,,,,328,1,21,16,2023-01-21T14:50:00+08:00,622,683,330,1089,223
,,,,,,,,,329,1,21,17,2023-01-21T15:50:00+08:00,620,681,328,1086,221
,,,,,,,,,330,1,21,18,2023-01-21T16:50:00+08:00,625,686,331,1094,224
,,,,,,,,,331,1,21,19,2023-01-21T17:50:00+08:00,624,685,330,1091,223
,,,,,,,,,332,1,21,20,2023-01-21T18:50:00+08:00,638,700,337,1116,227
,,,,,,,,,333,1,21,21,2023-01-21T19:50:00+08:00,694,761,367,1214,248
,,,,,,,,,334,1,21,22,2023-01-21T20:50:00+08:00,685,753,363,1200,245
,,,,,,,,,335,1,21,23,2023-01-21T21:50:00+08:00,672,738,356,1176,240
,,,,,,,,,336,1,21,24,2023-01-21T22:50:00+08:00,663,729,351,1162,237
,,,,,,,,,337,1,22,1,2023-01-21T23:50:00+08:00,646,709,342,1131,231
,,,,,,,,,338,1,22,2,2023-01-22T00:50:00+08:00,621,681,329,1086,221
,,,,,,,,,339,1,22,3,2023-01-22T01:50:00+08:00,602,662,319,1054,215
,,,,,,,,,340,1,22,4,2023-01-22T02:50:00+08:00,574,630,303,1004,205
,,,,,,,,,341,1,22,5,2023-01-22T03:50:00+08:00,562,618,298,984,201
,,,,,,,,,342,1,22,6,2023-01-22T04:50:00+08:00,545,599,289,955,195
,,,,,,,,,343,1,22,7,2023-01-22T05:50:00+08:00,540,593,285,946,193
,,,,,,,,,344,1,22,8,2023-01-22T06:50:00+08:00,537,589,284,940,192
,,,,,,,,,345,1,22,9,2023-01-22T07:50:00+08:00,512,563,271,897,183
,,,,,,,,,346,1,22,10,2023-01-22T08:50:00+08:00,514,564,272,899,183
,,,,,,,,,347,1,22,11,2023-01-22T09:50:00+08:00,534,586,282,935,190
,,,,,,,,,348,1,22,12,2023-01-22T10:50:00+08:00,542,596,288,950,194
,,,,,,,,,349,1,22,13,2023-01-22T11:50:00+08:00,540,593,285,945,193
,,,,,,,,,350,1,22,14,2023-01-22T12:50:00+08:00,536,588,283,937,192
,,,,,,,,,351,1,22,15,2023-01-22T13:50:00+08:00,537,589,284,941,192
,,,,,,,,,352,1,22,16,2023-01-22T14:50:00+08:00,538,590,284,942,192
,,,,,,,,,353,1,22,17,2023-01-22T15:50:00+08:00,537,589,284,941,192
,,,,,,,,,354,1,22,18,2023-01-22T16:50:00+08:00,543,597,288,952,194
,,,,,,,,,355,1,22,19,2023-01-22T17:50:00+08:00,555,610,294,971,198
,,,,,,,,,356,1,22,20,2023-01-22T18:50:00+08:00,573,630,303,1004,205
,,,,,,,,,357,1,22,21,2023-01-22T19:50:00+08:00,633,696,335,1109,226
,,,,,,,,,358,1,22,22,2023-01-22T20:50:00+08:00,630,692,334,1104,225
,,,,,,,,,359,1,22,23,2023-01-22T21:50:00+08:00,618,679,327,1082,220
,,,,,,,,,360,1,22,24,2023-01-22T22:50:00+08:00,605,665,320,1059,215
,,,,,,,,,361,1,23,1,2023-01-22T23:50:00+08:00,588,646,311,1029,209
,,,,,,,,,362,1,23,2,2023-01-23T00:50:00+08:00,567,622,300,993,202
,,,,,,,,,363,1,23,3,2023-01-23T01:50:00+08:00,550,603,291,962,196
,,,,,,,,,364,1,23,4,2023-01-23T02:50:00+08:00,529,582,280,928,189
,,,,,,,,,365,1,23,5,2023-01-23T03:50:00+08:00,515,565,273,901,183
,,,,,,,,,366,1,23,6,2023-01-23T04:50:00+08:00,509,560,270,892,182
,,,,,,,,,367,1,23,7,2023-01-23T05:50:00+08:00,509,559,270,891,182
,,,,,,,,,368,1,23,8,2023-01-23T06:50:00+08:00,514,564,272,899,183
,,,,,,,,,369,1,23,9,2023-01-23T07:50:00+08:00,494,543,262,865,176
,,,,,,,,,370,1,23,10,2023-01-23T08:50:00+08:00,505,554,267,885,181
,,,,,,,,,371,1,23,11,2023-01-23T09:50:00+08:00,521,572,276,912,186
,,,,,,,,,372,1,23,12,2023-01-23T10:50:00+08:00,540,594,286,946,193
,,,,,,,,,373,1,23,13,2023-01-23T11:50:00+08:00,538,590,284,942,192
,,,,,,,,,374,1,23,14,2023-01-23T12:50:00+08:00,533,585,282,933,190
,,,,,,,,,375,1,23,15,2023-01-23T13:50:00+08:00,547,601,290,959,195
,,,,,,,,,376,1,23,16,2023-01-23T14:50:00+08:00,552,606,292,966,198
,,,,,,,,,377,1,23,17,2023-01-23T15:50:00+08:00,559,614,296,980,200
,,,,,,,,,378,1,23,18,2023-01-23T16:50:00+08:00,568,623,300,994,202
,,,,,,,,,379,1,23,19,2023-01-23T17:50:00+08:00,574,631,304,1005,205
,,,,,,,,,380,1,23,20,2023-01-23T18:50:00+08:00,594,653,315,1041,212
,,,,,,,,,381,1,23,21,2023-01-23T19:50:00+08:00,644,707,341,1128,230
,,,,,,,,,382,1,23,22,2023-01-23T20:50:00+08:00,638,701,338,1117,227
,,,,,,,,,383,1,23,23,2023-01-23T21:50:00+08:00,625,686,331,1094,223
,,,,,,,,,384,1,23,24,2023-01-23T22:50:00+08:00,616,676,327,1079,220
,,,,,,,,,385,1,24,1,2023-01-23T23:50:00+08:00,598,657,317,1049,214
,,,,,,,,,386,1,24,2,2023-01-24T00:50:00+08:00,578,635,307,1013,206
,,,,,,,,,387,1,24,3,2023-01-24T01:50:00+08:00,555,610,294,972,199
,,,,,,,,,388,1,24,4,2023-01-24T02:50:00+08:00,539,593,285,945,193
,,,,,,,,,389,1,24,5,2023-01-24T03:50:00+08:00,527,579,279,922,188
,,,,,,,,,390,1,24,6,2023-01-24T04:50:00+08:00,517,568,274,906,184
,,,,,,,,,391,1,24,7,2023-01-24T05:50:00+08:00,517,567,274,905,184
,,,,,,,,,392,1,24,8,2023-01-24T06:50:00+08:00,524,576,278,918,187
,,,,,,,,,393,1,24,9,2023-01-24T07:50:00+08:00,512,563,272,898,183
,,,,,,,,,394,1,24,10,2023-01-24T08:50:00+08:00,534,586,283,935,190
,,,,,,,,,395,1,24,11,2023-01-24T09:50:00+08:00,562,618,298,985,201
,,,,,,,,,396,1,24,12,2023-01-24T10:50:00+08:00,576,633,305,1009,206
,,,,,,,,,397,1,24,13,2023-01-24T11:50:00+08:00,574,631,304,1005,205
,,,,,,,,,398,1,24,14,2023-01-24T12:50:00+08:00,571,628,302,1001,203
,,,,,,,,,399,1,24,15,2023-01-24T13:50:00+08:00,576,633,305,1009,206
,,,,,,,,,400,1,24,16,2023-01-24T14:50:00+08:00,578,635,305,1012,206
,,,,,,,,,401,1,24,17,2023-01-24T15:50:00+08:00,578,635,305,1012,206
,,,,,,,,,402,1,24,18,2023-01-24T16:50:00+08:00,580,638,308,1017,207
,,,,,,,,,403,1,24,19,2023-01-24T17:50:00+08:00,577,633,305,1009,206
,,,,,,,,,404,1,24,20,2023-01-24T18:50:00+08:00,596,654,316,1044,213
,,,,,,,,,405,1,24,21,2023-01-24T19:50:00+08:00,650,714,345,1138,232
,,,,,,,,,406,1,24,22,2023-01-24T20:50:00+08:00,642,704,339,1124,228
,,,,,,,,,407,1,24,23,2023-01-24T21:50:00+08:00,627,689,332,1099,224
,,,,,,,,,408,1,24,24,2023-01-24T22:50:00+08:00,615,675,326,1077,219
,,,,,,,,,409,1,25,1,2023-01-24T23:50:00+08:00,589,647,312,1032,211
,,,,,,,,,410,1,25,2,2023-01-25T00:50:00+08:00,563,619,298,986,201
,,,,,,,,,411,1,25,3,2023-01-25T01:50:00+08:00,549,602,291,960,195
,,,,,,,,,412,1,25,4,2023-01-25T02:50:00+08:00,531,582,280,928,189
,,,,,,,,,413,1,25,5,2023-01-25T03:50:00+08:00,517,567,274,905,184
,,,,,,,,,414,1,25,6,2023-01-25T04:50:00+08:00,515,566,273,901,184
,,,,,,,,,415,1,25,7,2023-01-25T05:50:00+08:00,531,583,281,930,189
,,,,,,,,,416,1,25,8,2023-01-25T06:50:00+08:00,553,607,293,968,198
,,,,,,,,,417,1,25,9,2023-01-25T07:50:00+08:00,574,630,303,1005,205
,,,,,,,,,418,1,25,10,2023-01-25T08:50:00+08:00,632,695,335,1107,226
,,,,,,,,,419,1,25,11,2023-01-25T09:50:00+08:00,663,729,351,1162,237
,,,,,,,,,420,1,25,12,2023-01-25T10:50:00+08:00,685,753,363,1200,245
,,,,,,,,,421,1,25,13,2023-01-25T11:50:00+08:00,689,756,365,1206,245
,,,,,,,,,422,1,25,14,2023-01-25T12:50:00+08:00,674,739,356,1179,240
,,,,,,,,,423,1,25,15,2023-01-25T13:50:00+08:00,678,744,359,1188,242
,,,,,,,,,424,1,25,16,2023-01-25T14:50:00+08:00,694,761,367,1214,248
,,,,,,,,,425,1,25,17,2023-01-25T15:50:00+08:00,689,756,365,1206,246
,,,,,,,,,426,1,25,18,2023-01-25T16:50:00+08:00,682,749,361,1195,244
,,,,,,,,,427,1,25,19,2023-01-25T17:50:00+08:00,655,719,347,1147,234
,,,,,,,,,428,1,25,20,2023-01-25T18:50:00+08:00,663,729,351,1162,237
,,,,,,,,,429,1,25,21,2023-01-25T19:50:00+08:00,714,784,377,1249,255
,,,,,,,,,430,1,25,22,2023-01-25T20:50:00+08:00,706,775,373,1236,252
,,,,,,,,,431,1,25,23,2023-01-25T21:50:00+08:00,683,751,361,1197,244
,,,,,,,,,432,1,25,24,2023-01-25T22:50:00+08:00,668,734,354,1171,239
,,,,,,,,,433,1,26,1,2023-01-25T23:50:00+08:00,640,703,338,1121,228
,,,,,,,,,434,1,26,2,2023-01-26T00:50:00+08:00,606,665,320,1061,217
,,,,,,,,,435,1,26,3,2023-01-26T01:50:00+08:00,585,643,310,1025,209
,,,,,,,,,436,1,26,4,2023-01-26T02:50:00+08:00,568,623,301,995,202
,,,,,,,,,437,1,26,5,2023-01-26T03:50:00+08:00,557,612,295,974,199
,,,,,,,,,438,1,26,6,2023-01-26T04:50:00+08:00,553,606,293,967,198
,,,,,,,,,439,1,26,7,2023-01-26T05:50:00+08:00,574,630,303,1004,205
,,,,,,,,,440,1,26,8,2023-01-26T06:50:00+08:00,592,650,313,1037,212
,,,,,,,,,441,1,26,9,2023-01-26T07:50:00+08:00,601,661,318,1053,214
,,,,,,,,,442,1,26,10,2023-01-26T08:50:00+08:00,656,720,347,1148,234
,,,,,,,,,443,1,26,11,2023-01-26T09:50:00+08:00,686,753,364,1201,245
,,,,,,,,,444,1,26,12,2023-01-26T10:50:00+08:00,703,773,373,1233,251
,,,,,,,,,445,1,26,13,2023-01-26T11:50:00+08:00,702,772,372,1231,251
,,,,,,,,,446,1,26,14,2023-01-26T12:50:00+08:00,691,758,366,1209,246
,,,,,,,,,447,1,26,15,2023-01-26T13:50:00+08:00,709,778,375,1240,253
,,,,,,,,,448,1,26,16,2023-01-26T14:50:00+08:00,721,792,382,1263,258
,,,,,,,,,449,1,26,17,2023-01-26T15:50:00+08:00,726,797,384,1270,259
,,,,,,,,,450,1,26,18,2023-01-26T16:50:00+08:00,727,799,385,1272,259
,,,,,,,,,451,1,26,19,2023-01-26T17:50:00+08:00,699,769,370,1225,250
,,,,,,,,,452,1,26,20,2023-01-26T18:50:00+08:00,697,766,369,1221,249
,,,,,,,,,453,1,26,21,2023-01-26T19:50:00+08:00,751,825,397,1316,268
,,,,,,,,,454,1,26,22,2023-01-26T20:50:00+08:00,741,813,392,1297,264
,,,,,,,,,455,1,26,23,2023-01-26T21:50:00+08:00,720,791,382,1261,257
,,,,,,,,,456,1,26,24,2023-01-26T22:50:00+08:00,700,769,371,1226,250
,,,,,,,,,457,1,27,1,2023-01-26T23:50:00+08:00,672,738,355,1176,240
,,,,,,,,,458,1,27,2,2023-01-27T00:50:00+08:00,636,698,336,1113,227
,,,,,,,,,459,1,27,3,2023-01-27T01:50:00+08:00,613,673,324,1074,219
,,,,,,,,,460,1,27,4,2023-01-27T02:50:00+08:00,591,649,313,1034,211
,,,,,,,,,461,1,27,5,2023-01-27T03:50:00+08:00,577,634,305,1012,206
,,,,,,,,,462,1,27,6,2023-01-27T04:50:00+08:00,575,632,304,1008,206
,,,,,,,,,463,1,27,7,2023-01-27T05:50:00+08:00,580,637,308,1017,207
,,,,,,,,,464,1,27,8,2023-01-27T06:50:00+08:00,606,665,320,1061,217
,,,,,,,,,465,1,27,9,2023-01-27T07:50:00+08:00,609,669,322,1067,218
,,,,,,,,,466,1,27,10,2023-01-27T08:50:00+08:00,669,735,354,1173,239
,,,,,,,,,467,1,27,11,2023-01-27T09:50:00+08:00,709,778,375,1242,253
,,,,,,,,,468,1,27,12,2023-01-27T10:50:00+08:00,729,801,386,1277,261
,,,,,,,,,469,1,27,13,2023-01-27T11:50:00+08:00,734,806,389,1285,262
,,,,,,,,,470,1,27,14,2023-01-27T12:50:00+08:00,717,788,379,1256,256
,,,,,,,,,471,1,27,15,2023-01-27T13:50:00+08:00,726,797,384,1270,259
,,,,,,,,,472,1,27,16,2023-01-27T14:50:00+08:00,758,832,401,1325,270
,,,,,,,,,473,1,27,17,2023-01-27T15:50:00+08:00,771,846,408,1351,275
,,,,,,,,,474,1,27,18,2023-01-27T16:50:00+08:00,768,843,406,1344,274
,,,,,,,,,475,1,27,19,2023-01-27T17:50:00+08:00,730,802,387,1279,261
,,,,,,,,,476,1,27,20,2023-01-27T18:50:00+08:00,717,788,379,1256,256
,,,,,,,,,477,1,27,21,2023-01-27T19:50:00+08:00,761,836,403,1332,271
,,,,,,,,,478,1,27,22,2023-01-27T20:50:00+08:00,751,824,397,1315,268
,,,,,,,,,479,1,27,23,2023-01-27T21:50:00+08:00,727,799,385,1273,259
,,,,,,,,,480,1,27,24,2023-01-27T22:50:00+08:00,714,785,378,1250,255
,,,,,,,,,481,1,28,1,2023-01-27T23:50:00+08:00,690,758,366,1209,246
,,,,,,,,,482,1,28,2,2023-01-28T00:00:00+08:00,680,747,360,1191,243
,,,,,,,,,483,1,28,3,2023-01-28T01:00:00+08:00,648,713,344,1136,232
,,,,,,,,,484,1,28,4,2023-01-28T02:00:00+08:00,626,687,331,1095,224
,,,,,,,,,485,1,28,5,2023-01-28T03:00:00+08:00,609,669,322,1067,218
,,,,,,,,,486,1,28,6,2023-01-28T04:00:00+08:00,593,651,314,1039,212
,,,,,,,,,487,1,28,7,2023-01-28T05:00:00+08:00,584,641,309,1022,208
,,,,,,,,,488,1,28,8,2023-01-28T06:00:00+08:00,591,649,313,1036,211
,,,,,,,,,489,1,28,9,2023-01-28T07:00:00+08:00,593,651,314,1038,212
,,,,,,,,,490,1,28,10,2023-01-28T08:00:00+08:00,585,641,310,1024,208
,,,,,,,,,491,1,28,11,2023-01-28T09:00:00+08:00,629,691,333,1102,225
,,,,,,,,,492,1,28,12,2023-01-28T10:00:00+08:00,659,724,349,1154,236
,,,,,,,,,493,1,28,13,2023-01-28T11:00:00+08:00,674,740,356,1179,240
,,,,,,,,,494,1,28,14,2023-01-28T12:00:00+08:00,669,735,354,1172,239
,,,,,,,,,495,1,28,15,2023-01-28T13:00:00+08:00,651,716,345,1141,232
,,,,,,,,,496,1,28,16,2023-01-28T14:00:00+08:00,664,730,352,1163,237
,,,,,,,,,497,1,28,17,2023-01-28T15:00:00+08:00,666,732,353,1166,238
,,,,,,,,,498,1,28,18,2023-01-28T16:00:00+08:00,672,738,355,1176,240
,,,,,,,,,499,1,28,19,2023-01-28T17:00:00+08:00,672,738,356,1176,240
,,,,,,,,,500,1,28,20,2023-01-28T18:00:00+08:00,662,727,351,1160,237
,,,,,,,,,501,1,28,21,2023-01-28T19:00:00+08:00,680,748,360,1191,243
,,,,,,,,,502,1,28,22,2023-01-28T20:00:00+08:00,723,793,383,1264,258
,,,,,,,,,503,1,28,23,2023-01-28T21:00:00+08:00,712,782,376,1247,255
,,,,,,,,,504,1,28,24,2023-01-28T22:00:00+08:00,692,760,367,1212,248
,,,,,,,,,505,11,5,1,2023-11-04T23:00:00+08:00,777,853,411,1360,277
,,,,,,,,,506,11,5,2,2023-11-05T00:00:00+08:00,747,820,395,1308,267
,,,,,,,,,507,11,5,3,2023-11-05T01:00:00+08:00,713,784,377,1249,255
,,,,,,,,,508,11,5,4,2023-11-05T02:00:00+08:00,690,757,365,1208,246
,,,,,,,,,509,11,5,5,2023-11-05T03:00:00+08:00,653,717,346,1142,233
,,,,,,,,,510,11,5,6,2023-11-05T04:00:00+08:00,636,699,337,1114,227
,,,,,,,,,511,11,5,7,2023-11-05T05:00:00+08:00,622,683,329,1088,221
,,,,,,,,,512,11,5,8,2023-11-05T06:00:00+08:00,620,681,328,1085,221
,,,,,,,,,513,11,5,9,2023-11-05T07:00:00+08:00,597,656,316,1046,213
,,,,,,,,,514,11,5,10,2023-11-05T08:00:00+08:00,578,635,307,1013,206
,,,,,,,,,515,11,5,11,2023-11-05T09:00:00+08:00,597,656,316,1046,213
,,,,,,,,,516,11,5,12,2023-11-05T10:00:00+08:00,627,688,332,1098,224
,,,,,,,,,517,11,5,13,2023-11-05T11:00:00+08:00,654,718,346,1145,233
,,,,,,,,,518,11,5,14,2023-11-05T12:00:00+08:00,655,719,347,1146,233
,,,,,,,,,519,11,5,15,2023-11-05T13:00:00+08:00,660,725,350,1156,236
,,,,,,,,,520,11,5,16,2023-11-05T14:00:00+08:00,682,749,361,1195,244
,,,,,,,,,521,11,5,17,2023-11-05T15:00:00+08:00,702,771,372,1230,251
,,,,,,,,,522,11,5,18,2023-11-05T16:00:00+08:00,714,784,377,1249,255
,,,,,,,,,523,11,5,19,2023-11-05T17:00:00+08:00,712,782,377,1247,255
,,,,,,,,,524,11,5,20,2023-11-05T18:00:00+08:00,706,774,373,1235,252
,,,,,,,,,525,11,5,21,2023-11-05T19:00:00+08:00,744,818,394,1304,265
,,,,,,,,,526,11,5,22,2023-11-05T20:00:00+08:00,781,857,413,1367,278
,,,,,,,,,527,11,5,23,2023-11-05T21:00:00+08:00,779,855,412,1364,278
,,,,,,,,,528,11,5,24,2023-11-05T22:00:00+08:00,768,844,407,1345,275
,,,,,,,,,529,11,6,1,2023-11-05T23:00:00+08:00,751,825,397,1316,268
,,,,,,,,,530,11,6,2,2023-11-06T00:00:00+08:00,716,787,379,1255,256
,,,,,,,,,531,11,6,3,2023-11-06T01:00:00+08:00,682,749,361,1194,244
,,,,,,,,,532,11,6,4,2023-11-06T02:00:00+08:00,656,720,347,1148,234
,,,,,,,,,533,11,6,5,2023-11-06T03:00:00+08:00,637,699,337,1114,227
,,,,,,,,,534,11,6,6,2023-11-06T04:00:00+08:00,613,673,324,1074,219
,,,,,,,,,535,11,6,7,2023-11-06T05:00:00+08:00,613,673,324,1074,219
,,,,,,,,,536,11,6,8,2023-11-06T06:00:00+08:00,634,697,336,1112,226
,,,,,,,,,537,11,6,9,2023-11-06T07:00:00+08:00,636,698,336,1112,227
,,,,,,,,,538,11,6,10,2023-11-06T08:00:00+08:00,657,721,348,1149,234
,,,,,,,,,539,11,6,11,2023-11-06T09:00:00+08:00,755,829,400,1323,270
,,,,,,,,,540,11,6,12,2023-11-06T10:00:00+08:00,798,877,423,1397,286
,,,,,,,,,541,11,6,13,2023-11-06T11:00:00+08:00,825,907,437,1445,295
,,,,,,,,,542,11,6,14,2023-11-06T12:00:00+08:00,829,909,439,1450,295
,,,,,,,,,543,11,6,15,2023-11-06T13:00:00+08:00,828,909,439,1450,295
,,,,,,,,,544,11,6,16,2023-11-06T14:00:00+08:00,859,944,455,1505,307
,,,,,,,,,545,11,6,17,2023-11-06T15:00:00+08:00,884,971,468,1548,315
,,,,,,,,,546,11,6,18,2023-11-06T16:00:00+08:00,895,983,474,1567,320
,,,,,,,,,547,11,6,19,2023-11-06T17:00:00+08:00,870,956,461,1524,311
,,,,,,,,,548,11,6,20,2023-11-06T18:00:00+08:00,815,894,431,1427,290
,,,,,,,,,549,11,6,21,2023-11-06T19:00:00+08:00,833,914,441,1458,298
,,,,,,,,,550,11,6,22,2023-11-06T20:00:00+08:00,854,938,452,1495,305
,,,,,,,,,551,11,6,23,2023-11-06T21:00:00+08:00,840,924,445,1473,300
,,,,,,,,,552,11,6,24,2023-11-06T22:00:00+08:00,814,894,431,1426,290
,,,,,,,,,553,11,7,1,2023-11-06T23:00:00+08:00,797,875,422,1396,284
,,,,,,,,,554,11,7,2,2023-11-07T00:00:00+08:00,755,829,400,1323,270
,,,,,,,,,555,11,7,3,2023-11-07T01:00:00+08:00,714,785,378,1250,255
,,,,,,,,,556,11,7,4,2023-11-07T02:00:00+08:00,693,761,367,1214,248
,,,,,,,,,557,11,7,5,2023-11-07T03:00:00+08:00,671,737,355,1175,239
,,,,,,,,,558,11,7,6,2023-11-07T04:00:00+08:00,655,719,347,1146,233
,,,,,,,,,559,11,7,7,2023-11-07T05:00:00+08:00,649,713,344,1136,232
,,,,,,,,,560,11,7,8,2023-11-07T06:00:00+08:00,667,733,353,1168,238
,,,,,,,,,561,11,7,9,2023-11-07T07:00:00+08:00,666,732,353,1166,238
,,,,,,,,,562,11,7,10,2023-11-07T08:00:00+08:00,683,750,361,1196,244
,,,,,,,,,563,11,7,11,2023-11-07T09:00:00+08:00,756,832,401,1325,270
,,,,,,,,,564,11,7,12,2023-11-07T10:00:00+08:00,796,874,422,1394,284
,,,,,,,,,565,11,7,13,2023-11-07T11:00:00+08:00,829,909,439,1451,295
,,,,,,,,,566,11,7,14,2023-11-07T12:00:00+08:00,828,909,439,1450,295
,,,,,,,,,567,11,7,15,2023-11-07T13:00:00+08:00,818,898,433,1432,292
,,,,,,,,,568,11,7,16,2023-11-07T14:00:00+08:00,854,938,452,1495,305
,,,,,,,,,569,11,7,17,2023-11-07T15:00:00+08:00,880,966,466,1541,314
,,,,,,,,,570,11,7,18,2023-11-07T16:00:00+08:00,892,980,472,1563,319
,,,,,,,,,571,11,7,19,2023-11-07T17:00:00+08:00,859,943,455,1504,307
,,,,,,,,,572,11,7,20,2023-11-07T18:00:00+08:00,814,893,430,1425,290
,,,,,,,,,573,11,7,21,2023-11-07T19:00:00+08:00,827,908,438,1448,295
,,,,,,,,,574,11,7,22,2023-11-07T20:00:00+08:00,837,920,443,1466,299
,,,,,,,,,575,11,7,23,2023-11-07T21:00:00+08:00,827,908,438,1448,295
,,,,,,,,,576,11,7,24,2023-11-07T22:00:00+08:00,800,878,423,1400,286
,,,,,,,,,577,11,8,1,2023-11-07T23:00:00+08:00,775,851,410,1357,276
,,,,,,,,,578,11,8,2,2023-11-08T00:00:00+08:00,740,812,392,1296,264
,,,,,,,,,579,11,8,3,2023-11-08T01:00:00+08:00,705,774,373,1234,251
,,,,,,,,,580,11,8,4,2023-11-08T02:00:00+08:00,680,747,360,1191,243
,,,,,,,,,581,11,8,5,2023-11-08T03:00:00+08:00,662,727,351,1160,237
,,,,,,,,,582,11,8,6,2023-11-08T04:00:00+08:00,643,706,340,1126,230
,,,,,,,,,583,11,8,7,2023-11-08T05:00:00+08:00,644,707,340,1127,230
,,,,,,,,,584,11,8,8,2023-11-08T06:00:00+08:00,660,724,350,1155,236
,,,,,,,,,585,11,8,9,2023-11-08T07:00:00+08:00,658,723,349,1153,236
,,,,,,,,,586,11,8,10,2023-11-08T08:00:00+08:00,677,743,358,1185,242
,,,,,,,,,587,11,8,11,2023-11-08T09:00:00+08:00,749,823,396,1312,268
,,,,,,,,,588,11,8,12,2023-11-08T10:00:00+08:00,787,866,418,1379,281
,,,,,,,,,589,11,8,13,2023-11-08T11:00:00+08:00,822,903,435,1440,294
,,,,,,,,,590,11,8,14,2023-11-08T12:00:00+08:00,819,901,434,1436,293
,,,,,,,,,591,11,8,15,2023-11-08T13:00:00+08:00,808,888,428,1416,289
,,,,,,,,,592,11,8,16,2023-11-08T14:00:00+08:00,851,935,450,1489,303
,,,,,,,,,593,11,8,17,2023-11-08T15:00:00+08:00,875,961,463,1531,312
,,,,,,,,,594,11,8,18,2023-11-08T16:00:00+08:00,881,967,466,1542,314
,,,,,,,,,595,11,8,19,2023-11-08T17:00:00+08:00,864,948,458,1512,308
,,,,,,,,,596,11,8,20,2023-11-08T18:00:00+08:00,811,890,429,1419,289
,,,,,,,,,597,11,8,21,2023-11-08T19:00:00+08:00,831,913,440,1455,296
,,,,,,,,,598,11,8,22,2023-11-08T20:00:00+08:00,857,941,453,1501,306
,,,,,,,,,599,11,8,23,2023-11-08T21:00:00+08:00,847,929,448,1482,302
,,,,,,,,,600,11,8,24,2023-11-08T22:00:00+08:00,828,909,438,1449,295
,,,,,,,,,601,11,9,1,2023-11-08T23:00:00+08:00,803,881,425,1406,287
,,,,,,,,,602,11,9,2,2023-11-09T00:00:00+08:00,766,841,405,1341,274
,,,,,,,,,603,11,9,3,2023-11-09T01:00:00+08:00,726,798,385,1271,259
,,,,,,,,,604,11,9,4,2023-11-09T02:00:00+08:00,705,774,373,1234,251
,,,,,,,,,605,11,9,5,2023-11-09T03:00:00+08:00,680,748,360,1191,243
,,,,,,,,,606,11,9,6,2023-11-09T04:00:00+08:00,661,726,350,1159,236
,,,,,,,,,607,11,9,7,2023-11-09T05:00:00+08:00,655,719,347,1147,233
,,,,,,,,,608,11,9,8,2023-11-09T06:00:00+08:00,671,736,355,1174,239
,,,,,,,,,609,11,9,9,2023-11-09T07:00:00+08:00,671,736,355,1174,239
,,,,,,,,,610,11,9,10,2023-11-09T08:00:00+08:00,689,756,365,1206,246
,,,,,,,,,611,11,9,11,2023-11-09T09:00:00+08:00,768,844,407,1346,275
,,,,,,,,,612,11,9,12,2023-11-09T10:00:00+08:00,803,883,425,1407,287
,,,,,,,,,613,11,9,13,2023-11-09T11:00:00+08:00,821,902,434,1439,293
,,,,,,,,,614,11,9,14,2023-11-09T12:00:00+08:00,816,896,432,1429,292
,,,,,,,,,615,11,9,15,2023-11-09T13:00:00+08:00,805,885,427,1412,288
,,,,,,,,,616,11,9,16,2023-11-09T14:00:00+08:00,850,933,449,1488,303
,,,,,,,,,617,11,9,17,2023-11-09T15:00:00+08:00,867,952,459,1517,309
,,,,,,,,,618,11,9,18,2023-11-09T16:00:00+08:00,863,947,457,1511,308
,,,,,,,,,619,11,9,19,2023-11-09T17:00:00+08:00,846,928,447,1480,302
,,,,,,,,,620,11,9,20,2023-11-09T18:00:00+08:00,803,881,425,1406,287
,,,,,,,,,621,11,9,21,2023-11-09T19:00:00+08:00,828,909,439,1450,295
,,,,,,,,,622,11,9,22,2023-11-09T20:00:00+08:00,846,929,448,1481,302
,,,,,,,,,623,11,9,23,2023-11-09T21:00:00+08:00,832,913,440,1456,296
,,,,,,,,,624,11,9,24,2023-11-09T22:00:00+08:00,804,883,426,1408,287
,,,,,,,,,625,11,10,1,2023-11-09T23:00:00+08:00,785,862,415,1374,281
,,,,,,,,,626,11,10,2,2023-11-10T00:00:00+08:00,747,820,395,1308,267
,,,,,,,,,627,11,10,3,2023-11-10T01:00:00+08:00,712,782,376,1246,255
,,,,,,,,,628,11,10,4,2023-11-10T02:00:00+08:00,688,755,364,1204,245
,,,,,,,,,629,11,10,5,2023-11-10T03:00:00+08:00,668,734,354,1171,239
,,,,,,,,,630,11,10,6,2023-11-10T04:00:00+08:00,656,721,348,1149,234
,,,,,,,,,631,11,10,7,2023-11-10T05:00:00+08:00,640,702,338,1119,228
,,,,,,,,,632,11,10,8,2023-11-10T06:00:00+08:00,653,717,346,1143,233
,,,,,,,,,633,11,10,9,2023-11-10T07:00:00+08:00,658,722,348,1152,234
,,,,,,,,,634,11,10,10,2023-11-10T08:00:00+08:00,666,732,353,1166,238
,,,,,,,,,635,11,10,11,2023-11-10T09:00:00+08:00,734,807,389,1286,262
,,,,,,,,,636,11,10,12,2023-11-10T10:00:00+08:00,772,849,409,1353,276
,,,,,,,,,637,11,10,13,2023-11-10T11:00:00+08:00,796,874,422,1393,284
,,,,,,,,,638,11,10,14,2023-11-10T12:00:00+08:00,799,877,423,1398,286
,,,,,,,,,639,11,10,15,2023-11-10T13:00:00+08:00,784,861,415,1373,280
,,,,,,,,,640,11,10,16,2023-11-10T14:00:00+08:00,803,883,426,1407,287
,,,,,,,,,641,11,10,17,2023-11-10T15:00:00+08:00,842,925,446,1475,301
,,,,,,,,,642,11,10,18,2023-11-10T16:00:00+08:00,849,932,449,1487,303
,,,,,,,,,643,11,10,19,2023-11-10T17:00:00+08:00,833,915,441,1460,298
,,,,,,,,,644,11,10,20,2023-11-10T18:00:00+08:00,790,868,419,1384,282
,,,,,,,,,645,11,10,21,2023-11-10T19:00:00+08:00,817,897,432,1431,292
,,,,,,,,,646,11,10,22,2023-11-10T20:00:00+08:00,835,918,442,1462,299
,,,,,,,,,647,11,10,23,2023-11-10T21:00:00+08:00,818,898,433,1433,293
,,,,,,,,,648,11,10,24,2023-11-10T22:00:00+08:00,795,873,421,1392,284
,,,,,,,,,649,11,11,1,2023-11-10T23:00:00+08:00,782,858,413,1369,278
,,,,,,,,,650,11,11,2,2023-11-11T00:00:00+08:00,755,830,401,1323,270
,,,,,,,,,651,11,11,3,2023-11-11T01:00:00+08:00,716,787,379,1255,256
,,,,,,,,,652,11,11,4,2023-11-11T02:00:00+08:00,694,763,368,1215,248
,,,,,,,,,653,11,11,5,2023-11-11T03:00:00+08:00,668,735,354,1172,239
,,,,,,,,,654,11,11,6,2023-11-11T04:00:00+08:00,653,716,346,1141,233
,,,,,,,,,655,11,11,7,2023-11-11T05:00:00+08:00,640,702,338,1119,228
,,,,,,,,,656,11,11,8,2023-11-11T06:00:00+08:00,643,705,340,1125,230
,,,,,,,,,657,11,11,9,2023-11-11T07:00:00+08:00,633,696,335,1109,226
,,,,,,,,,658,11,11,10,2023-11-11T08:00:00+08:00,606,666,320,1061,217
,,,,,,,,,659,11,11,11,2023-11-11T09:00:00+08:00,657,721,348,1149,234
,,,,,,,,,660,11,11,12,2023-11-11T10:00:00+08:00,689,756,365,1206,246
,,,,,,,,,661,11,11,13,2023-11-11T11:00:00+08:00,708,777,375,1239,252
,,,,,,,,,662,11,11,14,2023-11-11T12:00:00+08:00,705,773,373,1233,251
,,,,,,,,,663,11,11,15,2023-11-11T13:00:00+08:00,699,768,370,1224,250
,,,,,,,,,664,11,11,16,2023-11-11T14:00:00+08:00,719,790,381,1260,257
,,,,,,,,,665,11,11,17,2023-11-11T15:00:00+08:00,746,820,395,1307,267
,,,,,,,,,666,11,11,18,2023-11-11T16:00:00+08:00,753,827,398,1319,269
,,,,,,,,,667,11,11,19,2023-11-11T17:00:00+08:00,747,820,395,1308,267
,,,,,,,,,668,11,11,20,2023-11-11T18:00:00+08:00,741,813,392,1297,264
,,,,,,,,,669,11,11,21,2023-11-11T19:00:00+08:00,777,854,411,1361,277
,,,,,,,,,670,11,11,22,2023-11-11T20:00:00+08:00,794,871,420,1389,283
,,,,,,,,,671,11,11,23,2023-11-11T21:00:00+08:00,780,856,412,1365,278
,,,,,,,,,672,11,11,24,2023-11-11T22:00:00+08:00,764,839,404,1337,273
,,,,,,,,,673,2,19,1,2023-02-18T23:50:00+08:00,717,788,379,1256,256
,,,,,,,,,674,2,19,2,2023-02-19T00:50:00+08:00,689,756,365,1206,246
,,,,,,,,,675,2,19,3,2023-02-19T01:50:00+08:00,665,731,352,1166,238
,,,,,,,,,676,2,19,4,2023-02-19T02:50:00+08:00,637,700,337,1115,227
,,,,,,,,,677,2,19,5,2023-02-19T03:50:00+08:00,618,678,327,1080,220
,,,,,,,,,678,2,19,6,2023-02-19T04:50:00+08:00,610,670,322,1068,218
,,,,,,,,,679,2,19,7,2023-02-19T05:50:00+08:00,606,665,320,1061,217
,,,,,,,,,680,2,19,8,2023-02-19T06:50:00+08:00,596,654,316,1044,213
,,,,,,,,,681,2,19,9,2023-02-19T07:50:00+08:00,562,618,298,985,201
,,,,,,,,,682,2,19,10,2023-02-19T08:50:00+08:00,580,637,308,1016,207
,,,,,,,,,683,2,19,11,2023-02-19T09:50:00+08:00,604,663,319,1057,215
,,,,,,,,,684,2,19,12,2023-02-19T10:50:00+08:00,625,686,331,1094,224
,,,,,,,,,685,2,19,13,2023-02-19T11:50:00+08:00,629,691,333,1102,225
,,,,,,,,,686,2,19,14,2023-02-19T12:50:00+08:00,631,693,334,1106,225
,,,,,,,,,687,2,19,15,2023-02-19T13:50:00+08:00,655,719,347,1147,233
,,,,,,,,,688,2,19,16,2023-02-19T14:50:00+08:00,672,738,355,1176,240
,,,,,,,,,689,2,19,17,2023-02-19T15:50:00+08:00,675,741,357,1182,240
,,,,,,,,,690,2,19,18,2023-02-19T16:50:00+08:00,679,747,359,1189,243
,,,,,,,,,691,2,19,19,2023-02-19T17:50:00+08:00,664,730,352,1163,237
,,,,,,,,,692,2,19,20,2023-02-19T18:50:00+08:00,668,734,354,1170,238
,,,,,,,,,693,2,19,21,2023-02-19T19:50:00+08:00,738,811,391,1294,264
,,,,,,,,,694,2,19,22,2023-02-19T20:50:00+08:00,743,816,393,1300,265
,,,,,,,,,695,2,19,23,2023-02-19T21:50:00+08:00,735,807,389,1287,263
,,,,,,,,,696,2,19,24,2023-02-19T22:50:00+08:00,723,793,383,1264,258
,,,,,,,,,697,2,20,1,2023-02-19T23:50:00+08:00,697,766,369,1220,249
,,,,,,,,,698,2,20,2,2023-02-20T00:50:00+08:00,659,723,349,1154,236
,,,,,,,,,699,2,20,3,2023-02-20T01:50:00+08:00,630,692,334,1104,225
,,,,,,,,,700,2,20,4,2023-02-20T02:50:00+08:00,612,673,324,1073,219
,,,,,,,,,701,2,20,5,2023-02-20T03:50:00+08:00,599,658,317,1051,214
,,,,,,,,,702,2,20,6,2023-02-20T04:50:00+08:00,592,651,314,1038,212
,,,,,,,,,703,2,20,7,2023-02-20T05:50:00+08:00,598,656,316,1047,213
,,,,,,,,,704,2,20,8,2023-02-20T06:50:00+08:00,615,676,326,1078,220
,,,,,,,,,705,2,20,9,2023-02-20T07:50:00+08:00,642,705,339,1124,230
,,,,,,,,,706,2,20,10,2023-02-20T08:50:00+08:00,723,793,383,1264,258
,,,,,,,,,707,2,20,11,2023-02-20T09:50:00+08:00,767,842,406,1344,274
,,,,,,,,,708,2,20,12,2023-02-20T10:50:00+08:00,793,870,420,1388,283
,,,,,,,,,709,2,20,13,2023-02-20T11:50:00+08:00,798,876,422,1396,284
,,,,,,,,,710,2,20,14,2023-02-20T12:50:00+08:00,787,866,416,1379,281
,,,,,,,,,711,2,20,15,2023-02-20T13:50:00+08:00,813,893,430,1424,290
,,,,,,,,,712,2,20,16,2023-02-20T14:50:00+08:00,841,924,445,1473,300
,,,,,,,,,713,2,20,17,2023-02-20T15:50:00+08:00,841,924,445,1474,300
,,,,,,,,,714,2,20,18,2023-02-20T16:50:00+08:00,836,918,443,1464,299
,,,,,,,,,715,2,20,19,2023-02-20T17:50:00+08:00,783,860,414,1372,280
,,,,,,,,,716,2,20,20,2023-02-20T18:50:00+08:00,763,838,404,1336,273
,,,,,,,,,717,2,20,21,2023-02-20T19:50:00+08:00,814,893,430,1425,290
,,,,,,,,,718,2,20,22,2023-02-20T20:50:00+08:00,813,893,430,1424,290
,,,,,,,,,719,2,20,23,2023-02-20T21:50:00+08:00,788,866,418,1380,281
,,,,,,,,,720,2,20,24,2023-02-20T22:50:00+08:00,764,839,404,1337,273
,,,,,,,,,721,2,21,1,2023-02-20T23:50:00+08:00,735,808,389,1288,263
,,,,,,,,,722,2,21,2,2023-02-21T00:50:00+08:00,697,766,369,1221,249
,,,,,,,,,723,2,21,3,2023-02-21T01:50:00+08:00,669,735,354,1172,239
,,,,,,,,,724,2,21,4,2023-02-21T02:50:00+08:00,651,715,345,1140,232
,,,,,,,,,725,2,21,5,2023-02-21T03:50:00+08:00,629,691,333,1102,225
,,,,,,,,,726,2,21,6,2023-02-21T04:50:00+08:00,621,682,329,1088,221
,,,,,,,,,727,2,21,7,2023-02-21T05:50:00+08:00,625,687,331,1095,224
,,,,,,,,,728,2,21,8,2023-02-21T06:50:00+08:00,642,704,339,1124,228
,,,,,,,,,729,2,21,9,2023-02-21T07:50:00+08:00,651,716,345,1141,232
,,,,,,,,,730,2,21,10,2023-02-21T08:50:00+08:00,728,800,386,1274,259
,,,,,,,,,731,2,21,11,2023-02-21T09:50:00+08:00,767,842,406,1343,274
,,,,,,,,,732,2,21,12,2023-02-21T10:50:00+08:00,789,867,418,1382,282
,,,,,,,,,733,2,21,13,2023-02-21T11:50:00+08:00,789,868,419,1383,282
,,,,,,,,,734,2,21,14,2023-02-21T12:50:00+08:00,781,857,413,1367,278
,,,,,,,,,735,2,21,15,2023-02-21T13:50:00+08:00,807,887,427,1414,288
,,,,,,,,,736,2,21,16,2023-02-21T14:50:00+08:00,839,922,444,1469,300
,,,,,,,,,737,2,21,17,2023-02-21T15:50:00+08:00,848,931,449,1485,302
,,,,,,,,,738,2,21,18,2023-02-21T16:50:00+08:00,839,921,444,1469,300
,,,,,,,,,739,2,21,19,2023-02-21T17:50:00+08:00,786,863,416,1377,281
,,,,,,,,,740,2,21,20,2023-02-21T18:50:00+08:00,767,842,406,1343,274
,,,,,,,,,741,2,21,21,2023-02-21T19:50:00+08:00,820,902,434,1437,293
,,,,,,,,,742,2,21,22,2023-02-21T20:50:00+08:00,817,897,432,1430,292
,,,,,,,,,743,2,21,23,2023-02-21T21:50:00+08:00,793,871,420,1388,283
,,,,,,,,,744,2,21,24,2023-02-21T22:50:00+08:00,777,853,411,1360,277
,,,,,,,,,745,2,22,1,2023-02-21T23:50:00+08:00,743,816,393,1299,265
,,,,,,,,,746,2,22,2,2023-02-22T00:50:00+08:00,701,770,371,1228,250
,,,,,,,,,747,2,22,3,2023-02-22T01:50:00+08:00,674,740,357,1180,240
,,,,,,,,,748,2,22,4,2023-02-22T02:50:00+08:00,648,713,344,1136,232
,,,,,,,,,749,2,22,5,2023-02-22T03:50:00+08:00,638,701,337,1117,227
,,,,,,,,,750,2,22,6,2023-02-22T04:50:00+08:00,629,691,333,1103,225
,,,,,,,,,751,2,22,7,2023-02-22T05:50:00+08:00,634,697,336,1111,226
,,,,,,,,,752,2,22,8,2023-02-22T06:50:00+08:00,647,710,342,1134,231
,,,,,,,,,753,2,22,9,2023-02-22T07:50:00+08:00,656,720,347,1148,234
,,,,,,,,,754,2,22,10,2023-02-22T08:50:00+08:00,727,798,385,1272,259
,,,,,,,,,755,2,22,11,2023-02-22T09:50:00+08:00,766,842,406,1342,274
,,,,,,,,,756,2,22,12,2023-02-22T10:50:00+08:00,783,860,414,1371,280
,,,,,,,,,757,2,22,13,2023-02-22T11:50:00+08:00,792,869,419,1385,282
,,,,,,,,,758,2,22,14,2023-02-22T12:50:00+08:00,771,847,408,1352,276
,,,,,,,,,759,2,22,15,2023-02-22T13:50:00+08:00,798,876,422,1396,284
,,,,,,,,,760,2,22,16,2023-02-22T14:50:00+08:00,829,909,439,1450,295
,,,,,,,,,761,2,22,17,2023-02-22T15:50:00+08:00,836,918,443,1464,299
,,,,,,,,,762,2,22,18,2023-02-22T16:50:00+08:00,834,915,442,1461,298
,,,,,,,,,763,2,22,19,2023-02-22T17:50:00+08:00,784,861,415,1373,280
,,,,,,,,,764,2,22,20,2023-02-22T18:50:00+08:00,771,847,408,1352,276
,,,,,,,,,765,2,22,21,2023-02-22T19:50:00+08:00,824,905,437,1443,294
,,,,,,,,,766,2,22,22,2023-02-22T20:50:00+08:00,816,896,432,1429,292
,,,,,,,,,767,2,22,23,2023-02-22T21:50:00+08:00,796,874,422,1394,284
,,,,,,,,,768,2,22,24,2023-02-22T22:50:00+08:00,781,857,413,1367,278
,,,,,,,,,769,2,23,1,2023-02-22T23:50:00+08:00,748,821,395,1309,267
,,,,,,,,,770,2,23,2,2023-02-23T00:50:00+08:00,709,778,375,1242,253
,,,,,,,,,771,2,23,3,2023-02-23T01:50:00+08:00,677,743,358,1186,242
,,,,,,,,,772,2,23,4,2023-02-23T02:50:00+08:00,657,721,348,1150,234
,,,,,,,,,773,2,23,5,2023-02-23T03:50:00+08:00,638,700,337,1116,227
,,,,,,,,,774,2,23,6,2023-02-23T04:50:00+08:00,628,689,332,1099,224
,,,,,,,,,775,2,23,7,2023-02-23T05:50:00+08:00,629,691,333,1102,225
,,,,,,,,,776,2,23,8,2023-02-23T06:50:00+08:00,645,708,341,1129,231
,,,,,,,,,777,2,23,9,2023-02-23T07:50:00+08:00,655,720,347,1148,234
,,,,,,,,,778,2,23,10,2023-02-23T08:50:00+08:00,728,799,385,1274,259
,,,,,,,,,779,2,23,11,2023-02-23T09:50:00+08:00,768,843,407,1345,274
,,,,,,,,,780,2,23,12,2023-02-23T10:50:00+08:00,793,871,420,1389,283
,,,,,,,,,781,2,23,13,2023-02-23T11:50:00+08:00,793,871,420,1389,283
,,,,,,,,,782,2,23,14,2023-02-23T12:50:00+08:00,781,858,413,1368,278
,,,,,,,,,783,2,23,15,2023-02-23T13:50:00+08:00,812,892,430,1421,290
,,,,,,,,,784,2,23,16,2023-02-23T14:50:00+08:00,824,906,437,1444,294
,,,,,,,,,785,2,23,17,2023-02-23T15:50:00+08:00,833,914,441,1457,298
,,,,,,,,,786,2,23,18,2023-02-23T16:50:00+08:00,828,909,439,1450,295
,,,,,,,,,787,2,23,19,2023-02-23T17:50:00+08:00,785,862,415,1376,281
,,,,,,,,,788,2,23,20,2023-02-23T18:50:00+08:00,767,842,406,1343,274
,,,,,,,,,789,2,23,21,2023-02-23T19:50:00+08:00,825,907,438,1446,295
,,,,,,,,,790,2,23,22,2023-02-23T20:50:00+08:00,818,898,432,1431,292
,,,,,,,,,791,2,23,23,2023-02-23T21:50:00+08:00,792,870,420,1386,283
,,,,,,,,,792,2,23,24,2023-02-23T22:50:00+08:00,779,855,412,1364,278
,,,,,,,,,793,2,24,1,2023-02-23T23:50:00+08:00,749,822,396,1311,268
,,,,,,,,,794,2,24,2,2023-02-24T00:50:00+08:00,712,782,377,1247,255
,,,,,,,,,795,2,24,3,2023-02-24T01:50:00+08:00,682,749,360,1194,244
,,,,,,,,,796,2,24,4,2023-02-24T02:50:00+08:00,661,725,350,1158,236
,,,,,,,,,797,2,24,5,2023-02-24T03:50:00+08:00,638,701,338,1117,227
,,,,,,,,,798,2,24,6,2023-02-24T04:50:00+08:00,626,688,332,1097,224
,,,,,,,,,799,2,24,7,2023-02-24T05:50:00+08:00,637,699,337,1114,227
,,,,,,,,,800,2,24,8,2023-02-24T06:50:00+08:00,642,704,339,1124,228
,,,,,,,,,801,2,24,9,2023-02-24T07:50:00+08:00,647,710,342,1133,231
,,,,,,,,,802,2,24,10,2023-02-24T08:50:00+08:00,712,783,377,1247,255
,,,,,,,,,803,2,24,11,2023-02-24T09:50:00+08:00,748,822,396,1310,267
,,,,,,,,,804,2,24,12,2023-02-24T10:50:00+08:00,765,840,405,1340,274
,,,,,,,,,805,2,24,13,2023-02-24T11:50:00+08:00,776,852,410,1358,277
,,,,,,,,,806,2,24,14,2023-02-24T12:50:00+08:00,759,833,402,1328,271
,,,,,,,,,807,2,24,15,2023-02-24T13:50:00+08:00,768,843,407,1345,274
,,,,,,,,,808,2,24,16,2023-02-24T14:50:00+08:00,801,880,424,1403,286
,,,,,,,,,809,2,24,17,2023-02-24T15:50:00+08:00,822,904,435,1441,294
,,,,,,,,,810,2,24,18,2023-02-24T16:50:00+08:00,825,907,438,1446,295
,,,,,,,,,811,2,24,19,2023-02-24T17:50:00+08:00,784,861,415,1373,280
,,,,,,,,,812,2,24,20,2023-02-24T18:50:00+08:00,765,840,405,1340,273
,,,,,,,,,813,2,24,21,2023-02-24T19:50:00+08:00,816,896,432,1429,292
,,,,,,,,,814,2,24,22,2023-02-24T20:50:00+08:00,808,888,428,1416,289
,,,,,,,,,815,2,24,23,2023-02-24T21:50:00+08:00,788,866,418,1381,282
,,,,,,,,,816,2,24,24,2023-02-24T22:50:00+08:00,777,853,411,1360,277
,,,,,,,,,817,2,25,1,2023-02-24T23:50:00+08:00,750,824,397,1313,268
,,,,,,,,,818,2,25,2,2023-02-25T00:50:00+08:00,710,780,376,1244,253
,,,,,,,,,819,2,25,3,2023-02-25T01:50:00+08:00,684,752,363,1199,244
,,,,,,,,,820,2,25,4,2023-02-25T02:50:00+08:00,659,724,349,1154,236
,,,,,,,,,821,2,25,5,2023-02-25T03:50:00+08:00,639,701,338,1118,228
,,,,,,,,,822,2,25,6,2023-02-25T04:50:00+08:00,625,686,331,1093,223
,,,,,,,,,823,2,25,7,2023-02-25T05:50:00+08:00,623,684,330,1091,223
,,,,,,,,,824,2,25,8,2023-02-25T06:50:00+08:00,621,682,329,1087,221
,,,,,,,,,825,2,25,9,2023-02-25T07:50:00+08:00,599,658,317,1050,214
,,,,,,,,,826,2,25,10,2023-02-25T08:50:00+08:00,646,709,341,1130,231
,,,,,,,,,827,2,25,11,2023-02-25T09:50:00+08:00,677,743,358,1185,242
,,,,,,,,,828,2,25,12,2023-02-25T10:50:00+08:00,702,771,372,1230,251
,,,,,,,,,829,2,25,13,2023-02-25T11:50:00+08:00,702,772,372,1231,251
,,,,,,,,,830,2,25,14,2023-02-25T12:50:00+08:00,684,752,363,1199,244
,,,,,,,,,831,2,25,15,2023-02-25T13:50:00+08:00,698,767,369,1222,249
,,,,,,,,,832,2,25,16,2023-02-25T14:50:00+08:00,711,781,376,1245,253
,,,,,,,,,833,2,25,17,2023-02-25T15:50:00+08:00,721,792,382,1263,257
,,,,,,,,,834,2,25,18,2023-02-25T16:50:00+08:00,725,795,384,1269,258
,,,,,,,,,835,2,25,19,2023-02-25T17:50:00+08:00,706,774,373,1235,252
,,,,,,,,,836,2,25,20,2023-02-25T18:50:00+08:00,708,777,374,1239,252
,,,,,,,,,837,2,25,21,2023-02-25T19:50:00+08:00,766,841,406,1342,274
,,,,,,,,,838,2,25,22,2023-02-25T20:50:00+08:00,764,839,405,1337,273
,,,,,,,,,839,2,25,23,2023-02-25T21:50:00+08:00,746,819,394,1306,267
,,,,,,,,,840,2,25,24,2023-02-25T22:50:00+08:00,731,803,387,1281,261
,,,,,,,,,841,11,12,1,2023-11-11T23:00:00+08:00,748,822,396,1310,268
,,,,,,,,,842,11,12,2,2023-11-12T00:00:00+08:00,721,792,382,1263,257
,,,,,,,,,843,11,12,3,2023-11-12T01:00:00+08:00,695,763,368,1216,248
,,,,,,,,,844,11,12,4,2023-11-12T02:00:00+08:00,673,739,356,1178,240
,,,,,,,,,845,11,12,5,2023-11-12T03:00:00+08:00,647,710,342,1133,231
,,,,,,,,,846,11,12,6,2023-11-12T04:00:00+08:00,629,691,333,1102,225
,,,,,,,,,847,11,12,7,2023-11-12T05:00:00+08:00,619,680,328,1083,221
,,,,,,,,,848,11,12,8,2023-11-12T06:00:00+08:00,616,678,327,1080,220
,,,,,,,,,849,11,12,9,2023-11-12T07:00:00+08:00,599,658,318,1051,214
,,,,,,,,,850,11,12,10,2023-11-12T08:00:00+08:00,552,606,292,967,198
,,,,,,,,,851,11,12,11,2023-11-12T09:00:00+08:00,550,603,291,961,196
,,,,,,,,,852,11,12,12,2023-11-12T10:00:00+08:00,576,632,304,1008,206
,,,,,,,,,853,11,12,13,2023-11-12T11:00:00+08:00,593,651,314,1039,212
,,,,,,,,,854,11,12,14,2023-11-12T12:00:00+08:00,594,652,315,1041,212
,,,,,,,,,855,11,12,15,2023-11-12T13:00:00+08:00,603,662,319,1055,215
,,,,,,,,,856,11,12,16,2023-11-12T14:00:00+08:00,620,681,328,1086,221
,,,,,,,,,857,11,12,17,2023-11-12T15:00:00+08:00,643,706,340,1126,230
,,,,,,,,,858,11,12,18,2023-11-12T16:00:00+08:00,657,722,348,1151,234
,,,,,,,,,859,11,12,19,2023-11-12T17:00:00+08:00,659,723,349,1153,236
,,,,,,,,,860,11,12,20,2023-11-12T18:00:00+08:00,660,725,350,1156,236
,,,,,,,,,861,11,12,21,2023-11-12T19:00:00+08:00,707,776,374,1237,252
,,,,,,,,,862,11,12,22,2023-11-12T20:00:00+08:00,738,811,391,1293,264
,,,,,,,,,863,11,12,23,2023-11-12T21:00:00+08:00,733,805,388,1284,262
,,,,,,,,,864,11,12,24,2023-11-12T22:00:00+08:00,719,790,381,1260,257
,,,,,,,,,865,11,13,1,2023-11-12T23:00:00+08:00,714,785,378,1251,255
,,,,,,,,,866,11,13,2,2023-11-13T00:00:00+08:00,697,766,369,1222,249
,,,,,,,,,867,11,13,3,2023-11-13T01:00:00+08:00,665,731,352,1165,238
,,,,,,,,,868,11,13,4,2023-11-13T02:00:00+08:00,643,706,340,1126,230
,,,,,,,,,869,11,13,5,2023-11-13T03:00:00+08:00,621,681,329,1086,221
,,,,,,,,,870,11,13,6,2023-11-13T04:00:00+08:00,598,657,317,1047,213
,,,,,,,,,871,11,13,7,2023-11-13T05:00:00+08:00,594,652,315,1041,212
,,,,,,,,,872,11,13,8,2023-11-13T06:00:00+08:00,594,652,314,1040,212
,,,,,,,,,873,11,13,9,2023-11-13T07:00:00+08:00,580,637,308,1017,207
,,,,,,,,,874,11,13,10,2023-11-13T08:00:00+08:00,564,620,299,990,201
,,,,,,,,,875,11,13,11,2023-11-13T09:00:00+08:00,592,650,313,1037,212
,,,,,,,,,876,11,13,12,2023-11-13T10:00:00+08:00,627,688,332,1098,224
,,,,,,,,,877,11,13,13,2023-11-13T11:00:00+08:00,651,716,345,1140,232
,,,,,,,,,878,11,13,14,2023-11-13T12:00:00+08:00,661,726,350,1158,236
,,,,,,,,,879,11,13,15,2023-11-13T13:00:00+08:00,672,737,355,1175,239
,,,,,,,,,880,11,13,16,2023-11-13T14:00:00+08:00,694,761,367,1214,248
,,,,,,,,,881,11,13,17,2023-11-13T15:00:00+08:00,712,782,377,1247,255
,,,,,,,,,882,11,13,18,2023-11-13T16:00:00+08:00,714,784,377,1249,255
,,,,,,,,,883,11,13,19,2023-11-13T17:00:00+08:00,706,775,374,1236,252
,,,,,,,,,884,11,13,20,2023-11-13T18:00:00+08:00,693,760,367,1213,248
,,,,,,,,,885,11,13,21,2023-11-13T19:00:00+08:00,741,812,392,1296,264
,,,,,,,,,886,11,13,22,2023-11-13T20:00:00+08:00,763,838,404,1335,273
,,,,,,,,,887,11,13,23,2023-11-13T21:00:00+08:00,758,832,401,1325,270
,,,,,,,,,888,11,13,24,2023-11-13T22:00:00+08:00,744,817,394,1303,265
,,,,,,,,,889,11,14,1,2023-11-13T23:00:00+08:00,734,806,389,1286,262
,,,,,,,,,890,11,14,2,2023-11-14T00:00:00+08:00,706,775,374,1236,252
,,,,,,,,,891,11,14,3,2023-11-14T01:00:00+08:00,669,735,354,1172,239
,,,,,,,,,892,11,14,4,2023-11-14T02:00:00+08:00,649,713,344,1137,232
,,,,,,,,,893,11,14,5,2023-11-14T03:00:00+08:00,632,695,335,1106,226
,,,,,,,,,894,11,14,6,2023-11-14T04:00:00+08:00,613,674,324,1075,219
,,,,,,,,,895,11,14,7,2023-11-14T05:00:00+08:00,606,665,320,1061,217
,,,,,,,,,896,11,14,8,2023-11-14T06:00:00+08:00,615,675,326,1077,219
,,,,,,,,,897,11,14,9,2023-11-14T07:00:00+08:00,624,686,331,1093,223
,,,,,,,,,898,11,14,10,2023-11-14T08:00:00+08:00,662,727,351,1160,237
,,,,,,,,,899,11,14,11,2023-11-14T09:00:00+08:00,750,823,396,1312,268
,,,,,,,,,900,11,14,12,2023-11-14T10:00:00+08:00,788,866,418,1380,281
,,,,,,,,,901,11,14,13,2023-11-14T11:00:00+08:00,808,888,428,1416,289
,,,,,,,,,902,11,14,14,2023-11-14T12:00:00+08:00,810,889,428,1418,289
,,,,,,,,,903,11,14,15,2023-11-14T13:00:00+08:00,800,879,424,1402,286
,,,,,,,,,904,11,14,16,2023-11-14T14:00:00+08:00,829,910,439,1451,296
,,,,,,,,,905,11,14,17,2023-11-14T15:00:00+08:00,848,931,449,1485,302
,,,,,,,,,906,11,14,18,2023-11-14T16:00:00+08:00,862,946,456,1509,307
,,,,,,,,,907,11,14,19,2023-11-14T17:00:00+08:00,839,922,444,1469,300
,,,,,,,,,908,11,14,20,2023-11-14T18:00:00+08:00,794,872,421,1391,283
,,,,,,,,,909,11,14,21,2023-11-14T19:00:00+08:00,820,901,434,1436,293
,,,,,,,,,910,11,14,22,2023-11-14T20:00:00+08:00,841,925,446,1474,301
,,,,,,,,,911,11,14,23,2023-11-14T21:00:00+08:00,831,912,440,1455,296
,,,,,,,,,912,11,14,24,2023-11-14T22:00:00+08:00,808,889,428,1417,289
,,,,,,,,,913,11,15,1,2023-11-14T23:00:00+08:00,788,867,418,1381,282
,,,,,,,,,914,11,15,2,2023-11-15T00:00:00+08:00,747,820,395,1307,267
,,,,,,,,,915,11,15,3,2023-11-15T01:00:00+08:00,715,785,378,1252,256
,,,,,,,,,916,11,15,4,2023-11-15T02:00:00+08:00,691,758,366,1209,246
,,,,,,,,,917,11,15,5,2023-11-15T03:00:00+08:00,664,730,352,1164,237
,,,,,,,,,918,11,15,6,2023-11-15T04:00:00+08:00,651,716,345,1141,233
,,,,,,,,,919,11,15,7,2023-11-15T05:00:00+08:00,645,708,341,1129,230
,,,,,,,,,920,11,15,8,2023-11-15T06:00:00+08:00,654,718,347,1146,233
,,,,,,,,,921,11,15,9,2023-11-15T07:00:00+08:00,653,717,346,1143,233
,,,,,,,,,922,11,15,10,2023-11-15T08:00:00+08:00,675,741,357,1182,240
,,,,,,,,,923,11,15,11,2023-11-15T09:00:00+08:00,754,828,400,1320,269
,,,,,,,,,924,11,15,12,2023-11-15T10:00:00+08:00,797,875,422,1396,284
,,,,,,,,,925,11,15,13,2023-11-15T11:00:00+08:00,824,905,437,1443,294
,,,,,,,,,926,11,15,14,2023-11-15T12:00:00+08:00,830,911,440,1453,296
,,,,,,,,,927,11,15,15,2023-11-15T13:00:00+08:00,820,902,434,1437,293
,,,,,,,,,928,11,15,16,2023-11-15T14:00:00+08:00,851,935,450,1490,303
,,,,,,,,,929,11,15,17,2023-11-15T15:00:00+08:00,868,954,460,1521,311
,,,,,,,,,930,11,15,18,2023-11-15T16:00:00+08:00,874,960,463,1531,312
,,,,,,,,,931,11,15,19,2023-11-15T17:00:00+08:00,858,943,455,1503,307
,,,,,,,,,932,11,15,20,2023-11-15T18:00:00+08:00,805,885,427,1410,288
,,,,,,,,,933,11,15,21,2023-11-15T19:00:00+08:00,828,909,439,1450,295
,,,,,,,,,934,11,15,22,2023-11-15T20:00:00+08:00,842,925,446,1476,301
,,,,,,,,,935,11,15,23,2023-11-15T21:00:00+08:00,831,913,440,1456,296
,,,,,,,,,936,11,15,24,2023-11-15T22:00:00+08:00,811,891,429,1420,289
,,,,,,,,,937,11,16,1,2023-11-15T23:00:00+08:00,792,869,419,1385,282
,,,,,,,,,938,11,16,2,2023-11-16T00:00:00+08:00,747,820,395,1308,267
,,,,,,,,,939,11,16,3,2023-11-16T01:00:00+08:00,710,781,376,1244,253
,,,,,,,,,940,11,16,4,2023-11-16T02:00:00+08:00,684,752,363,1199,244
,,,,,,,,,941,11,16,5,2023-11-16T03:00:00+08:00,666,732,353,1167,238
,,,,,,,,,942,11,16,6,2023-11-16T04:00:00+08:00,648,713,344,1136,232
,,,,,,,,,943,11,16,7,2023-11-16T05:00:00+08:00,646,709,341,1131,231
,,,,,,,,,944,11,16,8,2023-11-16T06:00:00+08:00,665,731,352,1164,238
,,,,,,,,,945,11,16,9,2023-11-16T07:00:00+08:00,660,725,350,1155,236
,,,,,,,,,946,11,16,10,2023-11-16T08:00:00+08:00,681,749,360,1194,243
,,,,,,,,,947,11,16,11,2023-11-16T09:00:00+08:00,759,834,402,1330,271
,,,,,,,,,948,11,16,12,2023-11-16T10:00:00+08:00,800,878,424,1401,286
,,,,,,,,,949,11,16,13,2023-11-16T11:00:00+08:00,824,906,437,1444,294
,,,,,,,,,950,11,16,14,2023-11-16T12:00:00+08:00,821,902,434,1438,293
,,,,,,,,,951,11,16,15,2023-11-16T13:00:00+08:00,811,891,429,1420,289
,,,,,,,,,952,11,16,16,2023-11-16T14:00:00+08:00,849,932,449,1487,303
,,,,,,,,,953,11,16,17,2023-11-16T15:00:00+08:00,881,967,466,1542,314
,,,,,,,,,954,11,16,18,2023-11-16T16:00:00+08:00,883,970,467,1546,315
,,,,,,,,,955,11,16,19,2023-11-16T17:00:00+08:00,864,948,457,1512,308
,,,,,,,,,956,11,16,20,2023-11-16T18:00:00+08:00,817,897,432,1430,292
,,,,,,,,,957,11,16,21,2023-11-16T19:00:00+08:00,833,914,441,1458,298
,,,,,,,,,958,11,16,22,2023-11-16T20:00:00+08:00,852,936,451,1492,305
,,,,,,,,,959,11,16,23,2023-11-16T21:00:00+08:00,839,922,444,1469,300
,,,,,,,,,960,11,16,24,2023-11-16T22:00:00+08:00,815,895,431,1427,290
,,,,,,,,,961,11,17,1,2023-11-16T23:00:00+08:00,795,873,421,1392,283
,,,,,,,,,962,11,17,2,2023-11-17T00:00:00+08:00,760,834,402,1330,271
,,,,,,,,,963,11,17,3,2023-11-17T01:00:00+08:00,720,792,382,1262,257
,,,,,,,,,964,11,17,4,2023-11-17T02:00:00+08:00,698,767,370,1223,250
,,,,,,,,,965,11,17,5,2023-11-17T03:00:00+08:00,676,742,358,1184,242
,,,,,,,,,966,11,17,6,2023-11-17T04:00:00+08:00,660,725,350,1155,236
,,,,,,,,,967,11,17,7,2023-11-17T05:00:00+08:00,653,717,346,1143,233
,,,,,,,,,968,11,17,8,2023-11-17T06:00:00+08:00,648,712,342,1135,231
,,,,,,,,,969,11,17,9,2023-11-17T07:00:00+08:00,656,720,347,1148,234
,,,,,,,,,970,11,17,10,2023-11-17T08:00:00+08:00,671,737,355,1175,239
,,,,,,,,,971,11,17,11,2023-11-17T09:00:00+08:00,743,816,393,1301,265
,,,,,,,,,972,11,17,12,2023-11-17T10:00:00+08:00,779,855,412,1364,278
,,,,,,,,,973,11,17,13,2023-11-17T11:00:00+08:00,808,889,428,1417,289
,,,,,,,,,974,11,17,14,2023-11-17T12:00:00+08:00,810,889,428,1417,289
,,,,,,,,,975,11,17,15,2023-11-17T13:00:00+08:00,794,872,421,1391,283
,,,,,,,,,976,11,17,16,2023-11-17T14:00:00+08:00,818,898,433,1432,292
,,,,,,,,,977,11,17,17,2023-11-17T15:00:00+08:00,857,942,453,1502,306
,,,,,,,,,978,11,17,18,2023-11-17T16:00:00+08:00,860,945,456,1507,307
,,,,,,,,,979,11,17,19,2023-11-17T17:00:00+08:00,846,929,448,1481,302
,,,,,,,,,980,11,17,20,2023-11-17T18:00:00+08:00,804,883,426,1408,287
,,,,,,,,,981,11,17,21,2023-11-17T19:00:00+08:00,824,905,437,1443,294
,,,,,,,,,982,11,17,22,2023-11-17T20:00:00+08:00,841,925,446,1475,301
,,,,,,,,,983,11,17,23,2023-11-17T21:00:00+08:00,827,908,438,1448,295
,,,,,,,,,984,11,17,24,2023-11-17T22:00:00+08:00,803,883,425,1407,287
,,,,,,,,,985,11,18,1,2023-11-17T23:00:00+08:00,783,860,414,1371,280
,,,,,,,,,986,11,18,2,2023-11-18T00:00:00+08:00,755,829,400,1322,270
,,,,,,,,,987,11,18,3,2023-11-18T01:00:00+08:00,718,789,381,1259,257
,,,,,,,,,988,11,18,4,2023-11-18T02:00:00+08:00,697,766,369,1221,249
,,,,,,,,,989,11,18,5,2023-11-18T03:00:00+08:00,678,744,358,1187,242
,,,,,,,,,990,11,18,6,2023-11-18T04:00:00+08:00,656,720,347,1148,234
,,,,,,,,,991,11,18,7,2023-11-18T05:00:00+08:00,648,713,344,1136,232
,,,,,,,,,992,11,18,8,2023-11-18T06:00:00+08:00,650,715,345,1140,232
,,,,,,,,,993,11,18,9,2023-11-18T07:00:00+08:00,639,702,338,1118,228
,,,,,,,,,994,11,18,10,2023-11-18T08:00:00+08:00,627,689,332,1099,224
,,,,,,,,,995,11,18,11,2023-11-18T09:00:00+08:00,680,747,360,1190,243
,,,,,,,,,996,11,18,12,2023-11-18T10:00:00+08:00,714,784,377,1250,255
,,,,,,,,,997,11,18,13,2023-11-18T11:00:00+08:00,742,815,392,1298,264
,,,,,,,,,998,11,18,14,2023-11-18T12:00:00+08:00,741,813,392,1297,264
,,,,,,,,,999,11,18,15,2023-11-18T13:00:00+08:00,731,803,387,1281,261
,,,,,,,,,1000,11,18,16,2023-11-18T14:00:00+08:00,749,822,396,1311,268
,,,,,,,,,1001,11,18,17,2023-11-18T15:00:00+08:00,754,828,400,1321,269
,,,,,,,,,1002,11,18,18,2023-11-18T16:00:00+08:00,760,834,402,1330,271
,,,,,,,,,1003,11,18,19,2023-11-18T17:00:00+08:00,756,830,401,1324,270
,,,,,,,,,1004,11,18,20,2023-11-18T18:00:00+08:00,744,817,393,1301,265
,,,,,,,,,1005,11,18,21,2023-11-18T19:00:00+08:00,779,855,412,1364,278
,,,,,,,,,1006,11,18,22,2023-11-18T20:00:00+08:00,801,879,424,1402,286
,,,,,,,,,1007,11,18,23,2023-11-18T21:00:00+08:00,789,868,418,1383,282
,,,,,,,,,1008,11,18,24,2023-11-18T22:00:00+08:00,771,847,408,1351,275
,,,,,,,,,1009,9,24,1,2023-09-23T23:00:00+08:00,761,836,403,1333,271
,,,,,,,,,1010,9,24,2,2023-09-24T00:00:00+08:00,731,803,387,1281,261
,,,,,,,,,1011,9,24,3,2023-09-24T01:00:00+08:00,699,768,370,1224,250
,,,,,,,,,1012,9,24,4,2023-09-24T02:00:00+08:00,669,736,355,1173,239
,,,,,,,,,1013,9,24,5,2023-09-24T03:00:00+08:00,647,712,342,1134,231
,,,,,,,,,1014,9,24,6,2023-09-24T04:00:00+08:00,636,698,336,1113,227
,,,,,,,,,1015,9,24,7,2023-09-24T05:00:00+08:00,622,683,329,1088,221
,,,,,,,,,1016,9,24,8,2023-09-24T06:00:00+08:00,624,685,330,1092,223
,,,,,,,,,1017,9,24,9,2023-09-24T07:00:00+08:00,608,668,322,1065,218
,,,,,,,,,1018,9,24,10,2023-09-24T08:00:00+08:00,584,641,309,1022,208
,,,,,,,,,1019,9,24,11,2023-09-24T09:00:00+08:00,606,666,321,1062,217
,,,,,,,,,1020,9,24,12,2023-09-24T10:00:00+08:00,636,698,336,1112,227
,,,,,,,,,1021,9,24,13,2023-09-24T11:00:00+08:00,643,706,340,1126,230
,,,,,,,,,1022,9,24,14,2023-09-24T12:00:00+08:00,642,704,339,1124,228
,,,,,,,,,1023,9,24,15,2023-09-24T13:00:00+08:00,645,708,341,1129,231
,,,,,,,,,1024,9,24,16,2023-09-24T14:00:00+08:00,666,732,352,1166,238
,,,,,,,,,1025,9,24,17,2023-09-24T15:00:00+08:00,677,743,358,1186,242
,,,,,,,,,1026,9,24,18,2023-09-24T16:00:00+08:00,679,746,359,1189,243
,,,,,,,,,1027,9,24,19,2023-09-24T17:00:00+08:00,673,738,356,1177,240
,,,,,,,,,1028,9,24,20,2023-09-24T18:00:00+08:00,673,738,356,1177,240
,,,,,,,,,1029,9,24,21,2023-09-24T19:00:00+08:00,710,781,376,1244,253
,,,,,,,,,1030,9,24,22,2023-09-24T20:00:00+08:00,769,845,408,1348,275
,,,,,,,,,1031,9,24,23,2023-09-24T21:00:00+08:00,768,844,407,1345,275
,,,,,,,,,1032,9,24,24,2023-09-24T22:00:00+08:00,760,835,403,1331,271
,,,,,,,,,1033,9,25,1,2023-09-24T23:00:00+08:00,738,811,391,1294,264
,,,,,,,,,1034,9,25,2,2023-09-25T00:00:00+08:00,700,770,371,1227,250
,,,,,,,,,1035,9,25,3,2023-09-25T01:00:00+08:00,671,736,355,1174,239
,,,,,,,,,1036,9,25,4,2023-09-25T02:00:00+08:00,644,707,341,1128,230
,,,,,,,,,1037,9,25,5,2023-09-25T03:00:00+08:00,626,687,331,1095,224
,,,,,,,,,1038,9,25,6,2023-09-25T04:00:00+08:00,609,669,322,1067,218
,,,,,,,,,1039,9,25,7,2023-09-25T05:00:00+08:00,606,665,320,1061,217
,,,,,,,,,1040,9,25,8,2023-09-25T06:00:00+08:00,626,687,332,1097,224
,,,,,,,,,1041,9,25,9,2023-09-25T07:00:00+08:00,637,699,337,1114,227
,,,,,,,,,1042,9,25,10,2023-09-25T08:00:00+08:00,674,740,356,1179,240
,,,,,,,,,1043,9,25,11,2023-09-25T09:00:00+08:00,763,838,404,1336,273
,,,,,,,,,1044,9,25,12,2023-09-25T10:00:00+08:00,801,880,424,1404,286
,,,,,,,,,1045,9,25,13,2023-09-25T11:00:00+08:00,827,908,438,1448,295
,,,,,,,,,1046,9,25,14,2023-09-25T12:00:00+08:00,810,890,429,1418,289
,,,,,,,,,1047,9,25,15,2023-09-25T13:00:00+08:00,790,868,419,1383,282
,,,,,,,,,1048,9,25,16,2023-09-25T14:00:00+08:00,819,900,433,1434,293
,,,,,,,,,1049,9,25,17,2023-09-25T15:00:00+08:00,841,924,446,1474,301
,,,,,,,,,1050,9,25,18,2023-09-25T16:00:00+08:00,848,930,448,1485,302
,,,,,,,,,1051,9,25,19,2023-09-25T17:00:00+08:00,839,922,444,1469,300
,,,,,,,,,1052,9,25,20,2023-09-25T18:00:00+08:00,796,874,422,1394,284
,,,,,,,,,1053,9,25,21,2023-09-25T19:00:00+08:00,808,888,428,1416,289
,,,,,,,,,1054,9,25,22,2023-09-25T20:00:00+08:00,847,930,448,1483,302
,,,,,,,,,1055,9,25,23,2023-09-25T21:00:00+08:00,835,918,442,1463,299
,,,,,,,,,1056,9,25,24,2023-09-25T22:00:00+08:00,812,891,430,1421,290
,,,,,,,,,1057,9,26,1,2023-09-25T23:00:00+08:00,788,867,418,1381,282
,,,,,,,,,1058,9,26,2,2023-09-26T00:00:00+08:00,751,825,397,1315,268
,,,,,,,,,1059,9,26,3,2023-09-26T01:00:00+08:00,712,783,377,1247,255
,,,,,,,,,1060,9,26,4,2023-09-26T02:00:00+08:00,689,756,365,1206,245
,,,,,,,,,1061,9,26,5,2023-09-26T03:00:00+08:00,668,734,354,1170,238
,,,,,,,,,1062,9,26,6,2023-09-26T04:00:00+08:00,650,715,345,1139,232
,,,,,,,,,1063,9,26,7,2023-09-26T05:00:00+08:00,642,705,340,1124,230
,,,,,,,,,1064,9,26,8,2023-09-26T06:00:00+08:00,660,725,350,1156,236
,,,,,,,,,1065,9,26,9,2023-09-26T07:00:00+08:00,665,731,352,1164,237
,,,,,,,,,1066,9,26,10,2023-09-26T08:00:00+08:00,689,756,365,1207,246
,,,,,,,,,1067,9,26,11,2023-09-26T09:00:00+08:00,764,839,405,1337,273
,,,,,,,,,1068,9,26,12,2023-09-26T10:00:00+08:00,803,881,425,1406,287
,,,,,,,,,1069,9,26,13,2023-09-26T11:00:00+08:00,827,908,438,1448,295
,,,,,,,,,1070,9,26,14,2023-09-26T12:00:00+08:00,821,902,434,1439,293
,,,,,,,,,1071,9,26,15,2023-09-26T13:00:00+08:00,806,886,427,1412,288
,,,,,,,,,1072,9,26,16,2023-09-26T14:00:00+08:00,833,914,441,1458,298
,,,,,,,,,1073,9,26,17,2023-09-26T15:00:00+08:00,848,931,449,1485,302
,,,,,,,,,1074,9,26,18,2023-09-26T16:00:00+08:00,860,945,456,1507,307
,,,,,,,,,1075,9,26,19,2023-09-26T17:00:00+08:00,842,925,446,1475,301
,,,,,,,,,1076,9,26,20,2023-09-26T18:00:00+08:00,804,884,426,1409,287
,,,,,,,,,1077,9,26,21,2023-09-26T19:00:00+08:00,815,895,431,1427,292
,,,,,,,,,1078,9,26,22,2023-09-26T20:00:00+08:00,858,943,455,1503,307
,,,,,,,,,1079,9,26,23,2023-09-26T21:00:00+08:00,849,932,449,1486,303
,,,,,,,,,1080,9,26,24,2023-09-26T22:00:00+08:00,829,910,439,1452,296
,,,,,,,,,1081,9,27,1,2023-09-26T23:00:00+08:00,804,884,426,1409,287
,,,,,,,,,1082,9,27,2,2023-09-27T00:00:00+08:00,761,836,403,1333,271
,,,,,,,,,1083,9,27,3,2023-09-27T01:00:00+08:00,721,793,383,1264,258
,,,,,,,,,1084,9,27,4,2023-09-27T02:00:00+08:00,698,767,369,1222,249
,,,,,,,,,1085,9,27,5,2023-09-27T03:00:00+08:00,672,737,355,1175,239
,,,,,,,,,1086,9,27,6,2023-09-27T04:00:00+08:00,654,718,346,1145,233
,,,,,,,,,1087,9,27,7,2023-09-27T05:00:00+08:00,644,707,341,1128,230
,,,,,,,,,1088,9,27,8,2023-09-27T06:00:00+08:00,660,725,350,1155,236
,,,,,,,,,1089,9,27,9,2023-09-27T07:00:00+08:00,659,723,349,1154,236
,,,,,,,,,1090,9,27,10,2023-09-27T08:00:00+08:00,685,753,363,1200,245
,,,,,,,,,1091,9,27,11,2023-09-27T09:00:00+08:00,754,828,400,1321,269
,,,,,,,,,1092,9,27,12,2023-09-27T10:00:00+08:00,792,870,419,1386,282
,,,,,,,,,1093,9,27,13,2023-09-27T11:00:00+08:00,814,893,430,1425,290
,,,,,,,,,1094,9,27,14,2023-09-27T12:00:00+08:00,812,891,430,1421,290
,,,,,,,,,1095,9,27,15,2023-09-27T13:00:00+08:00,801,879,424,1403,286
,,,,,,,,,1096,9,27,16,2023-09-27T14:00:00+08:00,839,922,444,1470,300
,,,,,,,,,1097,9,27,17,2023-09-27T15:00:00+08:00,871,957,461,1526,311
,,,,,,,,,1098,9,27,18,2023-09-27T16:00:00+08:00,887,975,469,1554,317
,,,,,,,,,1099,9,27,19,2023-09-27T17:00:00+08:00,874,960,463,1530,312
,,,,,,,,,1100,9,27,20,2023-09-27T18:00:00+08:00,822,903,435,1439,294
,,,,,,,,,1101,9,27,21,2023-09-27T19:00:00+08:00,829,910,439,1452,296
,,,,,,,,,1102,9,27,22,2023-09-27T20:00:00+08:00,866,952,459,1516,309
,,,,,,,,,1103,9,27,23,2023-09-27T21:00:00+08:00,852,936,451,1491,305
,,,,,,,,,1104,9,27,24,2023-09-27T22:00:00+08:00,831,913,440,1455,296
,,,,,,,,,1105,9,28,1,2023-09-27T23:00:00+08:00,815,894,431,1427,290
,,,,,,,,,1106,9,28,2,2023-09-28T00:00:00+08:00,780,857,413,1366,278
,,,,,,,,,1107,9,28,3,2023-09-28T01:00:00+08:00,747,820,395,1308,267
,,,,,,,,,1108,9,28,4,2023-09-28T02:00:00+08:00,718,789,381,1258,257
,,,,,,,,,1109,9,28,5,2023-09-28T03:00:00+08:00,691,758,366,1209,246
,,,,,,,,,1110,9,28,6,2023-09-28T04:00:00+08:00,669,735,354,1172,239
,,,,,,,,,1111,9,28,7,2023-09-28T05:00:00+08:00,655,719,347,1146,233
,,,,,,,,,1112,9,28,8,2023-09-28T06:00:00+08:00,654,718,346,1145,233
,,,,,,,,,1113,9,28,9,2023-09-28T07:00:00+08:00,639,701,338,1118,228
,,,,,,,,,1114,9,28,10,2023-09-28T08:00:00+08:00,622,683,330,1090,223
,,,,,,,,,1115,9,28,11,2023-09-28T09:00:00+08:00,661,725,350,1158,236
,,,,,,,,,1116,9,28,12,2023-09-28T10:00:00+08:00,695,763,368,1216,248
,,,,,,,,,1117,9,28,13,2023-09-28T11:00:00+08:00,715,786,378,1252,256
,,,,,,,,,1118,9,28,14,2023-09-28T12:00:00+08:00,713,784,377,1249,255
,,,,,,,,,1119,9,28,15,2023-09-28T13:00:00+08:00,716,787,379,1254,256
,,,,,,,,,1120,9,28,16,2023-09-28T14:00:00+08:00,751,825,397,1316,268
,,,,,,,,,1121,9,28,17,2023-09-28T15:00:00+08:00,773,850,409,1355,276
,,,,,,,,,1122,9,28,18,2023-09-28T16:00:00+08:00,795,873,421,1391,283
,,,,,,,,,1123,9,28,19,2023-09-28T17:00:00+08:00,795,873,421,1391,283
,,,,,,,,,1124,9,28,20,2023-09-28T18:00:00+08:00,775,851,410,1356,276
,,,,,,,,,1125,9,28,21,2023-09-28T19:00:00+08:00,796,874,421,1393,284
,,,,,,,,,1126,9,28,22,2023-09-28T20:00:00+08:00,852,936,451,1492,305
,,,,,,,,,1127,9,28,23,2023-09-28T21:00:00+08:00,845,927,447,1478,301
,,,,,,,,,1128,9,28,24,2023-09-28T22:00:00+08:00,831,912,440,1454,296
,,,,,,,,,1129,9,29,1,2023-09-28T23:00:00+08:00,827,908,438,1448,295
,,,,,,,,,1130,9,29,2,2023-09-29T00:00:00+08:00,795,872,421,1391,283
,,,,,,,,,1131,9,29,3,2023-09-29T01:00:00+08:00,752,826,398,1318,269
,,,,,,,,,1132,9,29,4,2023-09-29T02:00:00+08:00,720,791,382,1261,257
,,,,,,,,,1133,9,29,5,2023-09-29T03:00:00+08:00,694,761,367,1214,248
,,,,,,,,,1134,9,29,6,2023-09-29T04:00:00+08:00,675,741,357,1182,240
,,,,,,,,,1135,9,29,7,2023-09-29T05:00:00+08:00,661,725,350,1158,236
,,,,,,,,,1136,9,29,8,2023-09-29T06:00:00+08:00,665,731,352,1164,237
,,,,,,,,,1137,9,29,9,2023-09-29T07:00:00+08:00,660,725,350,1156,236
,,,,,,,,,1138,9,29,10,2023-09-29T08:00:00+08:00,681,749,360,1194,243
,,,,,,,,,1139,9,29,11,2023-09-29T09:00:00+08:00,756,832,401,1325,270
,,,,,,,,,1140,9,29,12,2023-09-29T10:00:00+08:00,789,868,419,1383,282
,,,,,,,,,1141,9,29,13,2023-09-29T11:00:00+08:00,816,896,432,1429,292
,,,,,,,,,1142,9,29,14,2023-09-29T12:00:00+08:00,815,895,431,1427,292
,,,,,,,,,1143,9,29,15,2023-09-29T13:00:00+08:00,804,883,426,1408,287
,,,,,,,,,1144,9,29,16,2023-09-29T14:00:00+08:00,832,913,441,1457,298
,,,,,,,,,1145,9,29,17,2023-09-29T15:00:00+08:00,877,964,465,1537,313
,,,,,,,,,1146,9,29,18,2023-09-29T16:00:00+08:00,889,976,470,1557,318
,,,,,,,,,1147,9,29,19,2023-09-29T17:00:00+08:00,871,957,462,1526,311
,,,,,,,,,1148,9,29,20,2023-09-29T18:00:00+08:00,821,902,434,1438,293
,,,,,,,,,1149,9,29,21,2023-09-29T19:00:00+08:00,827,908,438,1449,295
,,,,,,,,,1150,9,29,22,2023-09-29T20:00:00+08:00,851,933,450,1489,303
,,,,,,,,,1151,9,29,23,2023-09-29T21:00:00+08:00,836,918,443,1464,299
,,,,,,,,,1152,9,29,24,2023-09-29T22:00:00+08:00,817,897,432,1431,292
,,,,,,,,,1153,9,30,1,2023-09-29T23:00:00+08:00,807,887,427,1414,288
,,,,,,,,,1154,9,30,2,2023-09-30T00:00:00+08:00,780,856,412,1366,278
,,,,,,,,,1155,9,30,3,2023-09-30T01:00:00+08:00,751,825,397,1316,268
,,,,,,,,,1156,9,30,4,2023-09-30T02:00:00+08:00,720,791,382,1261,257
,,,,,,,,,1157,9,30,5,2023-09-30T03:00:00+08:00,696,765,369,1219,249
,,,,,,,,,1158,9,30,6,2023-09-30T04:00:00+08:00,677,743,358,1186,242
,,,,,,,,,1159,9,30,7,2023-09-30T05:00:00+08:00,664,729,351,1162,237
,,,,,,,,,1160,9,30,8,2023-09-30T06:00:00+08:00,657,722,348,1151,234
,,,,,,,,,1161,9,30,9,2023-09-30T07:00:00+08:00,644,707,341,1128,230
,,,,,,,,,1162,9,30,10,2023-09-30T08:00:00+08:00,628,690,333,1101,225
,,,,,,,,,1163,9,30,11,2023-09-30T09:00:00+08:00,672,737,355,1175,239
,,,,,,,,,1164,9,30,12,2023-09-30T10:00:00+08:00,701,770,371,1228,250
,,,,,,,,,1165,9,30,13,2023-09-30T11:00:00+08:00,719,790,381,1259,257
,,,,,,,,,1166,9,30,14,2023-09-30T12:00:00+08:00,718,788,381,1257,256
,,,,,,,,,1167,9,30,15,2023-09-30T13:00:00+08:00,705,774,373,1234,251
,,,,,,,,,1168,9,30,16,2023-09-30T14:00:00+08:00,728,799,385,1274,259
,,,,,,,,,1169,9,30,17,2023-09-30T15:00:00+08:00,752,826,398,1318,269
,,,,,,,,,1170,9,30,18,2023-09-30T16:00:00+08:00,767,842,406,1344,274
,,,,,,,,,1171,9,30,19,2023-09-30T17:00:00+08:00,756,830,401,1325,270
,,,,,,,,,1172,9,30,20,2023-09-30T18:00:00+08:00,742,815,392,1299,265
,,,,,,,,,1173,9,30,21,2023-09-30T19:00:00+08:00,761,836,403,1332,271
,,,,,,,,,1174,9,30,22,2023-09-30T20:00:00+08:00,806,886,427,1412,288
,,,,,,,,,1175,9,30,23,2023-09-30T21:00:00+08:00,801,880,424,1403,286
,,,,,,,,,1176,9,30,24,2023-09-30T22:00:00+08:00,781,857,413,1367,278
,,,,,,,,,1177,1,29,1,2023-01-28T23:00:00+08:00,674,740,356,1179,240
,,,,,,,,,1178,1,29,2,2023-01-29T00:00:00+08:00,647,710,342,1134,231
,,,,,,,,,1179,1,29,3,2023-01-29T01:00:00+08:00,622,683,329,1089,223
,,,,,,,,,1180,1,29,4,2023-01-29T02:00:00+08:00,597,655,316,1045,213
,,,,,,,,,1181,1,29,5,2023-01-29T03:00:00+08:00,582,639,309,1020,208
,,,,,,,,,1182,1,29,6,2023-01-29T04:00:00+08:00,568,623,300,993,202
,,,,,,,,,1183,1,29,7,2023-01-29T05:00:00+08:00,559,614,296,979,200
,,,,,,,,,1184,1,29,8,2023-01-29T06:00:00+08:00,562,618,298,984,201
,,,,,,,,,1185,1,29,9,2023-01-29T07:00:00+08:00,561,617,297,983,201
,,,,,,,,,1186,1,29,10,2023-01-29T08:00:00+08:00,543,597,288,952,194
,,,,,,,,,1187,1,29,11,2023-01-29T09:00:00+08:00,562,618,298,985,201
,,,,,,,,,1188,1,29,12,2023-01-29T10:00:00+08:00,585,643,310,1024,208
,,,,,,,,,1189,1,29,13,2023-01-29T11:00:00+08:00,599,658,317,1050,214
,,,,,,,,,1190,1,29,14,2023-01-29T12:00:00+08:00,596,654,315,1043,213
,,,,,,,,,1191,1,29,15,2023-01-29T13:00:00+08:00,596,654,316,1044,213
,,,,,,,,,1192,1,29,16,2023-01-29T14:00:00+08:00,612,672,323,1071,219
,,,,,,,,,1193,1,29,17,2023-01-29T15:00:00+08:00,621,682,329,1087,221
,,,,,,,,,1194,1,29,18,2023-01-29T16:00:00+08:00,621,682,329,1087,221
,,,,,,,,,1195,1,29,19,2023-01-29T17:00:00+08:00,619,680,328,1083,221
,,,,,,,,,1196,1,29,20,2023-01-29T18:00:00+08:00,622,683,330,1089,223
,,,,,,,,,1197,1,29,21,2023-01-29T19:00:00+08:00,645,708,341,1129,230
,,,,,,,,,1198,1,29,22,2023-01-29T20:00:00+08:00,706,775,373,1236,252
,,,,,,,,,1199,1,29,23,2023-01-29T21:00:00+08:00,703,772,372,1232,251
,,,,,,,,,1200,1,29,24,2023-01-29T22:00:00+08:00,681,749,360,1194,244
,,,,,,,,,1201,1,30,1,2023-01-29T23:00:00+08:00,667,733,353,1170,238
,,,,,,,,,1202,1,30,2,2023-01-30T00:00:00+08:00,631,693,334,1106,226
,,,,,,,,,1203,1,30,3,2023-01-30T01:00:00+08:00,611,671,323,1070,218
,,,,,,,,,1204,1,30,4,2023-01-30T02:00:00+08:00,597,656,316,1045,213
,,,,,,,,,1205,1,30,5,2023-01-30T03:00:00+08:00,580,637,308,1017,207
,,,,,,,,,1206,1,30,6,2023-01-30T04:00:00+08:00,564,620,299,989,201
,,,,,,,,,1207,1,30,7,2023-01-30T05:00:00+08:00,562,618,298,985,201
,,,,,,,,,1208,1,30,8,2023-01-30T06:00:00+08:00,579,636,307,1015,207
,,,,,,,,,1209,1,30,9,2023-01-30T07:00:00+08:00,602,661,318,1053,214
,,,,,,,,,1210,1,30,10,2023-01-30T08:00:00+08:00,631,693,334,1105,225
,,,,,,,,,1211,1,30,11,2023-01-30T09:00:00+08:00,709,778,375,1240,253
,,,,,,,,,1212,1,30,12,2023-01-30T10:00:00+08:00,744,817,394,1303,265
,,,,,,,,,1213,1,30,13,2023-01-30T11:00:00+08:00,764,839,405,1337,273
,,,,,,,,,1214,1,30,14,2023-01-30T12:00:00+08:00,760,835,403,1331,271
,,,,,,,,,1215,1,30,15,2023-01-30T13:00:00+08:00,745,819,394,1305,267
,,,,,,,,,1216,1,30,16,2023-01-30T14:00:00+08:00,769,845,407,1347,275
,,,,,,,,,1217,1,30,17,2023-01-30T15:00:00+08:00,780,856,412,1366,278
,,,,,,,,,1218,1,30,18,2023-01-30T16:00:00+08:00,780,856,412,1365,278
,,,,,,,,,1219,1,30,19,2023-01-30T17:00:00+08:00,766,841,406,1342,274
,,,,,,,,,1220,1,30,20,2023-01-30T18:00:00+08:00,727,798,385,1272,259
,,,,,,,,,1221,1,30,21,2023-01-30T19:00:00+08:00,728,800,386,1275,259
,,,,,,,,,1222,1,30,22,2023-01-30T20:00:00+08:00,770,846,408,1349,275
,,,,,,,,,1223,1,30,23,2023-01-30T21:00:00+08:00,759,834,402,1329,271
,,,,,,,,,1224,1,30,24,2023-01-30T22:00:00+08:00,736,809,390,1289,263
,,,,,,,,,1225,1,31,1,2023-01-30T23:00:00+08:00,714,784,378,1250,255
,,,,,,,,,1226,1,31,2,2023-01-31T00:00:00+08:00,675,741,357,1183,242
,,,,,,,,,1227,1,31,3,2023-01-31T01:00:00+08:00,646,709,342,1131,231
,,,,,,,,,1228,1,31,4,2023-01-31T02:00:00+08:00,624,686,331,1093,223
,,,,,,,,,1229,1,31,5,2023-01-31T03:00:00+08:00,605,664,320,1059,215
,,,,,,,,,1230,1,31,6,2023-01-31T04:00:00+08:00,596,655,316,1044,213
,,,,,,,,,1231,1,31,7,2023-01-31T05:00:00+08:00,590,648,312,1032,211
,,,,,,,,,1232,1,31,8,2023-01-31T06:00:00+08:00,613,673,324,1074,219
,,,,,,,,,1233,1,31,9,2023-01-31T07:00:00+08:00,628,689,332,1100,224
,,,,,,,,,1234,1,31,10,2023-01-31T08:00:00+08:00,644,707,341,1128,230
,,,,,,,,,1235,1,31,11,2023-01-31T09:00:00+08:00,714,784,377,1250,255
,,,,,,,,,1236,1,31,12,2023-01-31T10:00:00+08:00,746,819,394,1306,267
,,,,,,,,,1237,1,31,13,2023-01-31T11:00:00+08:00,765,840,405,1339,273
,,,,,,,,,1238,1,31,14,2023-01-31T12:00:00+08:00,761,835,403,1332,271
,,,,,,,,,1239,1,31,15,2023-01-31T13:00:00+08:00,745,818,394,1304,265
,,,,,,,,,1240,1,31,16,2023-01-31T14:00:00+08:00,778,854,411,1361,277
,,,,,,,,,1241,1,31,17,2023-01-31T15:00:00+08:00,792,870,420,1386,283
,,,,,,,,,1242,1,31,18,2023-01-31T16:00:00+08:00,796,874,422,1394,284
,,,,,,,,,1243,1,31,19,2023-01-31T17:00:00+08:00,781,858,413,1368,278
,,,,,,,,,1244,1,31,20,2023-01-31T18:00:00+08:00,738,811,391,1293,264
,,,,,,,,,1245,1,31,21,2023-01-31T19:00:00+08:00,746,819,395,1306,267
,,,,,,,,,1246,1,31,22,2023-01-31T20:00:00+08:00,781,858,413,1368,278
,,,,,,,,,1247,1,31,23,2023-01-31T21:00:00+08:00,768,844,407,1346,275
,,,,,,,,,1248,1,31,24,2023-01-31T22:00:00+08:00,737,810,391,1292,263
,,,,,,,,,1249,2,1,1,2023-01-31T23:00:00+08:00,719,790,381,1260,257
,,,,,,,,,1250,2,1,2,2023-02-01T00:30:00+08:00,664,730,352,1163,237
,,,,,,,,,1251,2,1,3,2023-02-01T01:30:00+08:00,645,708,341,1129,230
,,,,,,,,,1252,2,1,4,2023-02-01T02:30:00+08:00,623,684,330,1091,223
,,,,,,,,,1253,2,1,5,2023-02-01T03:30:00+08:00,603,662,319,1055,215
,,,,,,,,,1254,2,1,6,2023-02-01T04:30:00+08:00,596,654,316,1044,213
,,,,,,,,,1255,2,1,7,2023-02-01T05:30:00+08:00,598,657,317,1047,213
,,,,,,,,,1256,2,1,8,2023-02-01T06:30:00+08:00,629,690,333,1101,225
,,,,,,,,,1257,2,1,9,2023-02-01T07:30:00+08:00,624,685,331,1093,223
,,,,,,,,,1258,2,1,10,2023-02-01T08:30:00+08:00,669,735,354,1172,239
,,,,,,,,,1259,2,1,11,2023-02-01T09:30:00+08:00,715,785,378,1252,256
,,,,,,,,,1260,2,1,12,2023-02-01T10:30:00+08:00,740,812,392,1296,264
,,,,,,,,,1261,2,1,13,2023-02-01T11:30:00+08:00,753,827,398,1320,269
,,,,,,,,,1262,2,1,14,2023-02-01T12:30:00+08:00,731,803,387,1280,261
,,,,,,,,,1263,2,1,15,2023-02-01T13:30:00+08:00,748,821,395,1309,267
,,,,,,,,,1264,2,1,16,2023-02-01T14:30:00+08:00,788,866,418,1380,281
,,,,,,,,,1265,2,1,17,2023-02-01T15:30:00+08:00,794,872,420,1390,283
,,,,,,,,,1266,2,1,18,2023-02-01T16:30:00+08:00,798,876,423,1397,284
,,,,,,,,,1267,2,1,19,2023-02-01T17:30:00+08:00,766,841,406,1342,274
,,,,,,,,,1268,2,1,20,2023-02-01T18:30:00+08:00,740,811,391,1294,264
,,,,,,,,,1269,2,1,21,2023-02-01T19:30:00+08:00,775,851,410,1356,276
,,,,,,,,,1270,2,1,22,2023-02-01T20:30:00+08:00,780,856,413,1366,278
,,,,,,,,,1271,2,1,23,2023-02-01T21:30:00+08:00,768,843,407,1345,274
,,,,,,,,,1272,2,1,24,2023-02-01T22:30:00+08:00,744,817,393,1303,265
,,,,,,,,,1273,2,2,1,2023-02-01T23:30:00+08:00,715,786,378,1252,256
,,,,,,,,,1274,2,2,2,2023-02-02T00:30:00+08:00,677,743,358,1185,242
,,,,,,,,,1275,2,2,3,2023-02-02T01:30:00+08:00,649,713,344,1137,232
,,,,,,,,,1276,2,2,4,2023-02-02T02:30:00+08:00,629,691,333,1102,225
,,,,,,,,,1277,2,2,5,2023-02-02T03:30:00+08:00,612,672,323,1071,219
,,,,,,,,,1278,2,2,6,2023-02-02T04:30:00+08:00,602,661,318,1053,214
,,,,,,,,,1279,2,2,7,2023-02-02T05:30:00+08:00,609,669,322,1067,218
,,,,,,,,,1280,2,2,8,2023-02-02T06:30:00+08:00,636,698,336,1112,227
,,,,,,,,,1281,2,2,9,2023-02-02T07:30:00+08:00,638,700,337,1116,227
,,,,,,,,,1282,2,2,10,2023-02-02T08:30:00+08:00,700,769,371,1225,250
,,,,,,,,,1283,2,2,11,2023-02-02T09:30:00+08:00,749,822,396,1311,268
,,,,,,,,,1284,2,2,12,2023-02-02T10:30:00+08:00,775,851,410,1357,276
,,,,,,,,,1285,2,2,13,2023-02-02T11:30:00+08:00,783,860,414,1371,280
,,,,,,,,,1286,2,2,14,2023-02-02T12:30:00+08:00,760,834,402,1330,271
,,,,,,,,,1287,2,2,15,2023-02-02T13:30:00+08:00,776,852,411,1358,277
,,,,,,,,,1288,2,2,16,2023-02-02T14:30:00+08:00,810,889,429,1418,289
,,,,,,,,,1289,2,2,17,2023-02-02T15:30:00+08:00,815,894,431,1426,290
,,,,,,,,,1290,2,2,18,2023-02-02T16:30:00+08:00,815,894,431,1427,290
,,,,,,,,,1291,2,2,19,2023-02-02T17:30:00+08:00,779,855,412,1364,278
,,,,,,,,,1292,2,2,20,2023-02-02T18:30:00+08:00,744,818,394,1303,265
,,,,,,,,,1293,2,2,21,2023-02-02T19:30:00+08:00,782,859,414,1370,280
,,,,,,,,,1294,2,2,22,2023-02-02T20:30:00+08:00,779,855,412,1364,278
,,,,,,,,,1295,2,2,23,2023-02-02T21:30:00+08:00,764,839,405,1337,273
,,,,,,,,,1296,2,2,24,2023-02-02T22:30:00+08:00,743,816,393,1300,265
,,,,,,,,,1297,2,3,1,2023-02-02T23:30:00+08:00,715,786,378,1252,256
,,,,,,,,,1298,2,3,2,2023-02-03T00:30:00+08:00,677,743,358,1186,242
,,,,,,,,,1299,2,3,3,2023-02-03T01:30:00+08:00,658,722,349,1152,234
,,,,,,,,,1300,2,3,4,2023-02-03T02:30:00+08:00,636,698,336,1113,227
,,,,,,,,,1301,2,3,5,2023-02-03T03:30:00+08:00,615,675,326,1077,219
,,,,,,,,,1302,2,3,6,2023-02-03T04:30:00+08:00,610,670,322,1068,218
,,,,,,,,,1303,2,3,7,2023-02-03T05:30:00+08:00,610,670,323,1068,218
,,,,,,,,,1304,2,3,8,2023-02-03T06:30:00+08:00,633,696,335,1110,226
,,,,,,,,,1305,2,3,9,2023-02-03T07:30:00+08:00,639,702,338,1119,228
,,,,,,,,,1306,2,3,10,2023-02-03T08:30:00+08:00,693,761,367,1213,248
,,,,,,,,,1307,2,3,11,2023-02-03T09:30:00+08:00,737,809,390,1291,263
,,,,,,,,,1308,2,3,12,2023-02-03T10:30:00+08:00,773,850,409,1355,276
,,,,,,,,,1309,2,3,13,2023-02-03T11:30:00+08:00,783,860,414,1371,280
,,,,,,,,,1310,2,3,14,2023-02-03T12:30:00+08:00,760,834,402,1330,271
,,,,,,,,,1311,2,3,15,2023-02-03T13:30:00+08:00,746,819,394,1306,267
,,,,,,,,,1312,2,3,16,2023-02-03T14:30:00+08:00,770,846,408,1349,275
,,,,,,,,,1313,2,3,17,2023-02-03T15:30:00+08:00,778,854,412,1363,277
,,,,,,,,,1314,2,3,18,2023-02-03T16:30:00+08:00,779,856,412,1365,278
,,,,,,,,,1315,2,3,19,2023-02-03T17:30:00+08:00,751,824,397,1315,268
,,,,,,,,,1316,2,3,20,2023-02-03T18:30:00+08:00,729,801,386,1276,261
,,,,,,,,,1317,2,3,21,2023-02-03T19:30:00+08:00,766,841,406,1342,274
,,,,,,,,,1318,2,3,22,2023-02-03T20:30:00+08:00,763,838,404,1335,273
,,,,,,,,,1319,2,3,23,2023-02-03T21:30:00+08:00,742,815,393,1299,265
,,,,,,,,,1320,2,3,24,2023-02-03T22:30:00+08:00,714,785,378,1250,255
,,,,,,,,,1321,2,4,1,2023-02-03T23:30:00+08:00,693,761,367,1213,248
,,,,,,,,,1322,2,4,2,2023-02-04T00:30:00+08:00,663,729,351,1162,237
,,,,,,,,,1323,2,4,3,2023-02-04T01:30:00+08:00,637,699,337,1115,227
,,,,,,,,,1324,2,4,4,2023-02-04T02:30:00+08:00,616,678,327,1080,220
,,,,,,,,,1325,2,4,5,2023-02-04T03:30:00+08:00,599,658,317,1050,214
,,,,,,,,,1326,2,4,6,2023-02-04T04:30:00+08:00,591,649,313,1034,211
,,,,,,,,,1327,2,4,7,2023-02-04T05:30:00+08:00,588,646,311,1029,209
,,,,,,,,,1328,2,4,8,2023-02-04T06:30:00+08:00,595,654,315,1043,213
,,,,,,,,,1329,2,4,9,2023-02-04T07:30:00+08:00,596,655,316,1044,213
,,,,,,,,,1330,2,4,10,2023-02-04T08:30:00+08:00,623,684,330,1091,223
,,,,,,,,,1331,2,4,11,2023-02-04T09:30:00+08:00,657,721,348,1150,234
,,,,,,,,,1332,2,4,12,2023-02-04T10:30:00+08:00,686,754,364,1202,245
,,,,,,,,,1333,2,4,13,2023-02-04T11:30:00+08:00,698,767,370,1222,249
,,,,,,,,,1334,2,4,14,2023-02-04T12:30:00+08:00,679,746,359,1189,243
,,,,,,,,,1335,2,4,15,2023-02-04T13:30:00+08:00,683,750,361,1196,244
,,,,,,,,,1336,2,4,16,2023-02-04T14:30:00+08:00,700,769,371,1226,250
,,,,,,,,,1337,2,4,17,2023-02-04T15:30:00+08:00,701,771,372,1230,251
,,,,,,,,,1338,2,4,18,2023-02-04T16:30:00+08:00,699,768,370,1225,250
,,,,,,,,,1339,2,4,19,2023-02-04T17:30:00+08:00,696,765,369,1219,249
,,,,,,,,,1340,2,4,20,2023-02-04T18:30:00+08:00,694,763,368,1215,248
,,,,,,,,,1341,2,4,21,2023-02-04T19:30:00+08:00,736,808,390,1289,263
,,,,,,,,,1342,2,4,22,2023-02-04T20:30:00+08:00,747,820,395,1307,267
,,,,,,,,,1343,2,4,23,2023-02-04T21:30:00+08:00,730,802,387,1279,261
,,,,,,,,,1344,2,4,24,2023-02-04T22:30:00+08:00,707,776,374,1238,252